k,gamma,resident_theta,resident_phi,mutant_theta,mutant_phi,DeltaPi_epsilon_reference,leading_nonzero_order,leading_coefficient,rare_mutant_classification
2,1.5707963267948966,0.0,1.5707963267948966,0.0,0.0,-1.9599999999999995,0,-2.0,rare_mutant_rejected
2,1.5707963267948966,0.0,1.5707963267948966,0.0,0.07853981633974483,-1.9484240086202835,0,-1.9876883405951378,rare_mutant_rejected
2,1.5707963267948966,0.0,1.5707963267948966,0.0,0.15707963267948966,-1.9139452160255008,0,-1.9510565162951536,rare_mutant_rejected
2,1.5707963267948966,0.0,1.5707963267948966,0.0,0.23561944901923448,-1.8573085411816759,0,-1.891006524188368,rare_mutant_rejected
2,1.5707963267948966,0.0,1.5707963267948966,0.0,0.3141592653589793,-1.779746484543699,0,-1.8090169943749477,rare_mutant_rejected
2,1.5707963267948966,0.0,1.5707963267948966,0.0,0.39269908169872414,-1.6829646455628169,0,-1.707106781186548,rare_mutant_rejected
2,1.5707963267948966,0.0,1.5707963267948966,0.0,0.47123889803846897,-1.5691197171903737,0,-1.5877852522924738,rare_mutant_rejected
2,1.5707963267948966,0.0,1.5707963267948966,0.0,0.5497787143782138,-1.440788542267681,0,-1.4539904997395474,rare_mutant_rejected
2,1.5707963267948966,0.0,1.5707963267948966,0.0,0.6283185307179586,-1.3009268244311976,0,-1.3090169943749475,rare_mutant_rejected
2,1.5707963267948966,0.0,1.5707963267948966,0.0,0.7068583470577035,-1.1528163409023784,0,-1.1564344650402316,rare_mutant_rejected
2,1.5707963267948966,0.0,1.5707963267948966,0.0,0.7853981633974483,-1.0000000000000002,0,-1.0000000000000004,rare_mutant_rejected
2,1.5707963267948966,0.0,1.5707963267948966,0.0,0.8639379797371931,-0.8462047894235254,0,-0.8435655349597697,rare_mutant_rejected
2,1.5707963267948966,0.0,1.5707963267948966,0.0,0.9424777960769379,-0.6952535154563009,0,-0.6909830056250525,rare_mutant_rejected
2,1.5707963267948966,0.0,1.5707963267948966,0.0,1.0210176124166828,-0.5509671627781687,0,-0.5460095002604533,rare_mutant_rejected
2,1.5707963267948966,0.0,1.5707963267948966,0.0,1.0995574287564276,-0.41706062269712607,0,-0.41221474770752753,rare_mutant_rejected
2,1.5707963267948966,0.0,1.5707963267948966,0.0,1.1780972450961724,-0.2970353544371829,0,-0.29289321881345254,rare_mutant_rejected
2,1.5707963267948966,0.0,1.5707963267948966,0.0,1.2566370614359172,-0.19407317556880122,0,-0.1909830056250521,rare_mutant_rejected
2,1.5707963267948966,0.0,1.5707963267948966,0.0,1.335176877775662,-0.11093575377247467,0,-0.10899347581163221,rare_mutant_rejected
2,1.5707963267948966,0.0,1.5707963267948966,0.0,1.413716694115407,-0.049874444087000036,0,-0.04894348370484636,rare_mutant_rejected
2,1.5707963267948966,0.0,1.5707963267948966,0.0,1.4922565104551517,-0.012554861053812871,0,-0.01231165940486223,rare_mutant_rejected
2,1.5707963267948966,0.0,1.5707963267948966,0.0,1.5707963267948966,0.0,,0.0,neutral
2,1.5707963267948966,0.0,1.5707963267948966,0.07853981633974483,0.0,-1.9616030102158517,0,-2.0015413331334364,rare_mutant_rejected
2,1.5707963267948966,0.0,1.5707963267948966,0.07853981633974483,0.07853981633974483,-1.950051330455272,0,-1.989248650097142,rare_mutant_rejected
2,1.5707963267948966,0.0,1.5707963267948966,0.07853981633974483,0.15707963267948966,-1.9156305397786433,0,-1.95267328764169,rare_mutant_rejected
2,1.5707963267948966,0.0,1.5707963267948966,0.07853981633974483,0.23561944901923448,-1.8590844494975778,0,-1.892715852577401,rare_mutant_rejected
2,1.5707963267948966,0.0,1.5707963267948966,0.07853981633974483,0.3141592653589793,-1.7816438288354275,0,-1.810852695942877,rare_mutant_rejected
2,1.5707963267948966,0.0,1.5707963267948966,0.07853981633974483,0.39269908169872414,-1.6850119161922879,0,-1.7090995603427,rare_mutant_rejected
2,1.5707963267948966,0.0,1.5707963267948966,0.07853981633974483,0.47123889803846897,-1.5713424102044167,0,-1.5899619456746419,rare_mutant_rejected
2,1.5707963267948966,0.0,1.5707963267948966,0.07853981633974483,0.5497787143782138,-1.443208531600752,0,-1.4563734154069055,rare_mutant_rejected
2,1.5707963267948966,0.0,1.5707963267948966,0.07853981633974483,0.6283185307179586,-1.303561755033185,0,-1.311623362509595,rare_mutant_rejected
2,1.5707963267948966,0.0,1.5707963267948966,0.07853981633974483,0.7068583470577035,-1.1556790644168082,0,-1.1592760136829259,rare_mutant_rejected
2,1.5707963267948966,0.0,1.5707963267948966,0.07853981633974483,0.7853981633974483,-1.0030980795982072,0,-1.003082666266873,rare_mutant_rejected
2,1.5707963267948966,0.0,1.5707963267948966,0.07853981633974483,0.8639379797371931,-0.8495401034813432,0,-0.8468893188508191,rare_mutant_rejected
2,1.5707963267948966,0.0,1.5707963267948966,0.07853981633974483,0.9424777960769379,-0.6988219903974491,0,-0.6945419700241495,rare_mutant_rejected
2,1.5707963267948966,0.0,1.5707963267948966,0.07853981633974483,1.0210176124166828,-0.5547586632862869,0,-0.5497919171268388,rare_mutant_rejected
2,1.5707963267948966,0.0,1.5707963267948966,0.07853981633974483,1.0995574287564276,-0.42105902256518757,0,-0.41620338685910196,rare_mutant_rejected
2,1.5707963267948966,0.0,1.5707963267948966,0.07853981633974483,1.1780972450961724,-0.3012188038036663,0,-0.29706577219104524,rare_mutant_rejected
2,1.5707963267948966,0.0,1.5707963267948966,0.07853981633974483,1.2566370614359172,-0.19841457067045987,0,-0.19531263659086884,rare_mutant_rejected
2,1.5707963267948966,0.0,1.5707963267948966,0.07853981633974483,1.335176877775662,-0.11540340432894203,0,-0.11344947995634369,rare_mutant_rejected
2,1.5707963267948966,0.0,1.5707963267948966,0.07853981633974483,1.413716694115407,-0.05443292188400051,0,-0.05349204489205439,rare_mutant_rejected
2,1.5707963267948966,0.0,1.5707963267948966,0.07853981633974483,1.4922565104551517,-0.01716600214794317,0,-0.016916682436602937,rare_mutant_rejected
2,1.5707963267948966,0.0,1.5707963267948966,0.07853981633974483,1.5707963267948966,-0.004624023157386858,0,-0.004623999400308776,rare_mutant_rejected
2,1.5707963267948966,0.0,1.5707963267948966,0.15707963267948966,0.0,-1.9664024418329213,0,-2.006155829702431,rare_mutant_rejected
2,1.5707963267948966,0.0,1.5707963267948966,0.15707963267948966,0.07853981633974483,-1.9549234276328684,0,-1.9939199587762197,rare_mutant_rejected
2,1.5707963267948966,0.0,1.5707963267948966,0.15707963267948966,0.15707963267948966,-1.9206761954293796,0,-1.9575136337483154,rare_mutant_rejected
2,1.5707963267948966,0.0,1.5707963267948966,0.15707963267948966,0.23561944901923448,-1.8644012396520915,0,-1.8978332991665718,rare_mutant_rejected
2,1.5707963267948966,0.0,1.5707963267948966,0.15707963267948966,0.3141592653589793,-1.78732414339388,0,-1.8163484829360652,rare_mutant_rejected
2,1.5707963267948966,0.0,1.5707963267948966,0.15707963267948966,0.39269908169872414,-1.6911410715141597,0,-1.7150656116649914,rare_mutant_rejected
2,1.5707963267948966,0.0,1.5707963267948966,0.15707963267948966,0.47123889803846897,-1.5779967520761962,0,-1.5964786057826226,rare_mutant_rejected
2,1.5707963267948966,0.0,1.5707963267948966,0.15707963267948966,0.5497787143782138,-1.4504535553492912,0,-1.463507470941491,rare_mutant_rejected
2,1.5707963267948966,0.0,1.5707963267948966,0.15707963267948966,0.6283185307179586,-1.3114502890737831,0,-1.3194263977872809,rare_mutant_rejected
2,1.5707963267948966,0.0,1.5707963267948966,0.15707963267948966,0.7068583470577035,-1.1642495819065368,0,-1.167783140518715,rare_mutant_rejected
2,1.5707963267948966,0.0,1.5707963267948966,0.15707963267948966,0.7853981633974483,-1.0123732177018865,0,-1.0123116594048627,rare_mutant_rejected
2,1.5707963267948966,0.0,1.5707963267948966,0.15707963267948966,0.8639379797371931,-0.8595254789233859,0,-0.85684017829101,rare_mutant_rejected
2,1.5707963267948966,0.0,1.5707963267948966,0.15707963267948966,0.9424777960769379,-0.7095054018442433,0,-0.705196921022444,rare_mutant_rejected
2,1.5707963267948966,0.0,1.5707963267948966,0.15707963267948966,1.0210176124166828,-0.5661097647374991,0,-0.5611158478682339,rare_mutant_rejected
2,1.5707963267948966,0.0,1.5707963267948966,0.15707963267948966,1.0995574287564276,-0.4330295371757855,0,-0.42814471302710144,rare_mutant_rejected
2,1.5707963267948966,0.0,1.5707963267948966,0.15707963267948966,1.1780972450961724,-0.31374332508430713,0,-0.3095577071447333,rare_mutant_rejected
2,1.5707963267948966,0.0,1.5707963267948966,0.15707963267948966,1.2566370614359172,-0.21141196927272254,0,-0.2082748358736599,rare_mutant_rejected
2,1.5707963267948966,0.0,1.5707963267948966,0.15707963267948966,1.335176877775662,-0.12877882571914023,0,-0.12679001964315262,rare_mutant_rejected
2,1.5707963267948966,0.0,1.5707963267948966,0.15707963267948966,1.413716694115407,-0.06808032571621192,0,-0.06710968506140969,rare_mutant_rejected
2,1.5707963267948966,0.0,1.5707963267948966,0.15707963267948966,1.4922565104551517,-0.030971160865008063,0,-0.030703360033505156,rare_mutant_rejected
2,1.5707963267948966,0.0,1.5707963267948966,0.15707963267948966,1.5707963267948966,-0.018467868049686587,0,-0.018467489107293567,rare_mutant_rejected
2,1.5707963267948966,0.0,1.5707963267948966,0.23561944901923448,0.0,-1.974369549946455,0,-2.0138150398011616,rare_mutant_rejected
2,1.5707963267948966,0.0,1.5707963267948966,0.23561944901923448,0.07853981633974483,-1.9630107519581834,0,-2.001673466460996,rare_mutant_rejected
2,1.5707963267948966,0.0,1.5707963267948966,0.23561944901923448,0.15707963267948966,-1.929051297904724,0,-1.965547712271705,rare_mutant_rejected
2,1.5707963267948966,0.0,1.5707963267948966,0.23561944901923448,0.23561944901923448,-1.8732261743308491,0,-1.9063273131959346,rare_mutant_rejected
2,1.5707963267948966,0.0,1.5707963267948966,0.23561944901923448,0.3141592653589793,-1.7967523460223886,0,-1.8254704720001653,rare_mutant_rejected
2,1.5707963267948966,0.0,1.5707963267948966,0.23561944901923448,0.39269908169872414,-1.701314220709329,0,-1.7249681524631075,rare_mutant_rejected
2,1.5707963267948966,0.0,1.5707963267948966,0.23561944901923448,0.47123889803846897,-1.5890416168144696,0,-1.6072950552398406,rare_mutant_rejected
2,1.5707963267948966,0.0,1.5707963267948966,0.23561944901923448,0.5497787143782138,-1.4624788734937233,0,-1.4753486825186197,rare_mutant_rejected
2,1.5707963267948966,0.0,1.5707963267948966,0.23561944901923448,0.6283185307179586,-1.3245437538002562,0,-1.3323779919007457,rare_mutant_rejected
2,1.5707963267948966,0.0,1.5707963267948966,0.23561944901923448,0.7068583470577035,-1.1784750431318198,0,-1.1819033962817507,rare_mutant_rejected
2,1.5707963267948966,0.0,1.5707963267948966,0.23561944901923448,0.7853981633974483,-1.0277682300003355,0,-1.027630079602324,rare_mutant_rejected
2,1.5707963267948966,0.0,1.5707963267948966,0.23561944901923448,0.8639379797371931,-0.8760993424401433,0,-0.8733567629228971,rare_mutant_rejected
2,1.5707963267948966,0.0,1.5707963267948966,0.23561944901923448,0.9424777960769379,-0.7272378456953481,0,-0.7228821673039008,rare_mutant_rejected
2,1.5707963267948966,0.0,1.5707963267948966,0.23561944901923448,1.0210176124166828,-0.5849504117777831,0,-0.5799114766860276,rare_mutant_rejected
2,1.5707963267948966,0.0,1.5707963267948966,0.23561944901923448,1.0995574287564276,-0.4528982645649364,0,-0.44796510396480693,rare_mutant_rejected
2,1.5707963267948966,0.0,1.5707963267948966,0.23561944901923448,1.1780972450961724,-0.33453159790219145,0,-0.3302920067415389,rare_mutant_rejected
2,1.5707963267948966,0.0,1.5707963267948966,0.23561944901923448,1.2566370614359172,-0.23298517692261944,0,-0.2297896872044829,rare_mutant_rejected
2,1.5707963267948966,0.0,1.5707963267948966,0.23561944901923448,1.335176877775662,-0.15097959648737236,0,-0.14893284600871315,rare_mutant_rejected
2,1.5707963267948966,0.0,1.5707963267948966,0.23561944901923448,1.413716694115407,-0.09073273787273539,0,-0.08971244693294134,rare_mutant_rejected
2,1.5707963267948966,0.0,1.5707963267948966,0.23561944901923448,1.4922565104551517,-0.05388571371518447,0,-0.05358669274365013,rare_mutant_rejected
2,1.5707963267948966,0.0,1.5707963267948966,0.23561944901923448,1.5707963267948966,-0.041447027956732274,0,-0.041445119403485275,rare_mutant_rejected
2,1.5707963267948966,0.0,1.5707963267948966,0.3141592653589793,0.0,-1.9854566001880127,0,-2.024471741852423,rare_mutant_rejected
2,1.5707963267948966,0.0,1.5707963267948966,0.3141592653589793,0.07853981633974483,-1.9742642454801849,0,-2.0124613701982916,rare_mutant_rejected
2,1.5707963267948966,0.0,1.5707963267948966,0.3141592653589793,0.15707963267948966,-1.940704577591366,0,-1.97672599044616,rare_mutant_rejected
2,1.5707963267948966,0.0,1.5707963267948966,0.3141592653589793,0.23561944901923448,-1.8855049144891096,0,-1.9181455262444516,rare_mutant_rejected
2,1.5707963267948966,0.0,1.5707963267948966,0.3141592653589793,0.3141592653589793,-1.8098702084439313,0,-1.838162423039227,rare_mutant_rejected
2,1.5707963267948966,0.0,1.5707963267948966,0.3141592653589793,0.39269908169872414,-1.715468474840463,0,-1.738746130280099,rare_mutant_rejected
2,1.5707963267948966,0.0,1.5707963267948966,0.3141592653589793,0.47123889803846897,-1.6044087456189589,0,-1.622344607038557,rare_mutant_rejected
2,1.5707963267948966,0.0,1.5707963267948966,0.3141592653589793,0.5497787143782138,-1.4792102278565062,0,-1.491824045131315,rare_mutant_rejected
2,1.5707963267948966,0.0,1.5707963267948966,0.3141592653589793,0.6283185307179586,-1.3427613624750772,0,-1.3503982939654389,rare_mutant_rejected
2,1.5707963267948966,0.0,1.5707963267948966,0.3141592653589793,0.7068583470577035,-1.1982677267559434,0,-1.2015497248997915,rare_mutant_rejected
2,1.5707963267948966,0.0,1.5707963267948966,0.3141592653589793,0.7853981633974483,-1.0491882011233704,0,-1.0489434837048466,rare_mutant_rejected
2,1.5707963267948966,0.0,1.5707963267948966,0.3141592653589793,0.8639379797371931,-0.8991594940138521,0,-0.8963372425099023,rare_mutant_rejected
2,1.5707963267948966,0.0,1.5707963267948966,0.3141592653589793,0.9424777960769379,-0.7519099343643156,0,-0.7474886734442543,rare_mutant_rejected
2,1.5707963267948966,0.0,1.5707963267948966,0.3141592653589793,1.0210176124166828,-0.6111643274606275,0,-0.6060629222783773,rare_mutant_rejected
2,1.5707963267948966,0.0,1.5707963267948966,0.3141592653589793,1.0995574287564276,-0.4805425438848858,0,-0.4755423603711355,rare_mutant_rejected
2,1.5707963267948966,0.0,1.5707963267948966,0.3141592653589793,1.1780972450961724,-0.3634552875529673,0,-0.3591408371295932,rare_mutant_rejected
2,1.5707963267948966,0.0,1.5707963267948966,0.3141592653589793,1.2566370614359172,-0.2630010873485449,0,-0.2597245443704659,rare_mutant_rejected
2,1.5707963267948966,0.0,1.5707963267948966,0.3141592653589793,1.335176877775662,-0.18186891111148284,0,-0.1797414411652407,rare_mutant_rejected
2,1.5707963267948966,0.0,1.5707963267948966,0.3141592653589793,1.413716694115407,-0.12225086437839039,0,-0.12116097696353245,rare_mutant_rejected
2,1.5707963267948966,0.0,1.5707963267948966,0.3141592653589793,1.4922565104551517,-0.08576918795303312,0,-0.08542559721140197,rare_mutant_rejected
2,1.5707963267948966,0.0,1.5707963267948966,0.3141592653589793,1.5707963267948966,-0.07342121421876202,0,-0.07341522555726954,rare_mutant_rejected
2,1.5707963267948966,0.0,1.5707963267948966,0.39269908169872414,0.0,-1.9995971289080576,0,-2.0380602337443565,rare_mutant_rejected
2,1.5707963267948966,0.0,1.5707963267948966,0.39269908169872414,0.07853981633974483,-1.9886156231754688,0,-2.0262171589742244,rare_mutant_rejected
2,1.5707963267948966,0.0,1.5707963267948966,0.39269908169872414,0.15707963267948966,-1.955564687425668,0,-1.9909795504695798,rare_mutant_rejected
2,1.5707963267948966,0.0,1.5707963267948966,0.39269908169872414,0.23561944901923448,-1.9011618526559573,0,-1.9332150750987251,rare_mutant_rejected
2,1.5707963267948966,0.0,1.5707963267948966,0.39269908169872414,0.3141592653589793,-1.826596717766868,0,-1.8543460859545937,rare_mutant_rejected
2,1.5707963267948966,0.0,1.5707963267948966,0.39269908169872414,0.39269908169872414,-1.7335163387221368,0,-1.7563145993010814,rare_mutant_rejected
2,1.5707963267948966,0.0,1.5707963267948966,0.39269908169872414,0.47123889803846897,-1.62400317174536,0,-1.6415344756874495,rare_mutant_rejected
2,1.5707963267948966,0.0,1.5707963267948966,0.39269908169872414,0.5497787143782138,-1.500544302836318,0,-1.512831982690456,rare_mutant_rejected
2,1.5707963267948966,0.0,1.5707963267948966,0.39269908169872414,0.6283185307179586,-1.3659907139593184,0,-1.373376202826772,rare_mutant_rejected
2,1.5707963267948966,0.0,1.5707963267948966,0.39269908169872414,0.7068583470577035,-1.2235055815861158,0,-1.2266010002238399,rare_mutant_rejected
2,1.5707963267948966,0.0,1.5707963267948966,0.39269908169872414,0.7853981633974483,-1.0765010698261577,0,-1.0761204674887141,rare_mutant_rejected
2,1.5707963267948966,0.0,1.5707963267948966,0.39269908169872414,0.8639379797371931,-0.9285637374252675,0,-0.9256399347535869,rare_mutant_rejected
2,1.5707963267948966,0.0,1.5707963267948966,0.39269908169872414,0.9424777960769379,-0.7833694726967244,0,-0.7788647321506557,rare_mutant_rejected
2,1.5707963267948966,0.0,1.5707963267948966,0.39269908169872414,1.0210176124166828,-0.6445897330409025,0,-0.6394089522869706,rare_mutant_rejected
2,1.5707963267948966,0.0,1.5707963267948966,0.39269908169872414,1.0995574287564276,-0.5157917156758378,0,-0.5107064592899779,rare_mutant_rejected
2,1.5707963267948966,0.0,1.5707963267948966,0.39269908169872414,1.1780972450961724,-0.40033584036989556,0,-0.39592633567634516,rare_mutant_rejected
2,1.5707963267948966,0.0,1.5707963267948966,0.39269908169872414,1.2566370614359172,-0.3012745055737427,0,-0.29789484902283325,rare_mutant_rejected
2,1.5707963267948966,0.0,1.5707963267948966,0.39269908169872414,1.335176877775662,-0.221256421740335,0,-0.21902585987870227,rare_mutant_rejected
2,1.5707963267948966,0.0,1.5707963267948966,0.39269908169872414,1.413716694115407,-0.1624408847831691,0,-0.1612613845078461,rare_mutant_rejected
2,1.5707963267948966,0.0,1.5707963267948966,0.39269908169872414,1.4922565104551517,-0.1264261078638671,0,-0.12602377600320214,rare_mutant_rejected
2,1.5707963267948966,0.0,1.5707963267948966,0.39269908169872414,1.5707963267948966,-0.1141951870469966,0,-0.11418070123307,rare_mutant_rejected
2,1.5707963267948966,0.0,1.5707963267948966,0.47123889803846897,0.0,-2.016706306366472,0,-2.054496737905816,rare_mutant_rejected
2,1.5707963267948966,0.0,1.5707963267948966,0.47123889803846897,0.07853981633974483,-2.0059777669485146,0,-2.0428560237767264,rare_mutant_rejected
2,1.5707963267948966,0.0,1.5707963267948966,0.47123889803846897,0.15707963267948966,-1.9735406304780916,0,-2.00822051440463,rare_mutant_rejected
2,1.5707963267948966,0.0,1.5707963267948966,0.47123889803846897,0.23561944901923448,-1.9201005767391712,0,-1.9514430509789347,rare_mutant_rejected
2,1.5707963267948966,0.0,1.5707963267948966,0.47123889803846897,0.3141592653589793,-1.8468285793274786,0,-1.8739216830827776,rare_mutant_rejected
2,1.5707963267948966,0.0,1.5707963267948966,0.47123889803846897,0.39269908169872414,-1.7553462560088466,0,-1.7775652440724314,rare_mutant_rejected
2,1.5707963267948966,0.0,1.5707963267948966,0.47123889803846897,0.47123889803846897,-1.6477038115049243,0,-1.6647463492650187,rare_mutant_rejected
2,1.5707963267948966,0.0,1.5707963267948966,0.47123889803846897,0.5497787143782138,-1.526349366353307,0,-1.5382429742751431,rare_mutant_rejected
2,1.5707963267948966,0.0,1.5707963267948966,0.47123889803846897,0.6283185307179586,-1.3940884877596793,0,-1.4011700520356851,rare_mutant_rejected
2,1.5707963267948966,0.0,1.5707963267948966,0.47123889803846897,0.7068583470577035,-1.2540329796190122,0,-1.25690277281113,rare_mutant_rejected
2,1.5707963267948966,0.0,1.5707963267948966,0.47123889803846897,0.7853981633974483,-1.1095384431906905,0,-1.1089934758116327,rare_mutant_rejected
2,1.5707963267948966,0.0,1.5707963267948966,0.47123889803846897,0.8639379797371931,-0.9641307574999982,0,-0.9610841788121363,rare_mutant_rejected
2,1.5707963267948966,0.0,1.5707963267948966,0.47123889803846897,0.9424777960769379,-0.8214223983605358,0,-0.8168168995875793,rare_mutant_rejected
2,1.5707963267948966,0.0,1.5707963267948966,0.47123889803846897,1.0210176124166828,-0.6850203493648266,0,-0.6797439773481226,rare_mutant_rejected
2,1.5707963267948966,0.0,1.5707963267948966,0.47123889803846897,1.0995574287564276,-0.5584281795362869,0,-0.5532406023582457,rare_mutant_rejected
2,1.5707963267948966,0.0,1.5707963267948966,0.47123889803846897,1.1780972450961724,-0.44494559021767977,0,-0.44042170755083276,rare_mutant_rejected
2,1.5707963267948966,0.0,1.5707963267948966,0.47123889803846897,1.2566370614359172,-0.347569293076035,0,-0.3440652685404886,rare_mutant_rejected
2,1.5707963267948966,0.0,1.5707963267948966,0.47123889803846897,1.335176877775662,-0.2688994094112589,0,-0.2665439006443302,rare_mutant_rejected
2,1.5707963267948966,0.0,1.5707963267948966,0.47123889803846897,1.413716694115407,-0.21105563483581458,0,-0.20976643721863342,rare_mutant_rejected
2,1.5707963267948966,0.0,1.5707963267948966,0.47123889803846897,1.4922565104551517,-0.1756071729369295,0,-0.1751309278465376,rare_mutant_rejected
2,1.5707963267948966,0.0,1.5707963267948966,0.47123889803846897,1.5707963267948966,-0.16351991266187182,0,-0.16349021371744854,rare_mutant_rejected
2,1.5707963267948966,0.0,1.5707963267948966,0.5497787143782138,0.0,-2.0366814018387758,0,-2.073679917822954,rare_mutant_rejected
2,1.5707963267948966,0.0,1.5707963267948966,0.5497787143782138,0.07853981633974483,-2.026245229184088,0,-2.0622753804713065,rare_mutant_rejected
2,1.5707963267948966,0.0,1.5707963267948966,0.5497787143782138,0.15707963267948966,-1.9945223056985624,0,-2.02834258597545,rare_mutant_rejected
2,1.5707963267948966,0.0,1.5707963267948966,0.5497787143782138,0.23561944901923448,-1.9422044615288818,0,-1.972717072352361,rare_mutant_rejected
2,1.5707963267948966,0.0,1.5707963267948966,0.5497787143782138,0.3141592653589793,-1.8704408577260994,0,-1.8967685243579362,rare_mutant_rejected
2,1.5707963267948966,0.0,1.5707963267948966,0.5497787143782138,0.39269908169872414,-1.7808233040011006,0,-1.8023670473025772,rare_mutant_rejected
2,1.5707963267948966,0.0,1.5707963267948966,0.5497787143782138,0.47123889803846897,-1.675364217619515,0,-1.6918371188519277,rare_mutant_rejected
2,1.5707963267948966,0.0,1.5707963267948966,0.5497787143782138,0.5497787143782138,-1.556466086956007,0,-1.5679003526722433,rare_mutant_rejected
2,1.5707963267948966,0.0,1.5707963267948966,0.5497787143782138,0.6283185307179586,-1.4268813302033012,0,-1.433608483269413,rare_mutant_rejected
2,1.5707963267948966,0.0,1.5707963267948966,0.5497787143782138,0.7068583470577035,-1.2896616762344248,0,-1.2922682221572965,rare_mutant_rejected
2,1.5707963267948966,0.0,1.5707963267948966,0.5497787143782138,0.7853981633974483,-1.1480966348241373,0,-1.147359835645908,rare_mutant_rejected
2,1.5707963267948966,0.0,1.5707963267948966,0.5497787143782138,0.8639379797371931,-1.005641238672103,0,-1.002451449134519,rare_mutant_rejected
2,1.5707963267948966,0.0,1.5707963267948966,0.5497787143782138,0.9424777960769379,-0.8658339808612312,0,-0.8611111880224027,rare_mutant_rejected
2,1.5707963267948966,0.0,1.5707963267948966,0.5497787143782138,1.0210176124166828,-0.7322066735843906,0,-0.7268193186195733,rare_mutant_rejected
2,1.5707963267948966,0.0,1.5707963267948966,0.5497787143782138,1.0995574287564276,-0.6081887425357158,0,-0.6028825524398878,rare_mutant_rejected
2,1.5707963267948966,0.0,1.5707963267948966,0.5497787143782138,1.1780972450961724,-0.4970091691540284,0,-0.4923526239892384,rare_mutant_rejected
2,1.5707963267948966,0.0,1.5707963267948966,0.5497787143782138,1.2566370614359172,-0.40159982785052417,0,-0.3979511469338801,rare_mutant_rejected
2,1.5707963267948966,0.0,1.5707963267948966,0.5497787143782138,1.335176877775662,-0.32450427758423395,0,-0.3220025989394548,rare_mutant_rejected
2,1.5707963267948966,0.0,1.5707963267948966,0.5497787143782138,1.413716694115407,-0.26779611505265954,0,-0.2663770853163654,rare_mutant_rejected
2,1.5707963267948966,0.0,1.5707963267948966,0.5497787143782138,1.4922565104551517,-0.23301076132630838,0,-0.23244429082051044,rare_mutant_rejected
2,1.5707963267948966,0.0,1.5707963267948966,0.5497787143782138,1.5707963267948966,-0.22109404077176453,0,-0.22103975346886084,rare_mutant_rejected
2,1.5707963267948966,0.0,1.5707963267948966,0.6283185307179586,0.0,-2.059402349196121,0,-2.0954915028125263,rare_mutant_rejected
2,1.5707963267948966,0.0,1.5707963267948966,0.6283185307179586,0.07853981633974483,-2.0492948435735916,0,-2.0843555022663507,rare_mutant_rejected
2,1.5707963267948966,0.0,1.5707963267948966,0.6283185307179586,0.15707963267948966,-2.01838116883435,0,-2.051221705919536,rare_mutant_rejected
2,1.5707963267948966,0.0,1.5707963267948966,0.6283185307179586,0.23561944901923448,-1.9673373843248347,0,-1.9969059778029081,rare_mutant_rejected
2,1.5707963267948966,0.0,1.5707963267948966,0.6283185307179586,0.3141592653589793,-1.8972877520014972,0,-1.9227457514062638,rare_mutant_rejected
2,1.5707963267948966,0.0,1.5707963267948966,0.6283185307179586,0.39269908169872414,-1.809790033712922,0,-1.8305670976271686,rare_mutant_rejected
2,1.5707963267948966,0.0,1.5707963267948966,0.6283185307179586,0.47123889803846897,-1.706813490119193,0,-1.7226397608450779,rare_mutant_rejected
2,1.5707963267948966,0.0,1.5707963267948966,0.6283185307179586,0.5497787143782138,-1.5907085219306807,0,-1.6016212702818609,rare_mutant_rejected
2,1.5707963267948966,0.0,1.5707963267948966,0.6283185307179586,0.6283185307179586,-1.4641669262138666,0,-1.4704915028125267,rare_mutant_rejected
2,1.5707963267948966,0.0,1.5707963267948966,0.6283185307179586,0.7068583470577035,-1.3301719715999973,0,-1.3324793085069186,rare_mutant_rejected
2,1.5707963267948966,0.0,1.5707963267948966,0.6283185307179586,0.7853981633974483,-1.191937920653178,0,-1.190983005625053,rare_mutant_rejected
2,1.5707963267948966,0.0,1.5707963267948966,0.6283185307179586,0.8639379797371931,-1.0528392179515402,0,-1.0494867027431871,rare_mutant_rejected
2,1.5707963267948966,0.0,1.5707963267948966,0.6283185307179586,0.9424777960769379,-0.9163302717264186,0,-0.9114745084375793,rare_mutant_rejected
2,1.5707963267948966,0.0,1.5707963267948966,0.6283185307179586,1.0210176124166828,-0.7858575232033371,0,-0.7803447409682449,rare_mutant_rejected
2,1.5707963267948966,0.0,1.5707963267948966,0.6283185307179586,1.0995574287564276,-0.6647662498879434,0,-0.6593262504050275,rare_mutant_rejected
2,1.5707963267948966,0.0,1.5707963267948966,0.6283185307179586,1.1780972450961724,-0.5562052133887745,0,-0.5513989136229362,rare_mutant_rejected
2,1.5707963267948966,0.0,1.5707963267948966,0.6283185307179586,1.2566370614359172,-0.46303277027032497,0,-0.45922025984384307,rare_mutant_rejected
2,1.5707963267948966,0.0,1.5707963267948966,0.6283185307179586,1.335176877775662,-0.38772835885623946,0,-0.3850600334471985,rare_mutant_rejected
2,1.5707963267948966,0.0,1.5707963267948966,0.6283185307179586,1.413716694115407,-0.3323133162571619,0,-0.330744305330569,rare_mutant_rejected
2,1.5707963267948966,0.0,1.5707963267948966,0.6283185307179586,1.4922565104551517,-0.29828475015664857,0,-0.2976105089837553,rare_mutant_rejected
2,1.5707963267948966,0.0,1.5707963267948966,0.6283185307179586,1.5707963267948966,-0.2865656947086719,0,-0.2864745084375784,rare_mutant_rejected
2,1.5707963267948966,0.0,1.5707963267948966,0.7068583470577035,0.0,-2.0847324111412835,0,-2.1197970171999847,rare_mutant_rejected
2,1.5707963267948966,0.0,1.5707963267948966,0.7068583470577035,0.07853981633974483,-2.0749864404169265,0,-2.108960257868607,rare_mutant_rejected
2,1.5707963267948966,0.0,1.5707963267948966,0.7068583470577035,0.15707963267948966,-2.0449710048862277,0,-2.076716816854355,rare_mutant_rejected
2,1.5707963267948966,0.0,1.5707963267948966,0.7068583470577035,0.23561944901923448,-1.9953445603590227,0,-2.0238606346848447,rare_mutant_rejected
2,1.5707963267948966,0.0,1.5707963267948966,0.7068583470577035,0.3141592653589793,-1.9272035000434422,0,-1.9516932059847012,rare_mutant_rejected
2,1.5707963267948966,0.0,1.5707963267948966,0.7068583470577035,0.39269908169872414,-1.842067449818961,0,-1.8619915323584864,rare_mutant_rejected
2,1.5707963267948966,0.0,1.5707963267948966,0.7068583470577035,0.47123889803846897,-1.7418573389693162,0,-1.756964366713664,rare_mutant_rejected
2,1.5707963267948966,0.0,1.5707963267948966,0.7068583470577035,0.5497787143782138,-1.6288652701787742,0,-1.639197826433588,rare_mutant_rejected
2,1.5707963267948966,0.0,1.5707963267948966,0.7068583470577035,0.6283185307179586,-1.5057152500074278,0,-1.5115917145846938,rare_mutant_rejected
2,1.5707963267948966,0.0,1.5707963267948966,0.7068583470577035,0.7068583470577035,-1.3753140661065235,0,-1.3772881171411053,rare_mutant_rejected
2,1.5707963267948966,0.0,1.5707963267948966,0.7068583470577035,0.7853981633974483,-1.240792004571969,0,-1.2395940343999694,rare_mutant_rejected
2,1.5707963267948966,0.0,1.5707963267948966,0.7068583470577035,0.8639379797371931,-1.1054336639338966,0,-1.101899951658833,rare_mutant_rejected
2,1.5707963267948966,0.0,1.5707963267948966,0.7068583470577035,0.9424777960769379,-0.9725997968453677,0,-0.9675963542152446,rare_mutant_rejected
2,1.5707963267948966,0.0,1.5707963267948966,0.7068583470577035,1.0210176124166828,-0.8456418377928818,0,-0.8399902423663508,rare_mutant_rejected
2,1.5707963267948966,0.0,1.5707963267948966,0.7068583470577035,1.0995574287564276,-0.7278114876344746,0,-0.722223702086275,rare_mutant_rejected
2,1.5707963267948966,0.0,1.5707963267948966,0.7068583470577035,1.1780972450961724,-0.622168353820268,0,-0.6171965364414524,rare_mutant_rejected
2,1.5707963267948966,0.0,1.5707963267948966,0.7068583470577035,1.2566370614359172,-0.5314891237373671,0,-0.5274948628152369,rare_mutant_rejected
2,1.5707963267948966,0.0,1.5707963267948966,0.7068583470577035,1.335176877775662,-0.45818202380066664,0,-0.4553274341150937,rare_mutant_rejected
2,1.5707963267948966,0.0,1.5707963267948966,0.7068583470577035,1.413716694115407,-0.4042103512756312,0,-0.4024712519455833,rare_mutant_rejected
2,1.5707963267948966,0.0,1.5707963267948966,0.7068583470577035,1.4922565104551517,-0.37102864241839617,0,-0.3702278109313313,rare_mutant_rejected
2,1.5707963267948966,0.0,1.5707963267948966,0.7068583470577035,1.5707963267948966,-0.35953456485325397,0,-0.3593910515999541,rare_mutant_rejected
2,1.5707963267948966,0.0,1.5707963267948966,0.7853981633974483,0.0,-2.1125189398770625,0,-2.146446609406726,rare_mutant_rejected
2,1.5707963267948966,0.0,1.5707963267948966,0.7853981633974483,0.07853981633974483,-2.103163663074697,0,-2.1359379507778766,rare_mutant_rejected
2,1.5707963267948966,0.0,1.5707963267948966,0.7853981633974483,0.15707963267948966,-2.074128807834463,0,-2.104670732943008,rare_mutant_rejected
2,1.5707963267948966,0.0,1.5707963267948966,0.7853981633974483,0.23561944901923448,-2.026053492957101,0,-2.0534148585751617,rare_mutant_rejected
2,1.5707963267948966,0.0,1.5707963267948966,0.7853981633974483,0.3141592653589793,-1.9600034065320455,0,-1.9834324174097686,rare_mutant_rejected
2,1.5707963267948966,0.0,1.5707963267948966,0.7853981633974483,0.39269908169872414,-1.877456124212445,0,-1.8964466094067265,rare_mutant_rejected
2,1.5707963267948966,0.0,1.5707963267948966,0.7853981633974483,0.47123889803846897,-1.7802792916547852,0,-1.7945993138484162,rare_mutant_rejected
2,1.5707963267948966,0.0,1.5707963267948966,0.7853981633974483,0.5497787143782138,-1.6707007825951061,0,-1.6803983491632777,rare_mutant_rejected
2,1.5707963267948966,0.0,1.5707963267948966,0.7853981633974483,0.6283185307179586,-1.5512699869143733,0,-1.5566557221131316,rare_mutant_rejected
2,1.5707963267948966,0.0,1.5707963267948966,0.7853981633974483,0.7068583470577035,-1.4248096014546645,0,-1.4264183868541864,rare_mutant_rejected
2,1.5707963267948966,0.0,1.5707963267948966,0.7853981633974483,0.7853981633974483,-1.29435768490752,0,-1.292893218813453,rare_mutant_rejected
2,1.5707963267948966,0.0,1.5707963267948966,0.7853981633974483,0.8639379797371931,-1.1631002720948254,0,-1.1593680507727182,rare_mutant_rejected
2,1.5707963267948966,0.0,1.5707963267948966,0.7853981633974483,0.9424777960769379,-1.0342954804470026,0,-1.0291307155137734,rare_mutant_rejected
2,1.5707963267948966,0.0,1.5707963267948966,0.7853981633974483,1.0210176124166828,-0.911190727109449,0,-0.9053880884636278,rare_mutant_rejected
2,1.5707963267948966,0.0,1.5707963267948966,0.7853981633974483,1.0995574287564276,-0.7969353453862569,0,-0.7911871237784891,rare_mutant_rejected
2,1.5707963267948966,0.0,1.5707963267948966,0.7853981633974483,1.1780972450961724,-0.6944914786496281,0,-0.689339828220179,rare_mutant_rejected
2,1.5707963267948966,0.0,1.5707963267948966,0.7853981633974483,1.2566370614359172,-0.606546577283265,0,-0.602354020217136,rare_mutant_rejected
2,1.5707963267948966,0.0,1.5707963267948966,0.7853981633974483,1.335176877775662,-0.5354310790241503,0,-0.5323715790517429,rare_mutant_rejected
2,1.5707963267948966,0.0,1.5707963267948966,0.7853981633974483,1.413716694115407,-0.4830448801405334,0,-0.48111570468389653,rare_mutant_rejected
2,1.5707963267948966,0.0,1.5707963267948966,0.7853981633974483,1.4922565104551517,-0.45079598842442525,0,-0.44984848684902845,rare_mutant_rejected
2,1.5707963267948966,0.0,1.5707963267948966,0.7853981633974483,1.5707963267948966,-0.43955429431424564,0,-0.43933982822017903,rare_mutant_rejected
2,1.5707963267948966,0.0,1.5707963267948966,0.8639379797371931,0.0,-2.142594231545353,0,-2.175275975834908,rare_mutant_rejected
2,1.5707963267948966,0.0,1.5707963267948966,0.8639379797371931,0.07853981633974483,-2.1336548817125762,0,-2.16512225454638,rare_mutant_rejected
2,1.5707963267948966,0.0,1.5707963267948966,0.8639379797371931,0.15707963267948966,-2.105675762746092,0,-2.134911108997189,rare_mutant_rejected
2,1.5707963267948966,0.0,1.5707963267948966,0.8639379797371931,0.23561944901923448,-2.059275032682386,0,-2.0853864378557985,rare_mutant_rejected
2,1.5707963267948966,0.0,1.5707963267948966,0.8639379797371931,0.3141592653589793,-1.9954849879194763,0,-2.017767702888671,rare_mutant_rejected
2,1.5707963267948966,0.0,1.5707963267948966,0.8639379797371931,0.39269908169872414,-1.9157374360624708,0,-1.933719901764411,rare_mutant_rejected
2,1.5707963267948966,0.0,1.5707963267948966,0.8639379797371931,0.47123889803846897,-1.821842038036905,0,-1.835312570285359,rare_mutant_rejected
2,1.5707963267948966,0.0,1.5707963267948966,0.8639379797371931,0.5497787143782138,-1.7159568216949914,0,-1.7249688235477372,rare_mutant_rejected
2,1.5707963267948966,0.0,1.5707963267948966,0.8639379797371931,0.6283185307179586,-1.6005501174719796,0,-1.605405690806125,rare_mutant_rejected
2,1.5707963267948966,0.0,1.5707963267948966,0.8639379797371931,0.7068583470577035,-1.4783533778673872,0,-1.4795672131959092,rare_mutant_rejected
2,1.5707963267948966,0.0,1.5707963267948966,0.8639379797371931,0.7853981633974483,-1.3523047114281657,0,-1.350551951669817,rare_mutant_rejected
2,1.5707963267948966,0.0,1.5707963267948966,0.8639379797371931,0.8639379797371931,-1.2254834652762454,0,-1.221536690143724,rare_mutant_rejected
2,1.5707963267948966,0.0,1.5707963267948966,0.8639379797371931,0.9424777960769379,-1.1010367887648163,0,-1.095698212533509,rare_mutant_rejected
2,1.5707963267948966,0.0,1.5707963267948966,0.8639379797371931,1.0210176124166828,-0.9820997528142672,0,-0.9761350797918964,rare_mutant_rejected
2,1.5707963267948966,0.0,1.5707963267948966,0.8639379797371931,1.0995574287564276,-0.8717112255504418,0,-0.8657913330542741,rare_mutant_rejected
2,1.5707963267948966,0.0,1.5707963267948966,0.8639379797371931,1.1780972450961724,-0.7727282538770655,0,-0.767384001575222,rare_mutant_rejected
2,1.5707963267948966,0.0,1.5707963267948966,0.8639379797371931,1.2566370614359172,-0.6877421155305217,0,-0.6833362004509622,rare_mutant_rejected
2,1.5707963267948966,0.0,1.5707963267948966,0.8639379797371931,1.335176877775662,-0.6189994397578618,0,-0.6157174654838347,rare_mutant_rejected
2,1.5707963267948966,0.0,1.5707963267948966,0.8639379797371931,1.413716694115407,-0.5683318143844422,0,-0.5661927943424443,rare_mutant_rejected
2,1.5707963267948966,0.0,1.5707963267948966,0.8639379797371931,1.4922565104551517,-0.537097088074511,0,-0.5359816487932525,rare_mutant_rejected
2,1.5707963267948966,0.0,1.5707963267948966,0.8639379797371931,1.5707963267948966,-0.5261351441817728,0,-0.5258279275047242,rare_mutant_rejected
2,1.5707963267948966,0.0,1.5707963267948966,0.9424777960769379,0.0,-2.174776471303483,0,-2.2061073738537633,rare_mutant_rejected
2,1.5707963267948966,0.0,1.5707963267948966,0.9424777960769379,0.07853981633974483,-2.16627419994154,0,-2.196333238236619,rare_mutant_rejected
2,1.5707963267948966,0.0,1.5707963267948966,0.9424777960769379,0.15707963267948966,-2.139418324771823,0,-2.167251503042577,rare_mutant_rejected
2,1.5707963267948966,0.0,1.5707963267948966,0.9424777960769379,0.23561944901923448,-2.0948045390397283,0,-2.1195782571088606,rare_mutant_rejected
2,1.5707963267948966,0.0,1.5707963267948966,0.9424777960769379,0.3141592653589793,-2.033429227240406,0,-2.054487373968789,rare_mutant_rejected
2,1.5707963267948966,0.0,1.5707963267948966,0.9424777960769379,0.39269908169872414,-1.956674930466316,0,-1.9735816071895274,rare_mutant_rejected
2,1.5707963267948966,0.0,1.5707963267948966,0.9424777960769379,0.47123889803846897,-1.8662889039394175,0,-1.8788531252600267,rare_mutant_rejected
2,1.5707963267948966,0.0,1.5707963267948966,0.9424777960769379,0.5497787143782138,-1.7643540613093012,0,-1.7726344577911983,rare_mutant_rejected
2,1.5707963267948966,0.0,1.5707963267948966,0.9424777960769379,0.6283185307179586,-1.6532516539268447,0,-1.6575410608956709,rare_mutant_rejected
2,1.5707963267948966,0.0,1.5707963267948966,0.9424777960769379,0.7068583470577035,-1.5356152368153164,0,-1.5364069159780978,rare_mutant_rejected
2,1.5707963267948966,0.0,1.5707963267948966,0.9424777960769379,0.7853981633974483,-1.4142758214460651,0,-1.4122147477075275,rare_mutant_rejected
2,1.5707963267948966,0.0,1.5707963267948966,0.9424777960769379,0.8639379797371931,-1.2921985870049977,0,-1.2880225794369562,rare_mutant_rejected
2,1.5707963267948966,0.0,1.5707963267948966,0.9424777960769379,0.9424777960769379,-1.1724120800780824,0,-1.1668884345193828,rare_mutant_rejected
2,1.5707963267948966,0.0,1.5707963267948966,0.9424777960769379,1.0210176124166828,-1.0579314295453053,0,-1.0517950376238556,rare_mutant_rejected
2,1.5707963267948966,0.0,1.5707963267948966,0.9424777960769379,1.0995574287564276,-0.9516776839365177,0,-0.9455763701550266,rare_mutant_rejected
2,1.5707963267948966,0.0,1.5707963267948966,0.9424777960769379,1.1780972450961724,-0.8563958858815948,0,-0.8508478882255264,rare_mutant_rejected
2,1.5707963267948966,0.0,1.5707963267948966,0.9424777960769379,1.2566370614359172,-0.7745748797683318,0,-0.7699421214462645,rare_mutant_rejected
2,1.5707963267948966,0.0,1.5707963267948966,0.9424777960769379,1.335176877775662,-0.7083720606131139,0,-0.7048512383061931,rare_mutant_rejected
2,1.5707963267948966,0.0,1.5707963267948966,0.9424777960769379,1.413716694115407,-0.6595462843151241,0,-0.6571779923724761,rare_mutant_rejected
2,1.5707963267948966,0.0,1.5707963267948966,0.9424777960769379,1.4922565104551517,-0.6294019585045176,0,-0.6280962571784339,rare_mutant_rejected
2,1.5707963267948966,0.0,1.5707963267948966,0.9424777960769379,1.5707963267948966,-0.6187469240568597,0,-0.6183221215612908,rare_mutant_rejected
2,1.5707963267948966,0.0,1.5707963267948966,1.0210176124166828,0.0,-2.2088707653994524,0,-2.2387507176420254,rare_mutant_rejected
2,1.5707963267948966,0.0,1.5707963267948966,1.0210176124166828,0.07853981633974483,-2.200822549416148,0,-2.2293784757554382,rare_mutant_rejected
2,1.5707963267948966,0.0,1.5707963267948966,1.0210176124166828,0.15707963267948966,-2.175149388957772,0,-2.201492525795612,rare_mutant_rejected
2,1.5707963267948966,0.0,1.5707963267948966,1.0210176124166828,0.23561944901923448,-2.13242313768691,0,-2.1557795123987193,rare_mutant_rejected
2,1.5707963267948966,0.0,1.5707963267948966,1.0210176124166828,0.3141592653589793,-2.0736019308564666,0,-2.0933650416673855,rare_mutant_rejected
2,1.5707963267948966,0.0,1.5707963267948966,1.0210176124166828,0.39269908169872414,-2.0000157870547346,0,-2.0157859650127676,rare_mutant_rejected
2,1.5707963267948966,0.0,1.5707963267948966,1.0210176124166828,0.47123889803846897,-1.913345444120277,0,-1.9249525367722973,rare_mutant_rejected
2,1.5707963267948966,0.0,1.5707963267948966,1.0210176124166828,0.5497787143782138,-1.8155938162982712,0,-1.8231013774081197,rare_mutant_rejected
2,1.5707963267948966,0.0,1.5707963267948966,1.0210176124166828,0.6283185307179586,-1.7090495183444814,0,-1.7127404004883982,rare_mutant_rejected
2,1.5707963267948966,0.0,1.5707963267948966,1.0210176124166828,0.7068583470577035,-1.5962420976211016,0,-1.5965870595319807,rare_mutant_rejected
2,1.5707963267948966,0.0,1.5707963267948966,1.0210176124166828,0.7853981633974483,-1.479888942460471,0,-1.477501435284051,rare_mutant_rejected
2,1.5707963267948966,0.0,1.5707963267948966,1.0210176124166828,0.8639379797371931,-1.3628342740951596,0,-1.3584158110361213,rare_mutant_rejected
2,1.5707963267948966,0.0,1.5707963267948966,1.0210176124166828,0.9424777960769379,-1.2479811465439614,0,-1.2422624700797038,rare_mutant_rejected
2,1.5707963267948966,0.0,1.5707963267948966,1.0210176124166828,1.0210176124166828,-1.1382179297350967,0,-1.1319014931599825,rare_mutant_rejected
2,1.5707963267948966,0.0,1.5707963267948966,1.0210176124166828,1.0995574287564276,-1.0363412852033143,0,-1.0300503337958045,rare_mutant_rejected
2,1.5707963267948966,0.0,1.5707963267948966,1.0210176124166828,1.1780972450961724,-0.9449781087864504,0,-0.9392169055553348,rare_mutant_rejected
2,1.5707963267948966,0.0,1.5707963267948966,1.0210176124166828,1.2566370614359172,-0.8665092623451307,0,-0.861637828900716,rare_mutant_rejected
2,1.5707963267948966,0.0,1.5707963267948966,1.0210176124166828,1.335176877775662,-0.8029981065421601,0,-0.7992233581693826,rare_mutant_rejected
2,1.5707963267948966,0.0,1.5707963267948966,1.0210176124166828,1.413716694115407,-0.7561268515551123,0,-0.75351034477249,rare_mutant_rejected
2,1.5707963267948966,0.0,1.5707963267948966,1.0210176124166828,1.4922565104551517,-0.7271435500922294,0,-0.7256243948126637,rare_mutant_rejected
2,1.5707963267948966,0.0,1.5707963267948966,1.0210176124166828,1.5707963267948966,-0.7168221719778223,0,-0.7162521529260766,rare_mutant_rejected
2,1.5707963267948966,0.0,1.5707963267948966,1.0995574287564276,0.0,-2.2446702560713723,0,-2.2730047501302266,rare_mutant_rejected
2,1.5707963267948966,0.0,1.5707963267948966,1.0995574287564276,0.07853981633974483,-2.237088866910786,0,-2.2640542322248773,rare_mutant_rejected
2,1.5707963267948966,0.0,1.5707963267948966,1.0995574287564276,0.15707963267948966,-2.2126495442373315,0,-2.2374230699647244,rare_mutant_rejected
2,1.5707963267948966,0.0,1.5707963267948966,1.0995574287564276,0.23561944901923448,-2.171899065512396,0,-2.193767010948374,rare_mutant_rejected
2,1.5707963267948966,0.0,1.5707963267948966,1.0995574287564276,0.3141592653589793,-2.115755178611562,0,-2.1341610122349612,rare_mutant_rejected
2,1.5707963267948966,0.0,1.5707963267948966,1.0995574287564276,0.39269908169872414,-2.0454923892303,0,-2.060072771333778,rare_mutant_rejected
2,1.5707963267948966,0.0,1.5707963267948966,1.0995574287564276,0.47123889803846897,-1.9627211445496429,0,-1.9733265866205874,rare_mutant_rejected
2,1.5707963267948966,0.0,1.5707963267948966,1.0995574287564276,0.5497787143782138,-1.869359891433279,0,-1.8760584370571087,rare_mutant_rejected
2,1.5707963267948966,0.0,1.5707963267948966,1.0995574287564276,0.6283185307179586,-1.76759955065026,0,-1.7706633873000746,rare_mutant_rejected
2,1.5707963267948966,0.0,1.5707963267948966,1.0995574287564276,0.7068583470577035,-1.6598601353601634,0,-1.6597366132606202,rare_mutant_rejected
2,1.5707963267948966,0.0,1.5707963267948966,1.0995574287564276,0.7853981633974483,-1.5487395477617556,0,-1.5460095002604535,rare_mutant_rejected
2,1.5707963267948966,0.0,1.5707963267948966,1.0995574287564276,0.8639379797371931,-1.4369549938798354,0,-1.432282387260286,rare_mutant_rejected
2,1.5707963267948966,0.0,1.5707963267948966,1.0995574287564276,0.9424777960769379,-1.3272779320526018,0,-1.3213556132208315,rare_mutant_rejected
2,1.5707963267948966,0.0,1.5707963267948966,1.0995574287564276,1.0210176124166828,-1.2224639753118345,0,-1.2159605634637982,rare_mutant_rejected
2,1.5707963267948966,0.0,1.5707963267948966,1.0995574287564276,1.0995574287564276,-1.1251796552837792,0,-1.118692413900318,rare_mutant_rejected
2,1.5707963267948966,0.0,1.5707963267948966,1.0995574287564276,1.1780972450961724,-1.0379283779265818,0,-1.0319462291871273,rare_mutant_rejected
2,1.5707963267948966,0.0,1.5707963267948966,1.0995574287564276,1.2566370614359172,-0.9629782151415265,0,-0.9578579882859453,rare_mutant_rejected
2,1.5707963267948966,0.0,1.5707963267948966,1.0995574287564276,1.335176877775662,-0.9022943445640714,0,-0.8982519895725325,rare_mutant_rejected
2,1.5707963267948966,0.0,1.5707963267948966,1.0995574287564276,1.413716694115407,-0.8574789476169586,0,-0.8545959305561808,rare_mutant_rejected
2,1.5707963267948966,0.0,1.5707963267948966,1.0995574287564276,1.4922565104551517,-0.8297211922605148,0,-0.8279647682960287,rare_mutant_rejected
2,1.5707963267948966,0.0,1.5707963267948966,1.0995574287564276,1.5707963267948966,-0.8197595663266166,0,-0.8190142503906799,rare_mutant_rejected
2,1.5707963267948966,0.0,1.5707963267948966,1.1780972450961724,0.0,-2.2819573145318444,0,-2.308658283817455,rare_mutant_rejected
2,1.5707963267948966,0.0,1.5707963267948966,1.1780972450961724,0.07853981633974483,-2.2748513478540233,0,-2.300146720075443,rare_mutant_rejected
2,1.5707963267948966,0.0,1.5707963267948966,1.1780972450961724,0.15707963267948966,-2.2516884044352534,0,-2.274821611796994,rare_mutant_rejected
2,1.5707963267948966,0.0,1.5707963267948966,1.1780972450961724,0.23561944901923448,-2.212989095393823,0,-2.2333065471971407,rare_mutant_rejected
2,1.5707963267948966,0.0,1.5707963267948966,1.1780972450961724,0.3141592653589793,-2.159628858302877,0,-2.176623764946931,rare_mutant_rejected
2,1.5707963267948966,0.0,1.5707963267948966,1.1780972450961724,0.39269908169872414,-2.0928239841049687,0,-2.1061689832647335,rare_mutant_rejected
2,1.5707963267948966,0.0,1.5707963267948966,1.1780972450961724,0.47123889803846897,-2.014111223247059,0,-2.023677032701579,rare_mutant_rejected
2,1.5707963267948966,0.0,1.5707963267948966,1.1780972450961724,0.5497787143782138,-1.9253205378656841,0,-1.93117913885542,rare_mutant_rejected
2,1.5707963267948966,0.0,1.5707963267948966,1.1780972450961724,0.6283185307179586,-1.8285406341272272,0,-1.8309529068556585,rare_mutant_rejected
2,1.5707963267948966,0.0,1.5707963267948966,1.1780972450961724,0.7068583470577035,-1.7260770866047142,0,-1.7254662391659217,rare_mutant_rejected
2,1.5707963267948966,0.0,1.5707963267948966,1.1780972450961724,0.7853981633974483,-1.620403150473085,0,-1.6173165676349104,rare_mutant_rejected
2,1.5707963267948966,0.0,1.5707963267948966,1.1780972450961724,0.8639379797371931,-1.5141037304039315,0,-1.5091668961038986,rare_mutant_rejected
2,1.5707963267948966,0.0,1.5707963267948966,1.1780972450961724,0.9424777960769379,-1.4098134092545604,0,-1.403680228414162,rare_mutant_rejected
2,1.5707963267948966,0.0,1.5707963267948966,1.1780972450961724,1.0210176124166828,-1.3101498982734858,0,-1.303453996414401,rare_mutant_rejected
2,1.5707963267948966,0.0,1.5707963267948966,1.1780972450961724,1.0995574287564276,-1.217644711716388,0,-1.2109561025682416,rare_mutant_rejected
2,1.5707963267948966,0.0,1.5707963267948966,1.1780972450961724,1.1780972450961724,-1.1346732494705156,0,-1.128464152005087,rare_mutant_rejected
2,1.5707963267948966,0.0,1.5707963267948966,1.1780972450961724,1.2566370614359172,-1.0633867515713173,0,-1.0580093703228906,rare_mutant_rejected
2,1.5707963267948966,0.0,1.5707963267948966,1.1780972450961724,1.335176877775662,-1.0056487354518517,0,-1.00132658807268,rare_mutant_rejected
2,1.5707963267948966,0.0,1.5707963267948966,1.1780972450961724,1.413716694115407,-0.9629785178775689,0,-0.9598115234728266,rare_mutant_rejected
2,1.5707963267948966,0.0,1.5707963267948966,1.1780972450961724,1.4922565104551517,-0.9365042490705804,0,-0.9344864151943786,rare_mutant_rejected
2,1.5707963267948966,0.0,1.5707963267948966,1.1780972450961724,1.5707963267948966,-0.9269275508140566,0,-0.9259748514523651,rare_mutant_rejected
2,1.5707963267948966,0.0,1.5707963267948966,1.2566370614359172,0.0,-2.3205048067101837,0,-2.3454915028125263,rare_mutant_rejected
2,1.5707963267948966,0.0,1.5707963267948966,1.2566370614359172,0.07853981633974483,-2.3138787697681718,0,-2.3374334171175657,rare_mutant_rejected
2,1.5707963267948966,0.0,1.5707963267948966,1.2566370614359172,0.15707963267948966,-2.2920260086131314,0,-2.3134575768457477,rare_mutant_rejected
2,1.5707963267948966,0.0,1.5707963267948966,1.2566370614359172,0.23561944901923448,-2.2554400319550205,0,-2.274154346755816,rare_mutant_rejected
2,1.5707963267948966,0.0,1.5707963267948966,1.2566370614359172,0.3141592653589793,-2.2049522748602715,0,-2.2204915028125267,rare_mutant_rejected
2,1.5707963267948966,0.0,1.5707963267948966,1.2566370614359172,0.39269908169872414,-2.1417184226567505,0,-2.1537904023305314,rare_mutant_rejected
2,1.5707963267948966,0.0,1.5707963267948966,1.2566370614359172,0.47123889803846897,-2.067198518335662,0,-2.0756934477719593,rare_mutant_rejected
2,1.5707963267948966,0.0,1.5707963267948966,1.2566370614359172,0.5497787143782138,-1.9831305049476013,0,-1.988123645346974,rare_mutant_rejected
2,1.5707963267948966,0.0,1.5707963267948966,1.2566370614359172,0.6283185307179586,-1.891496925176858,0,-1.8932372542187896,rare_mutant_rejected
2,1.5707963267948966,0.0,1.5707963267948966,1.2566370614359172,0.7068583470577035,-1.7944846687710176,0,-1.7933706922468604,rare_mutant_rejected
2,1.5707963267948966,0.0,1.5707963267948966,1.2566370614359172,0.7853981633974483,-1.6944379206531777,0,-1.6909830056250528,rare_mutant_rejected
2,1.5707963267948966,0.0,1.5707963267948966,1.2566370614359172,0.8639379797371931,-1.5938048029922744,0,-1.588595319003245,rare_mutant_rejected
2,1.5707963267948966,0.0,1.5707963267948966,1.2566370614359172,0.9424777960769379,-1.4950785979331338,0,-1.4887287570313157,rare_mutant_rejected
2,1.5707963267948966,0.0,1.5707963267948966,1.2566370614359172,1.0210176124166828,-1.400734851092636,0,-1.3938423659031318,rare_mutant_rejected
2,1.5707963267948966,0.0,1.5707963267948966,1.2566370614359172,1.0995574287564276,-1.3131660517277244,0,-1.3062725634781456,rare_mutant_rejected
2,1.5707963267948966,0.0,1.5707963267948966,1.2566370614359172,1.1780972450961724,-1.2346159251140119,0,-1.2281756089195734,rare_mutant_rejected
2,1.5707963267948966,0.0,1.5707963267948966,1.2566370614359172,1.2566370614359172,-1.1671156203728235,0,-1.1614745084375793,rare_mutant_rejected
2,1.5707963267948966,0.0,1.5707963267948966,1.2566370614359172,1.335176877775662,-1.1124242033387248,0,-1.1078116644942895,rare_mutant_rejected
2,1.5707963267948966,0.0,1.5707963267948966,1.2566370614359172,1.413716694115407,-1.0719758490205686,0,-1.0685084344043576,rare_mutant_rejected
2,1.5707963267948966,0.0,1.5707963267948966,1.2566370614359172,1.4922565104551517,-1.0468359632428452,0,-1.044532594132539,rare_mutant_rejected
2,1.5707963267948966,0.0,1.5707963267948966,1.2566370614359172,1.5707963267948966,-1.0376681522227351,0,-1.0364745084375788,rare_mutant_rejected
2,1.5707963267948966,0.0,1.5707963267948966,1.335176877775662,0.0,-2.360077425820414,0,-2.3832773180720475,rare_mutant_rejected
2,1.5707963267948966,0.0,1.5707963267948966,1.335176877775662,0.07853981633974483,-2.3539318785394836,0,-2.3756844384648974,rare_mutant_rejected
2,1.5707963267948966,0.0,1.5707963267948966,1.335176877775662,0.15707963267948966,-2.3334142826166713,0,-2.353092761538697,rare_mutant_rejected
2,1.5707963267948966,0.0,1.5707963267948966,1.335176877775662,0.23561944901923448,-2.298990269193758,0,-2.3160585693568483,rare_mutant_rejected
2,1.5707963267948966,0.0,1.5707963267948966,1.335176877775662,0.3141592653589793,-2.2514458241774875,0,-2.2654937666403034,rare_mutant_rejected
2,1.5707963267948966,0.0,1.5707963267948966,1.335176877775662,0.39269908169872414,-2.191873969149774,0,-2.2026434266469046,rare_mutant_rejected
2,1.5707963267948966,0.0,1.5707963267948966,1.335176877775662,0.47123889803846897,-2.1216554514520425,0,-2.129055133335607,rare_mutant_rejected
2,1.5707963267948966,0.0,1.5707963267948966,1.335176877775662,0.5497787143782138,-2.042433174594902,0,-2.0465408747132794,rare_mutant_rejected
2,1.5707963267948966,0.0,1.5707963267948966,1.335176877775662,0.6283185307179586,-1.956080173512884,0,-1.9571324256763272,rare_mutant_rejected
2,1.5707963267948966,0.0,1.5707963267948966,1.335176877775662,0.7068583470577035,-1.8646610981313299,0,-1.8630313189696701,rare_mutant_rejected
2,1.5707963267948966,0.0,1.5707963267948966,1.335176877775662,0.7853981633974483,-1.770387409324815,0,-1.7665546361440951,rare_mutant_rejected
2,1.5707963267948966,0.0,1.5707963267948966,1.335176877775662,0.8639379797371931,-1.675566799793202,0,-1.6700779533185188,rare_mutant_rejected
2,1.5707963267948966,0.0,1.5707963267948966,1.335176877775662,0.9424777960769379,-1.582547706029708,0,-1.5759768466118618,rare_mutant_rejected
2,1.5707963267948966,0.0,1.5707963267948966,1.335176877775662,1.0210176124166828,-1.4936601469993,0,-1.48656839757491,rare_mutant_rejected
2,1.5707963267948966,0.0,1.5707963267948966,1.335176877775662,1.0995574287564276,-1.4111544769566777,0,-1.404054138952582,rare_mutant_rejected
2,1.5707963267948966,0.0,1.5707963267948966,1.335176877775662,1.1780972450961724,-1.337139939764267,0,-1.330465845641285,rare_mutant_rejected
2,1.5707963267948966,0.0,1.5707963267948966,1.335176877775662,1.2566370614359172,-1.2735251284049178,0,-1.2676155056478857,rare_mutant_rejected
2,1.5707963267948966,0.0,1.5707963267948966,1.335176877775662,1.335176877775662,-1.221962560096761,0,-1.2170507029313415,rare_mutant_rejected
2,1.5707963267948966,0.0,1.5707963267948966,1.335176877775662,1.413716694115407,-1.18379955684325,0,-1.180016510749492,rare_mutant_rejected
2,1.5707963267948966,0.0,1.5707963267948966,1.335176877775662,1.4922565104551517,-1.1600374659907111,0,-1.1574248338232924,rare_mutant_rejected
2,1.5707963267948966,0.0,1.5707963267948966,1.335176877775662,1.5707963267948966,-1.1513009692416272,0,-1.1498319542161424,rare_mutant_rejected
2,1.5707963267948966,0.0,1.5707963267948966,1.413716694115407,0.0,-2.40043308520851,0,-2.421782767479885,rare_mutant_rejected
2,1.5707963267948966,0.0,1.5707963267948966,1.413716694115407,0.07853981633974483,-2.3947648299396995,0,-2.414663953851075,rare_mutant_rejected
2,1.5707963267948966,0.0,1.5707963267948966,1.413716694115407,0.15707963267948966,-2.3755985532543846,0,-2.393482801782175,rare_mutant_rejected
2,1.5707963267948966,0.0,1.5707963267948966,1.413716694115407,0.23561944901923448,-2.3433714004607893,0,-2.3587608615333346,rare_mutant_rejected
2,1.5707963267948966,0.0,1.5707963267948966,1.413716694115407,0.3141592653589793,-2.2988227211546306,0,-2.3113531025089933,rare_mutant_rejected
2,1.5707963267948966,0.0,1.5707963267948966,1.413716694115407,0.39269908169872414,-2.2429811684595578,0,-2.2524268610736615,rare_mutant_rejected
2,1.5707963267948966,0.0,1.5707963267948966,1.413716694115407,0.47123889803846897,-2.1771460542096346,0,-2.183433096856461,rare_mutant_rejected
2,1.5707963267948966,0.0,1.5707963267948966,1.413716694115407,0.5497787143782138,-2.102862764891137,0,-2.1060706653095944,rare_mutant_rejected
2,1.5707963267948966,0.0,1.5707963267948966,1.413716694115407,0.6283185307179586,-2.0218921184097276,0,-2.0222444862489355,rare_mutant_rejected
2,1.5707963267948966,0.0,1.5707963267948966,1.413716694115407,0.7068583470577035,-1.9361736909461007,0,-1.934018638406096,rare_mutant_rejected
2,1.5707963267948966,0.0,1.5707963267948966,1.413716694115407,0.7853981633974483,-1.847783362634568,0,-1.8435655349597693,rare_mutant_rejected
2,1.5707963267948966,0.0,1.5707963267948966,1.413716694115407,0.8639379797371931,-1.7588856081912996,0,-1.753112431513442,rare_mutant_rejected
2,1.5707963267948966,0.0,1.5707963267948966,1.413716694115407,0.9424777960769379,-1.6716813738829621,0,-1.664886583670603,rare_mutant_rejected
2,1.5707963267948966,0.0,1.5707963267948966,1.413716694115407,1.0210176124166828,-1.5883527094054801,0,-1.5810604046099443,rare_mutant_rejected
2,1.5707963267948966,0.0,1.5707963267948966,1.413716694115407,1.0995574287564276,-1.5110056328921189,0,-1.5036979730630775,rare_mutant_rejected
2,1.5707963267948966,0.0,1.5707963267948966,1.413716694115407,1.1780972450961724,-1.4416129692763282,0,-1.4347042088458766,rare_mutant_rejected
2,1.5707963267948966,0.0,1.5707963267948966,1.413716694115407,1.2566370614359172,-1.3819590887581523,0,-1.3757779674105455,rare_mutant_rejected
2,1.5707963267948966,0.0,1.5707963267948966,1.413716694115407,1.335176877775662,-1.3335885603766011,0,-1.3283702083862046,rare_mutant_rejected
2,1.5707963267948966,0.0,1.5707963267948966,1.413716694115407,1.413716694115407,-1.2977607102824695,0,-1.2936482681373638,rare_mutant_rejected
2,1.5707963267948966,0.0,1.5707963267948966,1.413716694115407,1.4922565104551517,-1.2754119289127406,0,-1.2724671160684635,rare_mutant_rejected
2,1.5707963267948966,0.0,1.5707963267948966,1.413716694115407,1.5707963267948966,-1.2671273094690836,0,-1.2653483024396541,rare_mutant_rejected
2,1.5707963267948966,0.0,1.5707963267948966,1.4922565104551517,0.0,-2.441324364317137,0,-2.4607704521360776,rare_mutant_rejected
2,1.5707963267948966,0.0,1.5707963267948966,1.4922565104551517,0.07853981633974483,-2.4361266783378444,0,-2.454131641601739,rare_mutant_rejected
2,1.5707963267948966,0.0,1.5707963267948966,1.4922565104551517,0.15707963267948966,-2.41831910614855,0,-2.434378679547028,rare_mutant_rejected
2,1.5707963267948966,0.0,1.5707963267948966,1.4922565104551517,0.23561944901923448,-2.388309870935771,0,-2.4019979494540538,rare_mutant_rejected
2,1.5707963267948966,0.0,1.5707963267948966,1.4922565104551517,0.3141592653589793,-2.346790771194799,0,-2.3577867723631876,rare_mutant_rejected
2,1.5707963267948966,0.0,1.5707963267948966,1.4922565104551517,0.39269908169872414,-2.29472475961786,0,-2.302833774182891,rare_mutant_rejected
2,1.5707963267948966,0.0,1.5707963267948966,1.4922565104551517,0.47123889803846897,-2.2333280450535637,0,-2.238492080106907,rare_mutant_rejected
2,1.5707963267948966,0.0,1.5707963267948966,1.4922565104551517,0.5497787143782138,-2.164046589224895,0,-2.166345996181227,rare_mutant_rejected
2,1.5707963267948966,0.0,1.5707963267948966,1.4922565104551517,0.6283185307179586,-2.0885269461689364,0,-2.088171998431226,rare_mutant_rejected
2,1.5707963267948966,0.0,1.5707963267948966,1.4922565104551517,0.7068583470577035,-2.008581531662463,0,-2.0058949901261336,rare_mutant_rejected
2,1.5707963267948966,0.0,1.5707963267948966,1.4922565104551517,0.7853981633974483,-1.9261486087935158,0,-1.9215409042721552,rare_mutant_rejected
2,1.5707963267948966,0.0,1.5707963267948966,1.4922565104551517,0.8639379797371931,-1.843247523388665,0,-1.8371868184181768,rare_mutant_rejected
2,1.5707963267948966,0.0,1.5707963267948966,1.4922565104551517,0.9424777960769379,-1.7619300016171568,0,-1.7549098101130838,rare_mutant_rejected
2,1.5707963267948966,0.0,1.5707963267948966,1.4922565104551517,1.0210176124166828,-1.6842286090831138,0,-1.6767358123630831,rare_mutant_rejected
2,1.5707963267948966,0.0,1.5707963267948966,1.4922565104551517,1.0995574287564276,-1.6121037404174503,0,-1.6045897284374029,rare_mutant_rejected
2,1.5707963267948966,0.0,1.5707963267948966,1.4922565104551517,1.1780972450961724,-1.5473907345928188,0,-1.5402480343614195,rare_mutant_rejected
2,1.5707963267948966,0.0,1.5707963267948966,1.4922565104551517,1.2566370614359172,-1.4917488697363754,0,-1.4852950361811228,rare_mutant_rejected
2,1.5707963267948966,0.0,1.5707963267948966,1.4922565104551517,1.335176877775662,-1.4466140623792496,0,-1.4410838590902566,rare_mutant_rejected
2,1.5707963267948966,0.0,1.5707963267948966,1.4922565104551517,1.413716694115407,-1.4131570666097995,0,-1.4087031289972824,rare_mutant_rejected
2,1.5707963267948966,0.0,1.5707963267948966,1.4922565104551517,1.4922565104551517,-1.3922488331718599,0,-1.388950166942571,rare_mutant_rejected
2,1.5707963267948966,0.0,1.5707963267948966,1.4922565104551517,1.5707963267948966,-1.3844344505038488,0,-1.3823113564082323,rare_mutant_rejected
2,1.5707963267948966,0.0,1.5707963267948966,1.5707963267948966,0.0,-2.4824999999999995,0,-2.5,rare_mutant_rejected
2,1.5707963267948966,0.0,1.5707963267948966,1.5707963267948966,0.07853981633974483,-2.4777629040886815,0,-2.4938441702975687,rare_mutant_rejected
2,1.5707963267948966,0.0,1.5707963267948966,1.5707963267948966,0.15707963267948966,-2.4613127779564996,0,-2.475528258147577,rare_mutant_rejected
2,1.5707963267948966,0.0,1.5707963267948966,1.5707963267948966,0.23561944901923448,-2.433528662469615,0,-2.445503262094184,rare_mutant_rejected
2,1.5707963267948966,0.0,1.5707963267948966,1.5707963267948966,0.3141592653589793,-2.3950541741499802,0,-2.4045084971874737,rare_mutant_rejected
2,1.5707963267948966,0.0,1.5707963267948966,1.5707963267948966,0.39269908169872414,-2.346785623640307,0,-2.353553390593274,rare_mutant_rejected
2,1.5707963267948966,0.0,1.5707963267948966,1.5707963267948966,0.47123889803846897,-2.289854943567061,0,-2.2938926261462367,rare_mutant_rejected
2,1.5707963267948966,0.0,1.5707963267948966,1.5707963267948966,0.5497787143782138,-2.2256073569345216,0,-2.2269952498697734,rare_mutant_rejected
2,1.5707963267948966,0.0,1.5707963267948966,1.5707963267948966,0.6283185307179586,-2.1555737936018744,0,-2.1545084971874733,rare_mutant_rejected
2,1.5707963267948966,0.0,1.5707963267948966,1.5707963267948966,0.7068583470577035,-2.0814381917149145,0,-2.0782172325201156,rare_mutant_rejected
2,1.5707963267948966,0.0,1.5707963267948966,1.5707963267948966,0.7853981633974483,-2.005,0,-2.0,rare_mutant_rejected
2,1.5707963267948966,0.0,1.5707963267948966,1.5707963267948966,0.8639379797371931,-1.9281324159754878,0,-1.9217827674798846,rare_mutant_rejected
2,1.5707963267948966,0.0,1.5707963267948966,1.5707963267948966,0.9424777960769379,-1.8527371391144263,0,-1.845491502812526,rare_mutant_rejected
2,1.5707963267948966,0.0,1.5707963267948966,1.5707963267948966,1.0210176124166828,-1.7806966671897662,0,-1.7730047501302268,rare_mutant_rejected
2,1.5707963267948966,0.0,1.5707963267948966,1.5707963267948966,1.0995574287564276,-1.7138253963204368,0,-1.706107373853763,rare_mutant_rejected
2,1.5707963267948966,0.0,1.5707963267948966,1.5707963267948966,1.1780972450961724,-1.6538209780774904,0,-1.646446609406726,rare_mutant_rejected
2,1.5707963267948966,0.0,1.5707963267948966,1.5707963267948966,1.2566370614359172,-1.6022175196625315,0,-1.595491502812526,rare_mutant_rejected
2,1.5707963267948966,0.0,1.5707963267948966,1.5707963267948966,1.335176877775662,-1.5603422687650144,0,-1.5544967379058157,rare_mutant_rejected
2,1.5707963267948966,0.0,1.5707963267948966,1.5707963267948966,1.413716694115407,-1.529277391987249,0,-1.5244717418524227,rare_mutant_rejected
2,1.5707963267948966,0.0,1.5707963267948966,1.5707963267948966,1.4922565104551517,-1.5098283303054458,0,-1.506155829702431,rare_mutant_rejected
2,1.5707963267948966,0.0,1.5707963267948966,1.5707963267948966,1.5707963267948966,-1.5024999999999995,0,-1.4999999999999996,rare_mutant_rejected
2,1.5707963267948966,0.0,1.5707963267948966,1.6493361431346414,0.0,-2.5237064148313744,0,-2.5392295478639224,rare_mutant_rejected
2,1.5707963267948966,0.0,1.5707963267948966,1.6493361431346414,0.07853981633974483,-2.519416970667888,0,-2.5335566989933986,rare_mutant_rejected
2,1.5707963267948966,0.0,1.5707963267948966,1.6493361431346414,0.15707963267948966,-2.5043145733673673,0,-2.5166778367481255,rare_mutant_rejected
2,1.5707963267948966,0.0,1.5707963267948966,1.6493361431346414,0.23561944901923448,-2.4787490004478667,0,-2.489008574734314,rare_mutant_rejected
2,1.5707963267948966,0.0,1.5707963267948966,1.6493361431346414,0.3141592653589793,-2.4433153495335023,0,-2.45123022201176,rare_mutant_rejected
2,1.5707963267948966,0.0,1.5707963267948966,1.6493361431346414,0.39269908169872414,-2.398842753525882,0,-2.404273007003657,rare_mutant_rejected
2,1.5707963267948966,0.0,1.5707963267948966,1.6493361431346414,0.47123889803846897,-2.346378209094889,0,-2.349293172185566,rare_mutant_rejected
2,1.5707963267948966,0.0,1.5707963267948966,1.6493361431346414,0.5497787143782138,-2.287165501204346,0,-2.2876445035583197,rare_mutant_rejected
2,1.5707963267948966,0.0,1.5707963267948966,1.6493361431346414,0.6283185307179586,-2.2226192820567814,0,-2.2208449959437213,rare_mutant_rejected
2,1.5707963267948966,0.0,1.5707963267948966,1.6493361431346414,0.7068583470577035,-2.154294482155792,0,-2.1505394749140976,rare_mutant_rejected
2,1.5707963267948966,0.0,1.5707963267948966,1.6493361431346414,0.7853981633974483,-2.083851391206484,0,-2.078459095727845,rare_mutant_rejected
2,1.5707963267948966,0.0,1.5707963267948966,1.6493361431346414,0.8639379797371931,-2.0130169389507375,0,-2.006378716541593,rare_mutant_rejected
2,1.5707963267948966,0.0,1.5707963267948966,1.6493361431346414,0.9424777960769379,-1.9435429176336636,0,-1.9360731955119685,rare_mutant_rejected
2,1.5707963267948966,0.0,1.5707963267948966,1.6493361431346414,1.0210176124166828,-1.8771621018566156,0,-1.8692736878973701,rare_mutant_rejected
2,1.5707963267948966,0.0,1.5707963267948966,1.6493361431346414,1.0995574287564276,-1.815543419237755,0,-1.8076250192701235,rare_mutant_rejected
2,1.5707963267948966,0.0,1.5707963267948966,1.6493361431346414,1.1780972450961724,-1.7602474874252902,0,-1.7526451844520328,rare_mutant_rejected
2,1.5707963267948966,0.0,1.5707963267948966,1.6493361431346414,1.2566370614359172,-1.7126839420170288,0,-1.7056879694439298,rare_mutant_rejected
2,1.5707963267948966,0.0,1.5707963267948966,1.6493361431346414,1.335176877775662,-1.6740720215951872,0,-1.6679096167213758,rare_mutant_rejected
2,1.5707963267948966,0.0,1.5707963267948966,1.6493361431346414,1.413716694115407,-1.645405840967617,0,-1.6402403547075641,rare_mutant_rejected
2,1.5707963267948966,0.0,1.5707963267948966,1.6493361431346414,1.4922565104551517,-1.6274256682674026,0,-1.6233614924622912,rare_mutant_rejected
2,1.5707963267948966,0.0,1.5707963267948966,1.6493361431346414,1.5707963267948966,-1.6205963286446623,0,-1.6176886435917672,rare_mutant_rejected
2,1.5707963267948966,0.0,1.5707963267948966,1.7278759594743862,0.0,-2.564689273500752,0,-2.5782172325201156,rare_mutant_rejected
2,1.5707963267948966,0.0,1.5707963267948966,1.7278759594743862,0.07853981633974483,-2.560831902250738,0,-2.5730243867440628,rare_mutant_rejected
2,1.5707963267948966,0.0,1.5707963267948966,1.7278759594743862,0.15707963267948966,-2.547059297040221,0,-2.5575737145129787,rare_mutant_rejected
2,1.5707963267948966,0.0,1.5707963267948966,1.7278759594743862,0.23561944901923448,-2.5236920721774765,0,-2.5322456626550336,rare_mutant_rejected
2,1.5707963267948966,0.0,1.5707963267948966,1.7278759594743862,0.3141592653589793,-2.491276771708901,0,-2.4976638918659546,rare_mutant_rejected
2,1.5707963267948966,0.0,1.5707963267948966,1.7278759594743862,0.39269908169872414,-2.4505752342204117,0,-2.454679920112886,rare_mutant_rejected
2,1.5707963267948966,0.0,1.5707963267948966,1.7278759594743862,0.47123889803846897,-2.4025493904379753,0,-2.4043521554360123,rare_mutant_rejected
2,1.5707963267948966,0.0,1.5707963267948966,1.7278759594743862,0.5497787143782138,-2.3483415198164934,0,-2.347919834429953,rare_mutant_rejected
2,1.5707963267948966,0.0,1.5707963267948966,1.7278759594743862,0.6283185307179586,-2.289250066344442,0,-2.2867725081260124,rare_mutant_rejected
2,1.5707963267948966,0.0,1.5707963267948966,1.7278759594743862,0.7068583470577035,-2.2267012231384955,0,-2.2224158266341347,rare_mutant_rejected
2,1.5707963267948966,0.0,1.5707963267948966,1.7278759594743862,0.7853981633974483,-2.162216637365432,0,-2.1564344650402307,rare_mutant_rejected
2,1.5707963267948966,0.0,1.5707963267948966,1.7278759594743862,0.8639379797371931,-2.097377754414444,0,-2.090453103446327,rare_mutant_rejected
2,1.5707963267948966,0.0,1.5707963267948966,1.7278759594743862,0.9424777960769379,-2.0337875018963105,0,-2.0260964219544495,rare_mutant_rejected
2,1.5707963267948966,0.0,1.5707963267948966,1.7278759594743862,1.0210176124166828,-1.9730301958126384,0,-1.9649490956505091,rare_mutant_rejected
2,1.5707963267948966,0.0,1.5707963267948966,1.7278759594743862,1.0995574287564276,-1.9166307172622432,0,-1.9085167746444491,rare_mutant_rejected
2,1.5707963267948966,0.0,1.5707963267948966,1.7278759594743862,1.1780972450961724,-1.8660141422780074,0,-1.8581890099675755,rare_mutant_rejected
2,1.5707963267948966,0.0,1.5707963267948966,1.7278759594743862,1.2566370614359172,-1.8224670951304827,0,-1.8152050382145073,rare_mutant_rejected
2,1.5707963267948966,0.0,1.5707963267948966,1.7278759594743862,1.335176877775662,-1.7871021248524634,0,-1.7806232674254283,rare_mutant_rejected
2,1.5707963267948966,0.0,1.5707963267948966,1.7278759594743862,1.413716694115407,-1.7608263680736354,0,-1.7552952155674828,rare_mutant_rejected
2,1.5707963267948966,0.0,1.5707963267948966,1.7278759594743862,1.4922565104551517,-1.7443156557112276,0,-1.739844543336399,rare_mutant_rejected
2,1.5707963267948966,0.0,1.5707963267948966,1.7278759594743862,1.5707963267948966,-1.7379950492401781,0,-1.7346516975603463,rare_mutant_rejected
2,1.5707963267948966,0.0,1.5707963267948966,1.806415775814131,0.0,-2.605195057869115,0,-2.6167226819279525,rare_mutant_rejected
2,1.5707963267948966,0.0,1.5707963267948966,1.806415775814131,0.07853981633974483,-2.601751872107815,0,-2.612003902130241,rare_mutant_rejected
2,1.5707963267948966,0.0,1.5707963267948966,1.806415775814131,0.15707963267948966,-2.5892831904676044,0,-2.5979637547564565,rare_mutant_rejected
2,1.5707963267948966,0.0,1.5707963267948966,1.806415775814131,0.23561944901923448,-2.5680807462111956,0,-2.57494795483152,rare_mutant_rejected
2,1.5707963267948966,0.0,1.5707963267948966,1.806415775814131,0.3141592653589793,-2.5386428037281905,0,-2.543523227734644,rare_mutant_rejected
2,1.5707963267948966,0.0,1.5707963267948966,1.806415775814131,0.39269908169872414,-2.5016642203160124,0,-2.5044633545396433,rare_mutant_rejected
2,1.5707963267948966,0.0,1.5707963267948966,1.806415775814131,0.47123889803846897,-2.4580222733453354,0,-2.4587301189568667,rare_mutant_rejected
2,1.5707963267948966,0.0,1.5707963267948966,1.806415775814131,0.5497787143782138,-2.408758314312079,0,-2.407449625026268,rare_mutant_rejected
2,1.5707963267948966,0.0,1.5707963267948966,1.806415775814131,0.6283185307179586,-2.355055382839911,0,-2.3518845686986203,rare_mutant_rejected
2,1.5707963267948966,0.0,1.5707963267948966,1.806415775814131,0.7068583470577035,-2.2982120131766166,0,-2.2934031460705606,rare_mutant_rejected
2,1.5707963267948966,0.0,1.5707963267948966,1.806415775814131,0.7853981633974483,-2.239612590675185,0,-2.2334453638559055,rare_mutant_rejected
2,1.5707963267948966,0.0,1.5707963267948966,1.806415775814131,0.8639379797371931,-2.1806947600358924,0,-2.1734875816412504,rare_mutant_rejected
2,1.5707963267948966,0.0,1.5707963267948966,1.806415775814131,0.9424777960769379,-2.12291454134819,0,-2.115006159013191,rare_mutant_rejected
2,1.5707963267948966,0.0,1.5707963267948966,1.806415775814131,1.0210176124166828,-2.0677099624181694,0,-2.0594411026855437,rare_mutant_rejected
2,1.5707963267948966,0.0,1.5707963267948966,1.806415775814131,1.0995574287564276,-2.0164641533474525,0,-2.008160608754945,rare_mutant_rejected
2,1.5707963267948966,0.0,1.5707963267948966,1.806415775814131,1.1780972450961724,-1.9704689585758863,0,-1.9624273731721675,rare_mutant_rejected
2,1.5707963267948966,0.0,1.5707963267948966,1.806415775814131,1.2566370614359172,-1.9308901905258629,0,-1.923367499977167,rare_mutant_rejected
2,1.5707963267948966,0.0,1.5707963267948966,1.806415775814131,1.335176877775662,-1.8987356678989915,0,-1.8919427728802911,rare_mutant_rejected
2,1.5707963267948966,0.0,1.5707963267948966,1.806415775814131,1.413716694115407,-1.8748271443025246,0,-1.8689269729553548,rare_mutant_rejected
2,1.5707963267948966,0.0,1.5707963267948966,1.806415775814131,1.4922565104551517,-1.8597771370901186,0,-1.8548868255815707,rare_mutant_rejected
2,1.5707963267948966,0.0,1.5707963267948966,1.806415775814131,1.5707963267948966,-1.8539715144479019,0,-1.850168045783858,rare_mutant_rejected
2,1.5707963267948966,0.0,1.5707963267948966,1.8849555921538759,0.0,-2.6449726508038784,0,-2.6545084971874737,rare_mutant_rejected
2,1.5707963267948966,0.0,1.5707963267948966,1.8849555921538759,0.07853981633974483,-2.641923791924937,0,-2.650254923477572,rare_mutant_rejected
2,1.5707963267948966,0.0,1.5707963267948966,1.8849555921538759,0.15707963267948966,-2.630725563627213,0,-2.637598939449406,rare_mutant_rejected
2,1.5707963267948966,0.0,1.5707963267948966,1.8849555921538759,0.23561944901923448,-2.6116412820007326,0,-2.6168521774325524,rare_mutant_rejected
2,1.5707963267948966,0.0,1.5707963267948966,1.8849555921538759,0.3141592653589793,-2.5851215185257903,0,-2.588525491562421,rare_mutant_rejected
2,1.5707963267948966,0.0,1.5707963267948966,1.8849555921538759,0.39269908169872414,-2.5517948993142223,0,-2.553316378856016,rare_mutant_rejected
2,1.5707963267948966,0.0,1.5707963267948966,1.8849555921538759,0.47123889803846897,-2.512455012583617,0,-2.512091804520514,rare_mutant_rejected
2,1.5707963267948966,0.0,1.5707963267948966,1.8849555921538759,0.5497787143782138,-2.468043513154772,0,-2.4658668543925737,rare_mutant_rejected
2,1.5707963267948966,0.0,1.5707963267948966,1.8849555921538759,0.6283185307179586,-2.419629581057976,0,-2.4157797401561583,rare_mutant_rejected
2,1.5707963267948966,0.0,1.5707963267948966,1.8849555921538759,0.7068583470577035,-2.368385981107632,0,-2.3630637727933705,rare_mutant_rejected
2,1.5707963267948966,0.0,1.5707963267948966,1.8849555921538759,0.7853981633974483,-2.315562079346822,0,-2.3090169943749475,rare_mutant_rejected
2,1.5707963267948966,0.0,1.5707963267948966,1.8849555921538759,0.8639379797371931,-2.2624542954075233,0,-2.254970215956525,rare_mutant_rejected
2,1.5707963267948966,0.0,1.5707963267948966,1.8849555921538759,0.9424777960769379,-2.210374599326803,0,-2.2022542485937366,rare_mutant_rejected
2,1.5707963267948966,0.0,1.5707963267948966,1.8849555921538759,1.0210176124166828,-2.1606177875202257,0,-2.152167134357322,rare_mutant_rejected
2,1.5707963267948966,0.0,1.5707963267948966,1.8849555921538759,1.0995574287564276,-2.1144283846983063,0,-2.105942184229381,rare_mutant_rejected
2,1.5707963267948966,0.0,1.5707963267948966,1.8849555921538759,1.1780972450961724,-2.072968105731328,0,-2.064717609893879,rare_mutant_rejected
2,1.5707963267948966,0.0,1.5707963267948966,1.8849555921538759,1.2566370614359172,-2.037284864038342,0,-2.0295084971874733,rare_mutant_rejected
2,1.5707963267948966,0.0,1.5707963267948966,1.8849555921538759,1.335176877775662,-2.0082843232078273,0,-2.001181811317343,rare_mutant_rejected
2,1.5707963267948966,0.0,1.5707963267948966,1.8849555921538759,1.413716694115407,-1.986704951281274,0,-1.9804350493004887,rare_mutant_rejected
2,1.5707963267948966,0.0,1.5707963267948966,1.8849555921538759,1.4922565104551517,-1.9730974508837928,0,-1.967779065272323,rare_mutant_rejected
2,1.5707963267948966,0.0,1.5707963267948966,1.8849555921538759,1.5707963267948966,-1.967809305291327,0,-1.9635254915624212,rare_mutant_rejected
2,1.5707963267948966,0.0,1.5707963267948966,1.9634954084936207,0.0,-2.6837749185151885,0,-2.691341716182545,rare_mutant_rejected
2,1.5707963267948966,0.0,1.5707963267948966,1.9634954084936207,0.07853981633974483,-2.681098891951586,0,-2.687541620519695,rare_mutant_rejected
2,1.5707963267948966,0.0,1.5707963267948966,1.9634954084936207,0.15707963267948966,-2.6711304112267915,0,-2.6762349044981595,rare_mutant_rejected
2,1.5707963267948966,0.0,1.5707963267948966,1.9634954084936207,0.23561944901923448,-2.654105019312342,0,-2.6576999769912275,rare_mutant_rejected
2,1.5707963267948966,0.0,1.5707963267948966,1.9634954084936207,0.3141592653589793,-2.630426496276912,0,-2.6323932294280166,rare_mutant_rejected
2,1.5707963267948966,0.0,1.5707963267948966,1.9634954084936207,0.39269908169872414,-2.6006584284108136,0,-2.600937797921814,rare_mutant_rejected
2,1.5707963267948966,0.0,1.5707963267948966,1.9634954084936207,0.47123889803846897,-2.5655122354998277,0,-2.5641082195908944,rare_mutant_rejected
2,1.5707963267948966,0.0,1.5707963267948966,1.9634954084936207,0.5497787143782138,-2.525831764617314,0,-2.522811360884127,rare_mutant_rejected
2,1.5707963267948966,0.0,1.5707963267948966,1.9634954084936207,0.6283185307179586,-2.482574623117,0,-2.4780640875192894,rare_mutant_rejected
2,1.5707963267948966,0.0,1.5707963267948966,1.9634954084936207,0.7068583470577035,-2.436790503800549,0,-2.430968225874309,rare_mutant_rejected
2,1.5707963267948966,0.0,1.5707963267948966,1.9634954084936207,0.7853981633974483,-2.389596849526915,0,-2.3826834323650896,rare_mutant_rejected
2,1.5707963267948966,0.0,1.5707963267948966,1.9634954084936207,0.8639379797371931,-2.342152308522479,0,-2.3343986388558706,rare_mutant_rejected
2,1.5707963267948966,0.0,1.5707963267948966,1.9634954084936207,0.9424777960769379,-2.2956285390147686,0,-2.28730277721089,rare_mutant_rejected
2,1.5707963267948966,0.0,1.5707963267948966,1.9634954084936207,1.0210176124166828,-2.2511810247200006,0,-2.2425555038460523,rare_mutant_rejected
2,1.5707963267948966,0.0,1.5707963267948966,1.9634954084936207,1.0995574287564276,-2.20991965253725,0,-2.201258645139285,rare_mutant_rejected
2,1.5707963267948966,0.0,1.5707963267948966,1.9634954084936207,1.1780972450961724,-2.172879871919634,0,-2.164429066808365,rare_mutant_rejected
2,1.5707963267948966,0.0,1.5707963267948966,1.9634954084936207,1.2566370614359172,-2.1409952940335755,0,-2.132973635302163,rare_mutant_rejected
2,1.5707963267948966,0.0,1.5707963267948966,1.9634954084936207,1.335176877775662,-2.1150725918451125,0,-2.1076668877389526,rare_mutant_rejected
2,1.5707963267948966,0.0,1.5707963267948966,1.9634954084936207,1.413716694115407,-2.0957695258459745,0,-2.0891319602320197,rare_mutant_rejected
2,1.5707963267948966,0.0,1.5707963267948966,1.9634954084936207,1.4922565104551517,-2.0835768431685593,0,-2.0778252442104845,rare_mutant_rejected
2,1.5707963267948966,0.0,1.5707963267948966,1.9634954084936207,1.5707963267948966,-2.078804682232976,0,-2.0740251485476344,rare_mutant_rejected
2,1.5707963267948966,0.0,1.5707963267948966,2.0420352248333655,0.0,-2.7213602807978963,0,-2.7269952498697734,rare_mutant_rejected
2,1.5707963267948966,0.0,1.5707963267948966,2.0420352248333655,0.07853981633974483,-2.7190342817487685,0,-2.7236341083702604,rare_mutant_rejected
2,1.5707963267948966,0.0,1.5707963267948966,2.0420352248333655,0.15707963267948966,-2.710248003355835,0,-2.713633446330429,rare_mutant_rejected
2,1.5707963267948966,0.0,1.5707963267948966,2.0420352248333655,0.23561944901923448,-2.6952100369468344,0,-2.697239513239994,rare_mutant_rejected
2,1.5707963267948966,0.0,1.5707963267948966,2.0420352248333655,0.3141592653589793,-2.674278586899902,0,-2.674855982139986,rare_mutant_rejected
2,1.5707963267948966,0.0,1.5707963267948966,2.0420352248333655,0.39269908169872414,-2.6479538329632835,0,-2.647034009852769,rare_mutant_rejected
2,1.5707963267948966,0.0,1.5707963267948966,2.0420352248333655,0.47123889803846897,-2.616867104207245,0,-2.6144586656718856,rare_mutant_rejected
2,1.5707963267948966,0.0,1.5707963267948966,2.0420352248333655,0.5497787143782138,-2.581766985326197,0,-2.5779320626824385,rare_mutant_rejected
2,1.5707963267948966,0.0,1.5707963267948966,2.0420352248333655,0.6283185307179586,-2.5435025357181944,0,-2.538353607074873,rare_mutant_rejected
2,1.5707963267948966,0.0,1.5707963267948966,2.0420352248333655,0.7068583470577035,-2.5030038728620125,0,-2.4966978517796106,rare_mutant_rejected
2,1.5707963267948966,0.0,1.5707963267948966,2.0420352248333655,0.7853981633974483,-2.4612604522382444,0,-2.4539904997395467,rare_mutant_rejected
2,1.5707963267948966,0.0,1.5707963267948966,2.0420352248333655,0.8639379797371931,-2.4192974628634873,0,-2.4112831476994825,rare_mutant_rejected
2,1.5707963267948966,0.0,1.5707963267948966,2.0420352248333655,0.9424777960769379,-2.3781508453409548,0,-2.3696273924042206,rare_mutant_rejected
2,1.5707963267948966,0.0,1.5707963267948966,2.0420352248333655,1.0210176124166828,-2.338841521958129,0,-2.330048936796655,rare_mutant_rejected
2,1.5707963267948966,0.0,1.5707963267948966,2.0420352248333655,1.0995574287564276,-2.3023494989798605,0,-2.2935223338072075,rare_mutant_rejected
2,1.5707963267948966,0.0,1.5707963267948966,2.0420352248333655,1.1780972450961724,-2.2695885531413675,0,-2.2609469896263246,rare_mutant_rejected
2,1.5707963267948966,0.0,1.5707963267948966,2.0420352248333655,1.2566370614359172,-2.241382241395041,0,-2.2331250173391073,rare_mutant_rejected
2,1.5707963267948966,0.0,1.5707963267948966,2.0420352248333655,1.335176877775662,-2.218441970485958,0,-2.2107414862390997,rare_mutant_rejected
2,1.5707963267948966,0.0,1.5707963267948966,2.0420352248333655,1.413716694115407,-2.201347828037706,0,-2.1943475531486643,rare_mutant_rejected
2,1.5707963267948966,0.0,1.5707963267948966,2.0420352248333655,1.4922565104551517,-2.190532808832569,0,-2.1843468911088326,rare_mutant_rejected
2,1.5707963267948966,0.0,1.5707963267948966,2.0420352248333655,1.5707963267948966,-2.1862709705426524,0,-2.1809857496093206,rare_mutant_rejected
2,1.5707963267948966,0.0,1.5707963267948966,2.1205750411731104,0.0,-2.7574942583511985,0,-2.7612492823579746,rare_mutant_rejected
2,1.5707963267948966,0.0,1.5707963267948966,2.1205750411731104,0.07853981633974483,-2.755494481248961,0,-2.7583098648396995,rare_mutant_rejected
2,1.5707963267948966,0.0,1.5707963267948966,2.1205750411731104,0.15707963267948966,-2.7478364404344973,0,-2.7495639904995417,rare_mutant_rejected
2,1.5707963267948966,0.0,1.5707963267948966,2.1205750411731104,0.23561944901923448,-2.7347027704798177,0,-2.7352270117896484,rare_mutant_rejected
2,1.5707963267948966,0.0,1.5707963267948966,2.1205750411731104,0.3141592653589793,-2.7164076269191346,0,-2.715651952707562,rare_mutant_rejected
2,1.5707963267948966,0.0,1.5707963267948966,2.1205750411731104,0.39269908169872414,-2.6933898550754836,0,-2.69132081617378,rare_mutant_rejected
2,1.5707963267948966,0.0,1.5707963267948966,2.1205750411731104,0.47123889803846897,-2.6662033238158176,0,-2.662832715520176,rare_mutant_rejected
2,1.5707963267948966,0.0,1.5707963267948966,2.1205750411731104,0.5497787143782138,-2.63550455069923,0,-2.6308891223314275,rare_mutant_rejected
2,1.5707963267948966,0.0,1.5707963267948966,2.1205750411731104,0.6283185307179586,-2.6020377995737096,0,-2.5962765938865493,rare_mutant_rejected
2,1.5707963267948966,0.0,1.5707963267948966,2.1205750411731104,0.7068583470577035,-2.566617893913523,0,-2.5598474055082505,rare_mutant_rejected
2,1.5707963267948966,0.0,1.5707963267948966,2.1205750411731104,0.7853981633974483,-2.5301110575395285,0,-2.5224985647159492,rare_mutant_rejected
2,1.5707963267948966,0.0,1.5707963267948966,2.1205750411731104,0.8639379797371931,-2.493414165960612,0,-2.4851497239236475,rare_mutant_rejected
2,1.5707963267948966,0.0,1.5707963267948966,2.1205750411731104,0.9424777960769379,-2.4574328623993327,0,-2.4487205355453483,rare_mutant_rejected
2,1.5707963267948966,0.0,1.5707963267948966,2.1205750411731104,1.0210176124166828,-2.4230590577728917,0,-2.41410800710047,rare_mutant_rejected
2,1.5707963267948966,0.0,1.5707963267948966,2.1205750411731104,1.0995574287564276,-2.3911483882395324,0,-2.3821644139117217,rare_mutant_rejected
2,1.5707963267948966,0.0,1.5707963267948966,2.1205750411731104,1.1780972450961724,-2.362498242218135,0,-2.3536763132581178,rare_mutant_rejected
2,1.5707963267948966,0.0,1.5707963267948966,2.1205750411731104,1.2566370614359172,-2.337826986455572,0,-2.3293451767243356,rare_mutant_rejected
2,1.5707963267948966,0.0,1.5707963267948966,2.1205750411731104,1.335176877775662,-2.3177550142153667,0,-2.309770117642249,rare_mutant_rejected
2,1.5707963267948966,0.0,1.5707963267948966,2.1205750411731104,1.413716694115407,-2.3027882058986555,0,-2.295433138932356,rare_mutant_rejected
2,1.5707963267948966,0.0,1.5707963267948966,2.1205750411731104,1.4922565104551517,-2.29330433300641,0,-2.2866872645921985,rare_mutant_rejected
2,1.5707963267948966,0.0,1.5707963267948966,2.1205750411731104,1.5707963267948966,-2.2895428517728282,0,-2.2837478470739234,rare_mutant_rejected
2,1.5707963267948966,0.0,1.5707963267948966,2.199114857512855,0.0,-2.7919509862105794,0,-2.7938926261462367,rare_mutant_rejected
2,1.5707963267948966,0.0,1.5707963267948966,2.199114857512855,0.07853981633974483,-2.7902529118622987,0,-2.7913551023585184,rare_mutant_rejected
2,1.5707963267948966,0.0,1.5707963267948966,2.199114857512855,0.15707963267948966,-2.783663162496646,0,-2.783805013252576,rare_mutant_rejected
2,1.5707963267948966,0.0,1.5707963267948966,2.199114857512855,0.23561944901923448,-2.7723395789766356,0,-2.771428267079507,rare_mutant_rejected
2,1.5707963267948966,0.0,1.5707963267948966,2.199114857512855,0.3141592653589793,-2.75655410020659,0,-2.7545296204061582,rare_mutant_rejected
2,1.5707963267948966,0.0,1.5707963267948966,2.199114857512855,0.39269908169872414,-2.7366867410752076,0,-2.73352517399702,rare_mutant_rejected
2,1.5707963267948966,0.0,1.5707963267948966,2.199114857512855,0.47123889803846897,-2.7132170844939236,0,-2.7089321270324467,rare_mutant_rejected
2,1.5707963267948966,0.0,1.5707963267948966,2.199114857512855,0.5497787143782138,-2.6867134138927318,0,-2.681356041948349,rare_mutant_rejected
2,1.5707963267948966,0.0,1.5707963267948966,2.199114857512855,0.6283185307179586,-2.657819661614851,0,-2.6514759334792766,rare_mutant_rejected
2,1.5707963267948966,0.0,1.5707963267948966,2.199114857512855,0.7068583470577035,-2.627240402431471,0,-2.6200275490621334,rare_mutant_rejected
2,1.5707963267948966,0.0,1.5707963267948966,2.199114857512855,0.7853981633974483,-2.5957241785539353,0,-2.587785252292473,rare_mutant_rejected
2,1.5707963267948966,0.0,1.5707963267948966,2.199114857512855,0.8639379797371931,-2.564045500762936,0,-2.555542955522813,rare_mutant_rejected
2,1.5707963267948966,0.0,1.5707963267948966,2.199114857512855,0.9424777960769379,-2.532985926488716,0,-2.5240945711056693,rare_mutant_rejected
2,1.5707963267948966,0.0,1.5707963267948966,2.199114857512855,1.0210176124166828,-2.5033146661672148,0,-2.4942144626365974,rare_mutant_rejected
2,1.5707963267948966,0.0,1.5707963267948966,2.199114857512855,1.0995574287564276,-2.475769210003576,0,-2.4666383775524996,rare_mutant_rejected
2,1.5707963267948966,0.0,1.5707963267948966,2.199114857512855,1.1780972450961724,-2.451036494534295,0,-2.4420453305879257,rare_mutant_rejected
2,1.5707963267948966,0.0,1.5707963267948966,2.199114857512855,1.2566370614359172,-2.4297351387037667,0,-2.4210408841787876,rare_mutant_rejected
2,1.5707963267948966,0.0,1.5707963267948966,2.199114857512855,1.335176877775662,-2.412399269994048,0,-2.4041422375054387,rare_mutant_rejected
2,1.5707963267948966,0.0,1.5707963267948966,2.199114857512855,1.413716694115407,-2.3994644310148434,0,-2.39176549133237,rare_mutant_rejected
2,1.5707963267948966,0.0,1.5707963267948966,2.199114857512855,1.4922565104551517,-2.39125600573285,0,-2.384215402226428,rare_mutant_rejected
2,1.5707963267948966,0.0,1.5707963267948966,2.199114857512855,1.5707963267948966,-2.387980533457203,0,-2.3816778784387096,rare_mutant_rejected
2,1.5707963267948966,0.0,1.5707963267948966,2.2776546738526,0.0,-2.824514682292046,0,-2.824724024165092,rare_mutant_rejected
2,1.5707963267948966,0.0,1.5707963267948966,2.2776546738526,0.07853981633974483,-2.823093337468313,0,-2.8225660860487576,rare_mutant_rejected
2,1.5707963267948966,0.0,1.5707963267948966,2.2776546738526,0.15707963267948966,-2.817506403061291,0,-2.816145407297965,rare_mutant_rejected
2,1.5707963267948966,0.0,1.5707963267948966,2.2776546738526,0.23561944901923448,-2.807888250938819,0,-2.8056200863325698,rare_mutant_rejected
2,1.5707963267948966,0.0,1.5707963267948966,2.2776546738526,0.3141592653589793,-2.794470732483918,0,-2.791249291486277,rare_mutant_rejected
2,1.5707963267948966,0.0,1.5707963267948966,2.2776546738526,0.39269908169872414,-2.777577957066853,0,-2.773386879422137,rare_mutant_rejected
2,1.5707963267948966,0.0,1.5707963267948966,2.2776546738526,0.47123889803846897,-2.7576189255850596,0,-2.752472682007115,rare_mutant_rejected
2,1.5707963267948966,0.0,1.5707963267948966,2.2776546738526,0.5497787143782138,-2.7350781403366082,0,-2.7290216761918105,rare_mutant_rejected
2,1.5707963267948966,0.0,1.5707963267948966,2.2776546738526,0.6283185307179586,-2.710504355798607,0,-2.703611303568823,rare_mutant_rejected
2,1.5707963267948966,0.0,1.5707963267948966,2.2776546738526,0.7068583470577035,-2.684497680659047,0,-2.676867251844322,rare_mutant_rejected
2,1.5707963267948966,0.0,1.5707963267948966,2.2776546738526,0.7853981633974483,-2.6576952885718343,0,-2.6494480483301834,rare_mutant_rejected
2,1.5707963267948966,0.0,1.5707963267948966,2.2776546738526,0.8639379797371931,-2.6307560417713356,0,-2.6220288448160454,rare_mutant_rejected
2,1.5707963267948966,0.0,1.5707963267948966,2.2776546738526,0.9424777960769379,-2.604344375530874,0,-2.5952847930915444,rare_mutant_rejected
2,1.5707963267948966,0.0,1.5707963267948966,2.2776546738526,1.0210176124166828,-2.5791138297278198,0,-2.569874420468557,rare_mutant_rejected
2,1.5707963267948966,0.0,1.5707963267948966,2.2776546738526,1.0995574287564276,-2.555690643578275,0,-2.5464234146532525,rare_mutant_rejected
2,1.5707963267948966,0.0,1.5707963267948966,2.2776546738526,1.1780972450961724,-2.5346578481266246,0,-2.5255092172382305,rare_mutant_rejected
2,1.5707963267948966,0.0,1.5707963267948966,2.2776546738526,1.2566370614359172,-2.5165402958979746,0,-2.5076468051740903,rare_mutant_rejected
2,1.5707963267948966,0.0,1.5707963267948966,2.2776546738526,1.335176877775662,-2.5017910564541426,0,-2.493276010327798,rare_mutant_rejected
2,1.5707963267948966,0.0,1.5707963267948966,2.2776546738526,1.413716694115407,-2.49077957948444,0,-2.482750689362402,rare_mutant_rejected
2,1.5707963267948966,0.0,1.5707963267948966,2.2776546738526,1.4922565104551517,-2.4837819835399078,0,-2.4763300106116097,rare_mutant_rejected
2,1.5707963267948966,0.0,1.5707963267948966,2.2776546738526,1.5707963267948966,-2.4809737696556255,0,-2.4741720724952754,rare_mutant_rejected
2,1.5707963267948966,0.0,1.5707963267948966,2.356194490192345,0.0,-2.854981060122937,0,-2.8535533905932735,rare_mutant_rejected
2,1.5707963267948966,0.0,1.5707963267948966,2.356194490192345,0.07853981633974483,-2.853811245324126,0,-2.851750389817261,rare_mutant_rejected
2,1.5707963267948966,0.0,1.5707963267948966,2.356194490192345,0.15707963267948966,-2.8491565781347874,0,-2.8463857833521455,rare_mutant_rejected
2,1.5707963267948966,0.0,1.5707963267948966,2.356194490192345,0.23561944901923448,-2.841129440103352,0,-2.837591665613206,rare_mutant_rejected
2,1.5707963267948966,0.0,1.5707963267948966,2.356194490192345,0.3141592653589793,-2.8299240098897847,0,-2.825584576965179,rare_mutant_rejected
2,1.5707963267948966,0.0,1.5707963267948966,2.356194490192345,0.39269908169872414,-2.8158118222092705,0,-2.8106601717798214,rare_mutant_rejected
2,1.5707963267948966,0.0,1.5707963267948966,2.356194490192345,0.47123889803846897,-2.7991355105074627,0,-2.7931859384440574,rare_mutant_rejected
2,1.5707963267948966,0.0,1.5707963267948966,2.356194490192345,0.5497787143782138,-2.7803008454732563,0,-2.7735921505762695,rare_mutant_rejected
2,1.5707963267948966,0.0,1.5707963267948966,2.356194490192345,0.6283185307179586,-2.7597672189031,0,-2.752361272261816,rare_mutant_rejected
2,1.5707963267948966,0.0,1.5707963267948966,2.356194490192345,0.7068583470577035,-2.7380367607114384,0,-2.7300160781860443,rare_mutant_rejected
2,1.5707963267948966,0.0,1.5707963267948966,2.356194490192345,0.7853981633974483,-2.71564231509248,0,-2.7071067811865475,rare_mutant_rejected
2,1.5707963267948966,0.0,1.5707963267948966,2.356194490192345,0.8639379797371931,-2.6931345385924246,0,-2.6841974841870506,rare_mutant_rejected
2,1.5707963267948966,0.0,1.5707963267948966,2.356194490192345,0.9424777960769379,-2.671068416395574,0,-2.661852290111279,rare_mutant_rejected
2,1.5707963267948966,0.0,1.5707963267948966,2.356194490192345,1.0210176124166828,-2.649989521469401,0,-2.6406214117968254,rare_mutant_rejected
2,1.5707963267948966,0.0,1.5707963267948966,2.356194490192345,1.0995574287564276,-2.6304203622827433,0,-2.6210276239290375,rare_mutant_rejected
2,1.5707963267948966,0.0,1.5707963267948966,2.356194490192345,1.1780972450961724,-2.6128471766464534,0,-2.6035533905932735,rare_mutant_rejected
2,1.5707963267948966,0.0,1.5707963267948966,2.356194490192345,1.2566370614359172,-2.5977075301636665,0,-2.588628985407916,rare_mutant_rejected
2,1.5707963267948966,0.0,1.5707963267948966,2.356194490192345,1.335176877775662,-2.585379066627101,0,-2.576621896759889,rare_mutant_rejected
2,1.5707963267948966,0.0,1.5707963267948966,2.356194490192345,1.413716694115407,-2.576169733890215,0,-2.5678277790209494,rare_mutant_rejected
2,1.5707963267948966,0.0,1.5707963267948966,2.356194490192345,1.4922565104551517,-2.570309772407927,0,-2.562463172555834,rare_mutant_rejected
2,1.5707963267948966,0.0,1.5707963267948966,2.356194490192345,1.5707963267948966,-2.5679457056857533,0,-2.560660171779821,rare_mutant_rejected
2,1.5707963267948966,0.0,1.5707963267948966,2.4347343065320897,0.0,-2.883158675021316,0,-2.8802029828000153,rare_mutant_rejected
2,1.5707963267948966,0.0,1.5707963267948966,2.4347343065320897,0.07853981633974483,-2.8822151571998296,0,-2.8787280827265307,rare_mutant_rejected
2,1.5707963267948966,0.0,1.5707963267948966,2.4347343065320897,0.15707963267948966,-2.8784176012448897,0,-2.8743396994407986,rare_mutant_rejected
2,1.5707963267948966,0.0,1.5707963267948966,2.4347343065320897,0.23561944901923448,-2.8718580221406786,0,-2.867145889503523,rare_mutant_rejected
2,1.5707963267948966,0.0,1.5707963267948966,2.4347343065320897,0.3141592653589793,-2.862695612396823,0,-2.8573237883902465,rare_mutant_rejected
2,1.5707963267948966,0.0,1.5707963267948966,2.4347343065320897,0.39269908169872414,-2.8511530498951463,0,-2.8451152488280615,rare_mutant_rejected
2,1.5707963267948966,0.0,1.5707963267948966,2.4347343065320897,0.47123889803846897,-2.837511301733215,0,-2.8308208855788095,rare_mutant_rejected
2,1.5707963267948966,0.0,1.5707963267948966,2.4347343065320897,0.5497787143782138,-2.8221030239263505,0,-2.814792673305959,rare_mutant_rejected
2,1.5707963267948966,0.0,1.5707963267948966,2.4347343065320897,0.6283185307179586,-2.8053046883569337,0,-2.797425279790254,rare_mutant_rejected
2,1.5707963267948966,0.0,1.5707963267948966,2.4347343065320897,0.7068583470577035,-2.787527599699249,0,-2.779146347899126,rare_mutant_rejected
2,1.5707963267948966,0.0,1.5707963267948966,2.4347343065320897,0.7853981633974483,-2.769207995428031,0,-2.760405965600031,rare_mutant_rejected
2,1.5707963267948966,0.0,1.5707963267948966,2.4347343065320897,0.8639379797371931,-2.750796450393023,0,-2.741665583300936,rare_mutant_rejected
2,1.5707963267948966,0.0,1.5707963267948966,2.4347343065320897,0.9424777960769379,-2.7327468325440964,0,-2.723386651409808,rare_mutant_rejected
2,1.5707963267948966,0.0,1.5707963267948966,2.4347343065320897,1.0210176124166828,-2.7155050768227316,0,-2.706019257894103,rare_mutant_rejected
2,1.5707963267948966,0.0,1.5707963267948966,2.4347343065320897,1.0995574287564276,-2.699498058574809,0,-2.689991045621252,rare_mutant_rejected
2,1.5707963267948966,0.0,1.5707963267948966,2.4347343065320897,1.1780972450961724,-2.6851228547682062,0,-2.675696682372,rare_mutant_rejected
2,1.5707963267948966,0.0,1.5707963267948966,2.4347343065320897,1.2566370614359172,-2.672736679728001,0,-2.6634881428098156,rare_mutant_rejected
2,1.5707963267948966,0.0,1.5707963267948966,2.4347343065320897,1.335176877775662,-2.6626477712898335,0,-2.6536660416965385,rare_mutant_rejected
2,1.5707963267948966,0.0,1.5707963267948966,2.4347343065320897,1.413716694115407,-2.6551074829169843,0,-2.6464722317592626,rare_mutant_rejected
2,1.5707963267948966,0.0,1.5707963267948966,2.4347343065320897,1.4922565104551517,-2.65030380763189,0,-2.642083848473531,rare_mutant_rejected
2,1.5707963267948966,0.0,1.5707963267948966,2.4347343065320897,1.5707963267948966,-2.6483565213093465,0,-2.6406089484000463,rare_mutant_rejected
2,1.5707963267948966,0.0,1.5707963267948966,2.5132741228718345,0.0,-2.908870193289816,0,-2.9045084971874737,rare_mutant_rejected
2,1.5707963267948966,0.0,1.5707963267948966,2.5132741228718345,0.07853981633974483,-2.9081278614202146,0,-2.9033328383287875,rare_mutant_rejected
2,1.5707963267948966,0.0,1.5707963267948966,2.5132741228718345,0.15707963267948966,-2.905108115835681,0,-2.8998348103756175,rare_mutant_rejected
2,1.5707963267948966,0.0,1.5707963267948966,2.5132741228718345,0.23561944901923448,-2.8998843637797083,0,-2.8941005463854603,rare_mutant_rejected
2,1.5707963267948966,0.0,1.5707963267948966,2.5132741228718345,0.3141592653589793,-2.8925837533951664,0,-2.886271242968684,rare_mutant_rejected
2,1.5707963267948966,0.0,1.5707963267948966,2.5132741228718345,0.39269908169872414,-2.883384187588985,0,-2.876539683559379,rare_mutant_rejected
2,1.5707963267948966,0.0,1.5707963267948966,2.5132741228718345,0.47123889803846897,-2.872510125771961,0,-2.8651454914473957,rare_mutant_rejected
2,1.5707963267948966,0.0,1.5707963267948966,2.5132741228718345,0.5497787143782138,-2.860227259004011,0,-2.8523692294576866,rare_mutant_rejected
2,1.5707963267948966,0.0,1.5707963267948966,2.5132741228718345,0.6283185307179586,-2.846836169879385,0,-2.838525491562421,rare_mutant_rejected
2,1.5707963267948966,0.0,1.5707963267948966,2.5132741228718345,0.7068583470577035,-2.832665113485422,0,-2.8239551565333127,rare_mutant_rejected
2,1.5707963267948966,0.0,1.5707963267948966,2.5132741228718345,0.7853981633974483,-2.818062079346822,0,-2.8090169943749475,rare_mutant_rejected
2,1.5707963267948966,0.0,1.5707963267948966,2.5132741228718345,0.8639379797371931,-2.8033863156550263,0,-2.794078832216582,rare_mutant_rejected
2,1.5707963267948966,0.0,1.5707963267948966,2.5132741228718345,0.9424777960769379,-2.7889995153919367,0,-2.7795084971874737,rare_mutant_rejected
2,1.5707963267948966,0.0,1.5707963267948966,2.5132741228718345,1.0210176124166828,-2.7752568782418425,0,-2.7656647592922083,rare_mutant_rejected
2,1.5707963267948966,0.0,1.5707963267948966,2.5132741228718345,1.0995574287564276,-2.7624982715099624,0,-2.752888497302499,rare_mutant_rejected
2,1.5707963267948966,0.0,1.5707963267948966,2.5132741228718345,1.1780972450961724,-2.751039716787499,0,-2.741494305190516,rare_mutant_rejected
2,1.5707963267948966,0.0,1.5707963267948966,2.5132741228718345,1.2566370614359172,-2.7411654261514418,0,-2.731762745781211,rare_mutant_rejected
2,1.5707963267948966,0.0,1.5707963267948966,2.5132741228718345,1.335176877775662,-2.7331206018391034,0,-2.7239334423644346,rare_mutant_rejected
2,1.5707963267948966,0.0,1.5707963267948966,2.5132741228718345,1.413716694115407,-2.7271051964743673,0,-2.7181991783742774,rare_mutant_rejected
2,1.5707963267948966,0.0,1.5707963267948966,2.5132741228718345,1.4922565104551517,-2.7232688072706885,0,-2.7147011504211074,rare_mutant_rejected
2,1.5707963267948966,0.0,1.5707963267948966,2.5132741228718345,1.5707963267948966,-2.721706847777264,0,-2.713525491562421,rare_mutant_rejected
2,1.5707963267948966,0.0,1.5707963267948966,2.5918139392115793,0.0,-2.931953574410573,0,-2.926320082177046,rare_mutant_rejected
2,1.5707963267948966,0.0,1.5707963267948966,2.5918139392115793,0.07853981633974483,-2.931387556948448,0,-2.9254129601238317,rare_mutant_rejected
2,1.5707963267948966,0.0,1.5707963267948966,2.5918139392115793,0.15707963267948966,-2.929062636847668,0,-2.922713930319704,rare_mutant_rejected
2,1.5707963267948966,0.0,1.5707963267948966,2.5918139392115793,0.23561944901923448,-2.9250354964252963,0,-2.918289451836007,rare_mutant_rejected
2,1.5707963267948966,0.0,1.5707963267948966,2.5918139392115793,0.3141592653589793,-2.9194044173419593,0,-2.9122484700170115,rare_mutant_rejected
2,1.5707963267948966,0.0,1.5707963267948966,2.5918139392115793,0.39269908169872414,-2.912306946712112,0,-2.9047397338839707,rare_mutant_rejected
2,1.5707963267948966,0.0,1.5707963267948966,2.5918139392115793,0.47123889803846897,-2.903916618768886,0,-2.895948133440546,rare_mutant_rejected
2,1.5707963267948966,0.0,1.5707963267948966,2.5918139392115793,0.5497787143782138,-2.894438802183216,0,-2.886090147067304,rare_mutant_rejected
2,1.5707963267948966,0.0,1.5707963267948966,2.5918139392115793,0.6283185307179586,-2.884105763513455,0,-2.8754085111055345,rare_mutant_rejected
2,1.5707963267948966,0.0,1.5707963267948966,2.5918139392115793,0.7068583470577035,-2.873171056563156,0,-2.864166242882934,rare_mutant_rejected
2,1.5707963267948966,0.0,1.5707963267948966,2.5918139392115793,0.7853981633974483,-2.8619033651758623,0,-2.852640164354092,rare_mutant_rejected
2,1.5707963267948966,0.0,1.5707963267948966,2.5918139392115793,0.8639379797371931,-2.850579942646626,0,-2.84111408582525,rare_mutant_rejected
2,1.5707963267948966,0.0,1.5707963267948966,2.5918139392115793,0.9424777960769379,-2.8394798038806277,0,-2.82987181760265,rare_mutant_rejected
2,1.5707963267948966,0.0,1.5707963267948966,2.5918139392115793,1.0210176124166828,-2.828876836065321,0,-2.8191901816408804,rare_mutant_rejected
2,1.5707963267948966,0.0,1.5707963267948966,2.5918139392115793,1.0995574287564276,-2.8190329993594365,0,-2.8093321952676384,rare_mutant_rejected
2,1.5707963267948966,0.0,1.5707963267948966,2.5918139392115793,1.1780972450961724,-2.8101917904335503,0,-2.8005405948242137,rare_mutant_rejected
2,1.5707963267948966,0.0,1.5707963267948966,2.5918139392115793,1.2566370614359172,-2.8025721382426374,0,-2.793031858691173,rare_mutant_rejected
2,1.5707963267948966,0.0,1.5707963267948966,2.5918139392115793,1.335176877775662,-2.7963628929607434,0,-2.7869908768721774,rare_mutant_rejected
2,1.5707963267948966,0.0,1.5707963267948966,2.5918139392115793,1.413716694115407,-2.791718055555069,0,-2.7825663983884805,rare_mutant_rejected
2,1.5707963267948966,0.0,1.5707963267948966,2.5918139392115793,1.4922565104551517,-2.7887528772397587,0,-2.7798673685843527,rare_mutant_rejected
2,1.5707963267948966,0.0,1.5707963267948966,2.5918139392115793,1.5707963267948966,-2.787540935477583,0,-2.7789602465311383,rare_mutant_rejected
2,1.5707963267948966,0.0,1.5707963267948966,2.670353755551324,0.0,-2.9522631567642588,0,-2.945503262094184,rare_mutant_rejected
2,1.5707963267948966,0.0,1.5707963267948966,2.670353755551324,0.07853981633974483,-2.9518489011895763,0,-2.9448323168184114,rare_mutant_rejected
2,1.5707963267948966,0.0,1.5707963267948966,2.670353755551324,0.15707963267948966,-2.950132593867242,0,-2.9428360018905235,rare_mutant_rejected
2,1.5707963267948966,0.0,1.5707963267948966,2.670353755551324,0.23561944901923448,-2.947156186922505,0,-2.9395634732094336,rare_mutant_rejected
2,1.5707963267948966,0.0,1.5707963267948966,2.670353755551324,0.3141592653589793,-2.942992488004717,0,-2.9350953112921703,rare_mutant_rejected
2,1.5707963267948966,0.0,1.5707963267948966,2.670353755551324,0.39269908169872414,-2.9377434146410004,0,-2.9295415371141162,rare_mutant_rejected
2,1.5707963267948966,0.0,1.5707963267948966,2.670353755551324,0.47123889803846897,-2.931537544062682,0,-2.9230389030274546,rare_mutant_rejected
2,1.5707963267948966,0.0,1.5707963267948966,2.670353755551324,0.5497787143782138,-2.9245270130239422,0,-2.9157475254644045,rare_mutant_rejected
2,1.5707963267948966,0.0,1.5707963267948966,2.670353755551324,0.6283185307179586,-2.916883837506814,0,-2.9078469423392623,rare_mutant_rejected
2,1.5707963267948966,0.0,1.5707963267948966,2.670353755551324,0.7068583470577035,-2.9087957364910184,0,-2.8995316922291017,rare_mutant_rejected
2,1.5707963267948966,0.0,1.5707963267948966,2.670353755551324,0.7853981633974483,-2.9004615568093093,0,-2.891006524188368,rare_mutant_rejected
2,1.5707963267948966,0.0,1.5707963267948966,2.670353755551324,0.8639379797371931,-2.89208640713118,0,-2.882481356147634,rare_mutant_rejected
2,1.5707963267948966,0.0,1.5707963267948966,2.670353755551324,0.9424777960769379,-2.8838766179310604,0,-2.8741661060374732,rare_mutant_rejected
2,1.5707963267948966,0.0,1.5707963267948966,2.670353755551324,1.0210176124166828,-2.8760346505229104,0,-2.8662655229123315,rare_mutant_rejected
2,1.5707963267948966,0.0,1.5707963267948966,2.670353755551324,1.0995574287564276,-2.868754081538072,0,-2.858974145349281,rare_mutant_rejected
2,1.5707963267948966,0.0,1.5707963267948966,2.670353755551324,1.1780972450961724,-2.862214789306533,0,-2.8524715112626193,rare_mutant_rejected
2,1.5707963267948966,0.0,1.5707963267948966,2.670353755551324,1.2566370614359172,-2.856578465281264,0,-2.8469177370845653,rare_mutant_rejected
2,1.5707963267948966,0.0,1.5707963267948966,2.670353755551324,1.335176877775662,-2.851984566841216,0,-2.842449575167302,rare_mutant_rejected
2,1.5707963267948966,0.0,1.5707963267948966,2.670353755551324,1.413716694115407,-2.848546817571017,0,-2.8391770464862125,rare_mutant_rejected
2,1.5707963267948966,0.0,1.5707963267948966,2.670353755551324,1.4922565104551517,-2.8463503476346905,0,-2.837180731558324,rare_mutant_rejected
2,1.5707963267948966,0.0,1.5707963267948966,2.670353755551324,1.5707963267948966,-2.845449550468859,0,-2.836509786282552,rare_mutant_rejected
2,1.5707963267948966,0.0,1.5707963267948966,2.748893571891069,0.0,-2.9696706380449083,0,-2.9619397662556435,rare_mutant_rejected
2,1.5707963267948966,0.0,1.5707963267948966,2.748893571891069,0.07853981633974483,-2.969383953816567,0,-2.9614711816209134,rare_mutant_rejected
2,1.5707963267948966,0.0,1.5707963267948966,2.748893571891069,0.15707963267948966,-2.9681872688507878,0,-2.9600769658255737,rare_mutant_rejected
2,1.5707963267948966,0.0,1.5707963267948966,2.748893571891069,0.23561944901923448,-2.9661098987587837,0,-2.9577914490896426,rare_mutant_rejected
2,1.5707963267948966,0.0,1.5707963267948966,2.748893571891069,0.3141592653589793,-2.963202760497002,0,-2.954670908420354,rare_mutant_rejected
2,1.5707963267948966,0.0,1.5707963267948966,2.748893571891069,0.39269908169872414,-2.9595371416055114,0,-2.9507921818854665,rare_mutant_rejected
2,1.5707963267948966,0.0,1.5707963267948966,2.748893571891069,0.47123889803846897,-2.9552029738322485,0,-2.946250776605024,rare_mutant_rejected
2,1.5707963267948966,0.0,1.5707963267948966,2.748893571891069,0.5497787143782138,-2.950306650817408,0,-2.9411585170490913,rare_mutant_rejected
2,1.5707963267948966,0.0,1.5707963267948966,2.748893571891069,0.6283185307179586,-2.944968440431403,0,-2.9356407915481757,rare_mutant_rejected
2,1.5707963267948966,0.0,1.5707963267948966,2.748893571891069,0.7068583470577035,-2.939319552340827,0,-2.929833464816391,rare_mutant_rejected
2,1.5707963267948966,0.0,1.5707963267948966,2.748893571891069,0.7853981633974483,-2.933498930173843,0,-2.9238795325112865,rare_mutant_rejected
2,1.5707963267948966,0.0,1.5707963267948966,2.748893571891069,0.8639379797371931,-2.9276498450228226,0,-2.917925600206182,rare_mutant_rejected
2,1.5707963267948966,0.0,1.5707963267948966,2.748893571891069,0.9424777960769379,-2.9219163727191004,0,-2.912118273474398,rare_mutant_rejected
2,1.5707963267948966,0.0,1.5707963267948966,2.748893571891069,1.0210176124166828,-2.916439841123311,0,-2.906600547973482,rare_mutant_rejected
2,1.5707963267948966,0.0,1.5707963267948966,2.748893571891069,1.0995574287564276,-2.9113553354085235,0,-2.9015082884175496,rare_mutant_rejected
2,1.5707963267948966,0.0,1.5707963267948966,2.748893571891069,1.1780972450961724,-2.9067883488321193,0,-2.896966883137107,rare_mutant_rejected
2,1.5707963267948966,0.0,1.5707963267948966,2.748893571891069,1.2566370614359172,-2.9028516637152304,0,-2.8930881566022193,rare_mutant_rejected
2,1.5707963267948966,0.0,1.5707963267948966,2.748893571891069,1.335176877775662,-2.899642542265206,0,-2.889967615932931,rare_mutant_rejected
2,1.5707963267948966,0.0,1.5707963267948966,2.748893571891069,1.413716694115407,-2.897240299554785,0,-2.887682099197,rare_mutant_rejected
2,1.5707963267948966,0.0,1.5707963267948966,2.748893571891069,1.4922565104551517,-2.895704321561699,0,-2.88628788340166,rare_mutant_rejected
2,1.5707963267948966,0.0,1.5707963267948966,2.748893571891069,1.5707963267948966,-2.8950725799059693,0,-2.88581929876693,rare_mutant_rejected
2,1.5707963267948966,0.0,1.5707963267948966,2.827433388230814,0.0,-2.9840659422979243,0,-2.975528258147577,rare_mutant_rejected
2,1.5707963267948966,0.0,1.5707963267948966,2.827433388230814,0.07853981633974483,-2.9838830096243516,0,-2.975226970396846,rare_mutant_rejected
2,1.5707963267948966,0.0,1.5707963267948966,2.827433388230814,0.15707963267948966,-2.98311462210679,0,-2.9743305258489934,rare_mutant_rejected
2,1.5707963267948966,0.0,1.5707963267948966,2.827433388230814,0.23561944901923448,-2.9817796376760435,0,-2.9728609979439162,rare_mutant_rejected
2,1.5707963267948966,0.0,1.5707963267948966,2.827433388230814,0.3141592653589793,-2.979910831013666,0,-2.9708545713357206,rare_mutant_rejected
2,1.5707963267948966,0.0,1.5707963267948966,2.827433388230814,0.39269908169872414,-2.9775540960319944,0,-2.968360650906449,rare_mutant_rejected
2,1.5707963267948966,0.0,1.5707963267948966,2.827433388230814,0.47123889803846897,-2.974767327786258,0,-2.9654406452539166,rare_mutant_rejected
2,1.5707963267948966,0.0,1.5707963267948966,2.827433388230814,0.5497787143782138,-2.971619010177845,0,-2.9621664546082322,rare_mutant_rejected
2,1.5707963267948966,0.0,1.5707963267948966,2.827433388230814,0.6283185307179586,-2.968186542925037,0,-2.958618700409509,rare_mutant_rejected
2,1.5707963267948966,0.0,1.5707963267948966,2.827433388230814,0.7068583470577035,-2.9645543476976135,0,-2.95488474014044,rare_mutant_rejected
2,1.5707963267948966,0.0,1.5707963267948966,2.827433388230814,0.7853981633974483,-2.960811798876629,0,-2.9510565162951536,rare_mutant_rejected
2,1.5707963267948966,0.0,1.5707963267948966,2.827433388230814,0.8639379797371931,-2.9570510289608523,0,-2.947228292449867,rare_mutant_rejected
2,1.5707963267948966,0.0,1.5707963267948966,2.827433388230814,0.9424777960769379,-2.9533646620609004,0,-2.9434943321807983,rare_mutant_rejected
2,1.5707963267948966,0.0,1.5707963267948966,2.827433388230814,1.0210176124166828,-2.9498435310842104,0,-2.9399465779820746,rare_mutant_rejected
2,1.5707963267948966,0.0,1.5707963267948966,2.827433388230814,1.0995574287564276,-2.9465744350270824,0,-2.9366723873363907,rare_mutant_rejected
2,1.5707963267948966,0.0,1.5707963267948966,2.827433388230814,1.1780972450961724,-2.9436379921938562,0,-2.9337523816838584,rare_mutant_rejected
2,1.5707963267948966,0.0,1.5707963267948966,2.827433388230814,1.2566370614359172,-2.941106643134155,0,-2.9312584612545867,rare_mutant_rejected
2,1.5707963267948966,0.0,1.5707963267948966,2.827433388230814,1.335176877775662,-2.939042853644469,0,-2.929252034646391,rare_mutant_rejected
2,1.5707963267948966,0.0,1.5707963267948966,2.827433388230814,1.413716694115407,-2.937497563381264,0,-2.9277825067413135,rare_mutant_rejected
2,1.5707963267948966,0.0,1.5707963267948966,2.827433388230814,1.4922565104551517,-2.9365089195850347,0,-2.926886062193461,rare_mutant_rejected
2,1.5707963267948966,0.0,1.5707963267948966,2.827433388230814,1.5707963267948966,-2.9361013282671746,0,-2.9265847744427305,rare_mutant_rejected
2,1.5707963267948966,0.0,1.5707963267948966,2.9059732045705586,0.0,-2.9953579663640153,0,-2.9861849601988384,rare_mutant_rejected
2,1.5707963267948966,0.0,1.5707963267948966,2.9059732045705586,0.07853981633974483,-2.995255314192163,0,-2.986014874134142,rare_mutant_rejected
2,1.5707963267948966,0.0,1.5707963267948966,2.9059732045705586,0.15707963267948966,-2.9948220009495006,0,-2.9855088040234485,rare_mutant_rejected
2,1.5707963267948966,0.0,1.5707963267948966,2.9059732045705586,0.23561944901923448,-2.9940686763851043,0,-2.9846792109924336,rare_mutant_rejected
2,1.5707963267948966,0.0,1.5707963267948966,2.9059732045705586,0.3141592653589793,-2.9930138589155932,0,-2.9835465223747826,rare_mutant_rejected
2,1.5707963267948966,0.0,1.5707963267948966,2.9059732045705586,0.39269908169872414,-2.991683482668315,0,-2.98213862872344,rare_mutant_rejected
2,1.5707963267948966,0.0,1.5707963267948966,2.9059732045705586,0.47123889803846897,-2.9901102627126477,0,-2.980490197052633,rare_mutant_rejected
2,1.5707963267948966,0.0,1.5707963267948966,2.9059732045705586,0.5497787143782138,-2.98833289373602,0,-2.978641817220928,rare_mutant_rejected
2,1.5707963267948966,0.0,1.5707963267948966,2.9059732045705586,0.6283185307179586,-2.9863951014818966,0,-2.9766390024742018,rare_mutant_rejected
2,1.5707963267948966,0.0,1.5707963267948966,2.9059732045705586,0.7068583470577035,-2.98434456989244,0,-2.974531068758481,rare_mutant_rejected
2,1.5707963267948966,0.0,1.5707963267948966,2.9059732045705586,0.7853981633974483,-2.9822317699996646,0,-2.972369920397677,rare_mutant_rejected
2,1.5707963267948966,0.0,1.5707963267948966,2.9059732045705586,0.8639379797371931,-2.9801087191052633,0,-2.970208772036872,rare_mutant_rejected
2,1.5707963267948966,0.0,1.5707963267948966,2.9059732045705586,0.9424777960769379,-2.9780277006119067,0,-2.9681008383211513,rare_mutant_rejected
2,1.5707963267948966,0.0,1.5707963267948966,2.9059732045705586,1.0210176124166828,-2.976039975962448,0,-2.9660980235744256,rare_mutant_rejected
2,1.5707963267948966,0.0,1.5707963267948966,2.9059732045705586,1.0995574287564276,-2.974194520468933,0,-2.96424964374272,rare_mutant_rejected
2,1.5707963267948966,0.0,1.5707963267948966,2.9059732045705586,1.1780972450961724,-2.972536814349819,0,-2.962601212071913,rare_mutant_rejected
2,1.5707963267948966,0.0,1.5707963267948966,2.9059732045705586,1.2566370614359172,-2.9711077190404653,0,-2.9611933184205705,rare_mutant_rejected
2,1.5707963267948966,0.0,1.5707963267948966,2.9059732045705586,1.335176877775662,-2.9699424668193806,0,-2.9600606298029195,rare_mutant_rejected
2,1.5707963267948966,0.0,1.5707963267948966,2.9059732045705586,1.413716694115407,-2.969069789042988,0,-2.959231036771905,rare_mutant_rejected
2,1.5707963267948966,0.0,1.5707963267948966,2.9059732045705586,1.4922565104551517,-2.9685112048686912,0,-2.958724966661211,rare_mutant_rejected
2,1.5707963267948966,0.0,1.5707963267948966,2.9059732045705586,1.5707963267948966,-2.9682804883537384,0,-2.9585548805965147,rare_mutant_rejected
2,1.5707963267948966,0.0,1.5707963267948966,2.9845130209103035,0.0,-3.003475199457816,0,-2.9938441702975687,rare_mutant_rejected
2,1.5707963267948966,0.0,1.5707963267948966,2.9845130209103035,0.07853981633974483,-3.003429656974339,0,-2.993768381818918,rare_mutant_rejected
2,1.5707963267948966,0.0,1.5707963267948966,2.9845130209103035,0.15707963267948966,-3.003236726214515,0,-2.993542882546838,rare_mutant_rejected
2,1.5707963267948966,0.0,1.5707963267948966,2.9845130209103035,0.23561944901923448,-3.00290115383055,0,-2.9931732250217964,rare_mutant_rejected
2,1.5707963267948966,0.0,1.5707963267948966,2.9845130209103035,0.3141592653589793,-3.002431196586248,0,-2.9926685114388825,rare_mutant_rejected
2,1.5707963267948966,0.0,1.5707963267948966,2.9845130209103035,0.39269908169872414,-3.0018384186493017,0,-2.9920411695215563,rare_mutant_rejected
2,1.5707963267948966,0.0,1.5707963267948966,2.9845130209103035,0.47123889803846897,-3.001137407600689,0,-2.991306646509851,rare_mutant_rejected
2,1.5707963267948966,0.0,1.5707963267948966,2.9845130209103035,0.5497787143782138,-3.000345416079803,0,-2.990483028798056,rare_mutant_rejected
2,1.5707963267948966,0.0,1.5707963267948966,2.9845130209103035,0.6283185307179586,-2.999481937806995,0,-2.989590596587667,rare_mutant_rejected
2,1.5707963267948966,0.0,1.5707963267948966,2.9845130209103035,0.7068583470577035,-2.998568228341073,0,-2.9886513245215163,rare_mutant_rejected
2,1.5707963267948966,0.0,1.5707963267948966,2.9845130209103035,0.7853981633974483,-2.9976267822981133,0,-2.9876883405951378,rare_mutant_rejected
2,1.5707963267948966,0.0,1.5707963267948966,2.9845130209103035,0.8639379797371931,-2.996680779845371,0,-2.9867253566687593,rare_mutant_rejected
2,1.5707963267948966,0.0,1.5707963267948966,2.9845130209103035,0.9424777960769379,-2.995753516061638,0,-2.9857860846026085,rare_mutant_rejected
2,1.5707963267948966,0.0,1.5707963267948966,2.9845130209103035,1.0210176124166828,-2.9948678272020826,0,-2.9848936523922194,rare_mutant_rejected
2,1.5707963267948966,0.0,1.5707963267948966,2.9845130209103035,1.0995574287564276,-2.9940455280078515,0,-2.9840700346804248,rare_mutant_rejected
2,1.5707963267948966,0.0,1.5707963267948966,2.9845130209103035,1.1780972450961724,-2.993306873953521,0,-2.9833355116687192,rare_mutant_rejected
2,1.5707963267948966,0.0,1.5707963267948966,2.9845130209103035,1.2566370614359172,-2.9926700617325084,0,-2.9827081697513926,rare_mutant_rejected
2,1.5707963267948966,0.0,1.5707963267948966,2.9845130209103035,1.335176877775662,-2.992150780354299,0,-2.982203456168479,rare_mutant_rejected
2,1.5707963267948966,0.0,1.5707963267948966,2.9845130209103035,1.413716694115407,-2.991761823989182,0,-2.981833798643437,rare_mutant_rejected
2,1.5707963267948966,0.0,1.5707963267948966,2.9845130209103035,1.4922565104551517,-2.991512776175729,0,-2.981608299371357,rare_mutant_rejected
2,1.5707963267948966,0.0,1.5707963267948966,2.9845130209103035,1.5707963267948966,-2.9914097732410507,0,-2.9815325108927064,rare_mutant_rejected
2,1.5707963267948966,0.0,1.5707963267948966,3.0630528372500483,0.0,-3.0083662106356357,0,-2.998458666866564,rare_mutant_rejected
2,1.5707963267948966,0.0,1.5707963267948966,3.0630528372500483,0.07853981633974483,-3.0083548373366407,0,-2.9984396904979955,rare_mutant_rejected
2,1.5707963267948966,0.0,1.5707963267948966,3.0630528372500483,0.15707963267948966,-3.0083065526439396,0,-2.9983832286534637,rare_mutant_rejected
2,1.5707963267948966,0.0,1.5707963267948966,3.0630528372500483,0.23561944901923448,-3.0082225452396907,0,-2.998290671610967,rare_mutant_rejected
2,1.5707963267948966,0.0,1.5707963267948966,3.0630528372500483,0.3141592653589793,-3.0081048832799304,0,-2.998164298432071,rare_mutant_rejected
2,1.5707963267948966,0.0,1.5707963267948966,3.0630528372500483,0.39269908169872414,-3.0079564635074005,0,-2.998007220843848,rare_mutant_rejected
2,1.5707963267948966,0.0,1.5707963267948966,3.0630528372500483,0.47123889803846897,-3.0077809399716253,0,-2.9978233066178315,rare_mutant_rejected
2,1.5707963267948966,0.0,1.5707963267948966,3.0630528372500483,0.5497787143782138,-3.0075826341067304,0,-2.9976170843326417,rare_mutant_rejected
2,1.5707963267948966,0.0,1.5707963267948966,3.0630528372500483,0.6283185307179586,-3.007366428376045,0,-2.9973936318653527,rare_mutant_rejected
2,1.5707963267948966,0.0,1.5707963267948966,3.0630528372500483,0.7068583470577035,-3.0071376460971435,0,-2.997158451357306,rare_mutant_rejected
2,1.5707963267948966,0.0,1.5707963267948966,3.0630528372500483,0.7853981633974483,-3.006901920401793,0,-2.996917333733128,rare_mutant_rejected
2,1.5707963267948966,0.0,1.5707963267948966,3.0630528372500483,0.8639379797371931,-3.006665055553755,0,-2.99667621610895,rare_mutant_rejected
2,1.5707963267948966,0.0,1.5707963267948966,3.0630528372500483,0.9424777960769379,-3.006432884036884,0,-2.996441035600903,rare_mutant_rejected
2,1.5707963267948966,0.0,1.5707963267948966,3.0630528372500483,1.0210176124166828,-3.006211122931684,0,-2.9962175831336144,rare_mutant_rejected
2,1.5707963267948966,0.0,1.5707963267948966,3.0630528372500483,1.0995574287564276,-3.0060052331176066,0,-2.9960113608484247,rare_mutant_rejected
2,1.5707963267948966,0.0,1.5707963267948966,3.0630528372500483,1.1780972450961724,-3.0058202847703894,0,-2.9958274466224077,rare_mutant_rejected
2,1.5707963267948966,0.0,1.5707963267948966,3.0630528372500483,1.2566370614359172,-3.005660832470002,0,-2.995670369034185,rare_mutant_rejected
2,1.5707963267948966,0.0,1.5707963267948966,3.0630528372500483,1.335176877775662,-3.005530802999126,0,-2.995543995855289,rare_mutant_rejected
2,1.5707963267948966,0.0,1.5707963267948966,3.0630528372500483,1.413716694115407,-3.0054333986000814,0,-2.995451438812792,rare_mutant_rejected
2,1.5707963267948966,0.0,1.5707963267948966,3.0630528372500483,1.4922565104551517,-3.0053710180775,0,-2.99539497696826,rare_mutant_rejected
2,1.5707963267948966,0.0,1.5707963267948966,3.0630528372500483,1.5707963267948966,-3.0053451976941012,0,-2.995376000599692,rare_mutant_rejected
2,1.5707963267948966,0.0,1.5707963267948966,3.141592653589793,0.0,-3.01,0,-3.0,rare_mutant_rejected
2,1.5707963267948966,0.0,1.5707963267948966,3.141592653589793,0.07853981633974483,-3.01,0,-3.0,rare_mutant_rejected
2,1.5707963267948966,0.0,1.5707963267948966,3.141592653589793,0.15707963267948966,-3.01,0,-3.0,rare_mutant_rejected
2,1.5707963267948966,0.0,1.5707963267948966,3.141592653589793,0.23561944901923448,-3.01,0,-3.0,rare_mutant_rejected
2,1.5707963267948966,0.0,1.5707963267948966,3.141592653589793,0.3141592653589793,-3.01,0,-3.0,rare_mutant_rejected
2,1.5707963267948966,0.0,1.5707963267948966,3.141592653589793,0.39269908169872414,-3.01,0,-3.0,rare_mutant_rejected
2,1.5707963267948966,0.0,1.5707963267948966,3.141592653589793,0.47123889803846897,-3.01,0,-3.0,rare_mutant_rejected
2,1.5707963267948966,0.0,1.5707963267948966,3.141592653589793,0.5497787143782138,-3.01,0,-3.0,rare_mutant_rejected
2,1.5707963267948966,0.0,1.5707963267948966,3.141592653589793,0.6283185307179586,-3.01,0,-3.0,rare_mutant_rejected
2,1.5707963267948966,0.0,1.5707963267948966,3.141592653589793,0.7068583470577035,-3.01,0,-3.0,rare_mutant_rejected
2,1.5707963267948966,0.0,1.5707963267948966,3.141592653589793,0.7853981633974483,-3.01,0,-3.0,rare_mutant_rejected
2,1.5707963267948966,0.0,1.5707963267948966,3.141592653589793,0.8639379797371931,-3.01,0,-3.0,rare_mutant_rejected
2,1.5707963267948966,0.0,1.5707963267948966,3.141592653589793,0.9424777960769379,-3.01,0,-3.0,rare_mutant_rejected
2,1.5707963267948966,0.0,1.5707963267948966,3.141592653589793,1.0210176124166828,-3.01,0,-3.0,rare_mutant_rejected
2,1.5707963267948966,0.0,1.5707963267948966,3.141592653589793,1.0995574287564276,-3.01,0,-3.0,rare_mutant_rejected
2,1.5707963267948966,0.0,1.5707963267948966,3.141592653589793,1.1780972450961724,-3.01,0,-3.0,rare_mutant_rejected
2,1.5707963267948966,0.0,1.5707963267948966,3.141592653589793,1.2566370614359172,-3.01,0,-3.0,rare_mutant_rejected
2,1.5707963267948966,0.0,1.5707963267948966,3.141592653589793,1.335176877775662,-3.01,0,-3.0,rare_mutant_rejected
2,1.5707963267948966,0.0,1.5707963267948966,3.141592653589793,1.413716694115407,-3.01,0,-3.0,rare_mutant_rejected
2,1.5707963267948966,0.0,1.5707963267948966,3.141592653589793,1.4922565104551517,-3.01,0,-3.0,rare_mutant_rejected
2,1.5707963267948966,0.0,1.5707963267948966,3.141592653589793,1.5707963267948966,-3.01,0,-3.0,rare_mutant_rejected
3,1.5707963267948966,1.5707963267948966,1.5707963267948966,0.0,0.0,-0.03959999999999919,1,-4.0,rare_mutant_rejected
3,1.5707963267948966,1.5707963267948966,1.5707963267948966,0.0,0.07853981633974483,-0.037918565462232046,1,-3.828697807033042,rare_mutant_rejected
3,1.5707963267948966,1.5707963267948966,1.5707963267948966,0.0,0.15707963267948966,-0.033036234353788,1,-3.3315594803123183,rare_mutant_rejected
3,1.5707963267948966,1.5707963267948966,1.5707963267948966,0.0,0.23561944901923448,-0.025423639886769323,1,-2.5572483830236603,rare_mutant_rejected
3,1.5707963267948966,1.5707963267948966,1.5707963267948966,0.0,0.3141592653589793,-0.015815594803123112,1,-1.5815594803123165,rare_mutant_rejected
3,1.5707963267948966,1.5707963267948966,1.5707963267948966,0.0,0.39269908169872414,-0.005141421356236187,1,-0.5000000000000036,rare_mutant_rejected
3,1.5707963267948966,1.5707963267948966,1.5707963267948966,0.0,0.47123889803846897,0.005563580100989007,1,0.5815594803123147,rare_mutant_invades
3,1.5707963267948966,1.5707963267948966,1.5707963267948966,0.0,0.5497787143782138,0.015257389111659414,1,1.5572483830236532,rare_mutant_invades
3,1.5707963267948966,1.5707963267948966,1.5707963267948966,0.0,0.6283185307179586,0.02299198800537461,1,2.3315594803123147,rare_mutant_invades
3,1.5707963267948966,1.5707963267948966,1.5707963267948966,0.0,0.7068583470577035,0.028005968667123682,1,2.8286978070330377,rare_mutant_invades
3,1.5707963267948966,1.5707963267948966,1.5707963267948966,0.0,0.7853981633974483,0.029800000000000715,1,2.9999999999999982,rare_mutant_invades
3,1.5707963267948966,1.5707963267948966,1.5707963267948966,0.0,0.8639379797371931,0.028187564867019788,1,2.8286978070330377,rare_mutant_invades
3,1.5707963267948966,1.5707963267948966,1.5707963267948966,0.0,0.9424777960769379,0.023315594803124284,1,2.331559480312313,rare_mutant_invades
3,1.5707963267948966,1.5707963267948966,1.5707963267948966,0.0,1.0210176124166828,0.01565246444789814,1,1.5572483830236532,rare_mutant_invades
3,1.5707963267948966,1.5707963267948966,1.5707963267948966,0.0,1.0995574287564276,0.005944002707508389,1,0.5815594803123165,rare_mutant_invades
3,1.5707963267948966,1.5707963267948966,1.5707963267948966,0.0,1.1780972450961724,-0.004858578643761824,1,-0.5000000000000018,rare_mutant_rejected
3,1.5707963267948966,1.5707963267948966,1.5707963267948966,0.0,1.2566370614359172,-0.01569198800537208,1,-1.5815594803123165,rare_mutant_rejected
3,1.5707963267948966,1.5707963267948966,1.5707963267948966,0.0,1.335176877775662,-0.02548621367278514,1,-2.5572483830236585,rare_mutant_rejected
3,1.5707963267948966,1.5707963267948966,1.5707963267948966,0.0,1.413716694115407,-0.03327134845470603,1,-3.3315594803123156,rare_mutant_rejected
3,1.5707963267948966,1.5707963267948966,1.5707963267948966,0.0,1.4922565104551517,-0.03827496807190833,1,-3.8286978070330386,rare_mutant_rejected
3,1.5707963267948966,1.5707963267948966,1.5707963267948966,0.0,1.5707963267948966,-0.040000000000000036,1,-4.0,rare_mutant_rejected
3,1.5707963267948966,1.5707963267948966,1.5707963267948966,0.07853981633974483,0.0,-0.0395698373847404,1,-3.996922085148788,rare_mutant_rejected
3,1.5707963267948966,1.5707963267948966,1.5707963267948966,0.07853981633974483,0.07853981633974483,-0.03789224497415056,1,-3.8260149228719236,rare_mutant_rejected
3,1.5707963267948966,1.5707963267948966,1.5707963267948966,0.07853981633974483,0.15707963267948966,-0.03302097962550743,1,-3.330013302919401,rare_mutant_rejected
3,1.5707963267948966,1.5707963267948966,1.5707963267948966,0.07853981633974483,0.23561944901923448,-0.02542533751876075,1,-2.5574404081246565,rare_mutant_rejected
3,1.5707963267948966,1.5707963267948966,1.5707963267948966,0.07853981633974483,0.3141592653589793,-0.015838048579501773,1,-1.583873661958803,rare_mutant_rejected
3,1.5707963267948966,1.5707963267948966,1.5707963267948966,0.07853981633974483,0.39269908169872414,-0.0051858115170100305,1,-0.5045478507474197,rare_mutant_rejected
3,1.5707963267948966,1.5707963267948966,1.5707963267948966,0.07853981633974483,0.47123889803846897,0.005498976186025573,1,0.5749655273791294,rare_mutant_invades
3,1.5707963267948966,1.5707963267948966,1.5707963267948966,0.07853981633974483,0.5497787143782138,0.01517718204731544,1,1.5490903557705291,rare_mutant_invades
3,1.5707963267948966,1.5707963267948966,1.5707963267948966,0.07853981633974483,0.6283185307179586,0.02290336162126927,1,2.322578106264624,rare_mutant_invades
3,1.5707963267948966,1.5707963267948966,1.5707963267948966,0.07853981633974483,0.7068583470577035,0.02791808841518595,1,2.819828828606779,rare_mutant_invades
3,1.5707963267948966,1.5707963267948966,1.5707963267948966,0.07853981633974483,0.7853981633974483,0.029723195044615736,1,2.9922885829171637,rare_mutant_invades
3,1.5707963267948966,1.5707963267948966,1.5707963267948966,0.07853981633974483,0.8639379797371931,0.028132358197021645,1,2.8231992723491004,rare_mutant_invades
3,1.5707963267948966,1.5707963267948966,1.5707963267948966,0.07853981633974483,0.9424777960769379,0.02329167316832148,1,2.3292360022384777,rare_mutant_invades
3,1.5707963267948966,1.5707963267948966,1.5707963267948966,0.07853981633974483,1.0210176124166828,0.015667688949955405,1,1.5588717644807435,rare_mutant_invades
3,1.5707963267948966,1.5707963267948966,1.5707963267948966,0.07853981633974483,1.0995574287564276,0.006003560032097788,1,0.5876295980806301,rare_mutant_invades
3,1.5707963267948966,1.5707963267948966,1.5707963267948966,0.07853981633974483,1.1780972450961724,-0.004752795536693277,1,-0.48931294950495285,rare_mutant_rejected
3,1.5707963267948966,1.5707963267948966,1.5707963267948966,0.07853981633974483,1.2566370614359172,-0.015541701746029979,1,-1.5664430640056946,rare_mutant_rejected
3,1.5707963267948966,1.5707963267948966,1.5707963267948966,0.07853981633974483,1.335176877775662,-0.025296747585919377,1,-2.538243312631348,rare_mutant_rejected
3,1.5707963267948966,1.5707963267948966,1.5707963267948966,0.07853981633974483,1.413716694115407,-0.033051269271489936,1,-3.3095224060884476,rare_mutant_rejected
3,1.5707963267948966,1.5707963267948966,1.5707963267948966,0.07853981633974483,1.4922565104551517,-0.03803541574546898,1,-3.8047347785886885,rare_mutant_rejected
3,1.5707963267948966,1.5707963267948966,1.5707963267948966,0.07853981633974483,1.5707963267948966,-0.0397537668119039,1,-3.975376681190272,rare_mutant_rejected
3,1.5707963267948966,1.5707963267948966,1.5707963267948966,0.15707963267948966,0.0,-0.039480103622617335,1,-3.98776412907379,rare_mutant_rejected
3,1.5707963267948966,1.5707963267948966,1.5707963267948966,0.15707963267948966,0.07853981633974483,-0.03781399109382555,1,-3.8180372054318674,rare_mutant_rejected
3,1.5707963267948966,1.5707963267948966,1.5707963267948966,0.15707963267948966,0.15707963267948966,-0.03297579015396135,1,-3.3254318598293597,rare_mutant_rejected
3,1.5707963267948966,1.5707963267948966,1.5707963267948966,0.15707963267948966,0.23561944901923448,-0.025430805129578182,1,-2.5580528012800077,rare_mutant_rejected
3,1.5707963267948966,1.5707963267948966,1.5707963267948966,0.15707963267948966,0.3141592653589793,-0.015905547477423454,1,-1.5908280284708223,rare_mutant_rejected
3,1.5707963267948966,1.5707963267948966,1.5707963267948966,0.15707963267948966,0.39269908169872414,-0.0053188830282779875,1,-0.5181789944811968,rare_mutant_rejected
3,1.5707963267948966,1.5707963267948966,1.5707963267948966,0.15707963267948966,0.47123889803846897,0.005305457626714194,1,0.5552156886491382,rare_mutant_invades
3,1.5707963267948966,1.5707963267948966,1.5707963267948966,0.15707963267948966,0.5497787143782138,0.014936964575834821,1,1.5246590485239242,rare_mutant_invades
3,1.5707963267948966,1.5707963267948966,1.5707963267948966,0.15707963267948966,0.6283185307179586,0.02263787652999305,1,2.29567500308716,rare_mutant_invades
3,1.5707963267948966,1.5707963267948966,1.5707963267948966,0.15707963267948966,0.7068583470577035,0.027654684368954463,1,2.793246001201796,rare_mutant_invades
3,1.5707963267948966,1.5707963267948966,1.5707963267948966,0.15707963267948966,0.7853981633974483,0.02949269686042122,1,2.96914506300919,rare_mutant_invades
3,1.5707963267948966,1.5707963267948966,1.5707963267948966,0.15707963267948966,0.8639379797371931,0.027966172091400843,1,2.806644784660298,rare_mutant_invades
3,1.5707963267948966,1.5707963267948966,1.5707963267948966,0.15707963267948966,0.9424777960769379,0.023218712498074723,1,2.3221426474874054,rare_mutant_invades
3,1.5707963267948966,1.5707963267948966,1.5707963267948966,0.15707963267948966,1.0210176124166828,0.01571142137606696,1,1.5635438326197004,rare_mutant_invades
3,1.5707963267948966,1.5707963267948966,1.5707963267948966,0.15707963267948966,1.0995574287564276,0.006179474484014236,1,0.6055601400048083,rare_mutant_invades
3,1.5707963267948966,1.5707963267948966,1.5707963267948966,0.15707963267948966,1.1780972450961724,-0.004439037085561814,1,-0.45761452334166286,rare_mutant_rejected
3,1.5707963267948966,1.5707963267948966,1.5707963267948966,0.15707963267948966,1.2566370614359172,-0.01509522486098458,1,-1.5215348358288363,rare_mutant_rejected
3,1.5707963267948966,1.5707963267948966,1.5707963267948966,0.15707963267948966,1.335176877775662,-0.02473342104999965,1,-2.481737115509338,rare_mutant_rejected
3,1.5707963267948966,1.5707963267948966,1.5707963267948966,0.15707963267948966,1.413716694115407,-0.03239663910178692,1,-3.2439728263909178,rare_mutant_rejected
3,1.5707963267948966,1.5707963267948966,1.5707963267948966,0.15707963267948966,1.4922565104551517,-0.03732270559421025,1,-3.733440616075942,rare_mutant_rejected
3,1.5707963267948966,1.5707963267948966,1.5707963267948966,0.15707963267948966,1.5707963267948966,-0.03902113032590293,1,-3.902113032590309,rare_mutant_rejected
3,1.5707963267948966,1.5707963267948966,1.5707963267948966,0.23561944901923448,0.0,-0.039333042326390455,1,-3.9727516310470943,rare_mutant_rejected
3,1.5707963267948966,1.5707963267948966,1.5707963267948966,0.23561944901923448,0.07853981633974483,-0.03768590877082989,1,-3.804975683139599,rare_mutant_rejected
3,1.5707963267948966,1.5707963267948966,1.5707963267948966,0.23561944901923448,0.15707963267948966,-0.032902374655468414,1,-3.3179848953389603,rare_mutant_rejected
3,1.5707963267948966,1.5707963267948966,1.5707963267948966,0.23561944901923448,0.23561944901923448,-0.02544115498534616,1,-2.5591933687175406,rare_mutant_rejected
3,1.5707963267948966,1.5707963267948966,1.5707963267948966,0.23561944901923448,0.3141592653589793,-0.016018496448044317,1,-1.6024573292776711,rare_mutant_rejected
3,1.5707963267948966,1.5707963267948966,1.5707963267948966,0.23561944901923448,0.39269908169872414,-0.005540335177565581,1,-0.5408558973036328,rare_mutant_rejected
3,1.5707963267948966,1.5707963267948966,1.5707963267948966,0.23561944901923448,0.47123889803846897,0.004983904820303309,1,0.522406039510475,rare_mutant_invades
3,1.5707963267948966,1.5707963267948966,1.5707963267948966,0.23561944901923448,0.5497787143782138,0.014537947570187448,1,1.4840827063304705,rare_mutant_invades
3,1.5707963267948966,1.5707963267948966,1.5707963267948966,0.23561944901923448,0.6283185307179586,0.022196716057035104,1,2.2509733282289854,rare_mutant_invades
3,1.5707963267948966,1.5707963267948966,1.5707963267948966,0.23561944901923448,0.7068583470577035,0.02721647236217173,1,2.7490222525986017,rare_mutant_invades
3,1.5707963267948966,1.5707963267948966,1.5707963267948966,0.23561944901923448,0.7853981633974483,0.02910826919886933,1,2.930543090344772,rare_mutant_invades
3,1.5707963267948966,1.5707963267948966,1.5707963267948966,0.23561944901923448,0.8639379797371931,0.027687333408247028,1,2.778860340741165,rare_mutant_invades
3,1.5707963267948966,1.5707963267948966,1.5707963267948966,0.23561944901923448,0.9424777960769379,0.0230931651821642,1,2.309914791757114,rare_mutant_invades
3,1.5707963267948966,1.5707963267948966,1.5707963267948966,0.23561944901923448,1.0210176124166828,0.015777895151150467,1,1.5706762107966004,rare_mutant_invades
3,1.5707963267948966,1.5707963267948966,1.5707963267948966,0.23561944901923448,1.0995574287564276,0.006463548616920889,1,0.6345193654472769,rare_mutant_invades
3,1.5707963267948966,1.5707963267948966,1.5707963267948966,0.23561944901923448,1.1780972450961724,-0.0039279820286433065,1,-0.4059833520635099,rare_mutant_rejected
3,1.5707963267948966,1.5707963267948966,1.5707963267948966,0.23561944901923448,1.2566370614359172,-0.014365591401602984,1,-1.4481465744143573,rare_mutant_rejected
3,1.5707963267948966,1.5707963267948966,1.5707963267948966,0.23561944901923448,1.335176877775662,-0.023811322148411307,1,-2.3892440471438103,rare_mutant_rejected
3,1.5707963267948966,1.5707963267948966,1.5707963267948966,0.23561944901923448,1.413716694115407,-0.03132414099614955,1,-3.136581723381413,rare_mutant_rejected
3,1.5707963267948966,1.5707963267948966,1.5707963267948966,0.23561944901923448,1.4922565104551517,-0.036154531412010193,1,-3.6165854089344434,rare_mutant_rejected
3,1.5707963267948966,1.5707963267948966,1.5707963267948966,0.23561944901923448,1.5707963267948966,-0.03782013048376687,1,-3.7820130483767374,rare_mutant_rejected
3,1.5707963267948966,1.5707963267948966,1.5707963267948966,0.3141592653589793,0.0,-0.03913233118267634,1,-3.9522542485937393,rare_mutant_rejected
3,1.5707963267948966,1.5707963267948966,1.5707963267948966,0.3141592653589793,0.07853981633974483,-0.037511447355094596,1,-3.7871761916294897,rare_mutant_rejected
3,1.5707963267948966,1.5707963267948966,1.5707963267948966,0.3141592653589793,0.15707963267948966,-0.0328035299687901,1,-3.307950278268242,rare_mutant_rejected
3,1.5707963267948966,1.5707963267948966,1.5707963267948966,0.3141592653589793,0.23561944901923448,-0.02545820158167711,1,-2.561037992864252,rare_mutant_rejected
3,1.5707963267948966,1.5707963267948966,1.5707963267948966,0.3141592653589793,0.3141592653589793,-0.016177544783267273,1,-1.6188171160283336,rare_mutant_rejected
3,1.5707963267948966,1.5707963267948966,1.5707963267948966,0.3141592653589793,0.39269908169872414,-0.005849654250979164,1,-0.5725149861890113,rare_mutant_rejected
3,1.5707963267948966,1.5707963267948966,1.5707963267948966,0.3141592653589793,0.47123889803846897,0.004535787823481741,1,0.47669675087998975,rare_mutant_invades
3,1.5707963267948966,1.5707963267948966,1.5707963267948966,0.3141592653589793,0.5497787143782138,0.01398214812951526,1,1.4275748052185389,rare_mutant_invades
3,1.5707963267948966,1.5707963267948966,1.5707963267948966,0.3141592653589793,0.6283185307179586,0.021581856134365474,1,2.188678669956472,rare_mutant_invades
3,1.5707963267948966,1.5707963267948966,1.5707963267948966,0.3141592653589793,0.7068583470577035,0.026604664275396317,1,2.687281120700616,rare_mutant_invades
3,1.5707963267948966,1.5707963267948966,1.5707963267948966,0.3141592653589793,0.7853981633974483,0.028569563617105942,1,2.876443558439302,rare_mutant_invades
3,1.5707963267948966,1.5707963267948966,1.5707963267948966,0.3141592653589793,0.8639379797371931,0.02729313674281819,1,2.7395646882548927,rare_mutant_invades
3,1.5707963267948966,1.5707963267948966,1.5707963267948966,0.3141592653589793,0.9424777960769379,0.02290924982953868,1,2.2919584101126347,rare_mutant_invades
3,1.5707963267948966,1.5707963267948966,1.5707963267948966,0.3141592653589793,1.0210176124166828,0.01585768679397148,1,1.5793076280081237,rare_mutant_invades
3,1.5707963267948966,1.5707963267948966,1.5707963267948966,0.3141592653589793,1.0995574287564276,0.006842368564323742,1,0.6731464906335596,rare_mutant_invades
3,1.5707963267948966,1.5707963267948966,1.5707963267948966,0.3141592653589793,1.1780972450961724,-0.0032371176670045188,1,-0.3361855740435029,rare_mutant_rejected
3,1.5707963267948966,1.5707963267948966,1.5707963267948966,0.3141592653589793,1.2566370614359172,-0.013374155440503799,1,-1.3484272459502513,rare_mutant_rejected
3,1.5707963267948966,1.5707963267948966,1.5707963267948966,0.3141592653589793,1.335176877775662,-0.022555177177771668,1,-2.2632455608274533,rare_mutant_rejected
3,1.5707963267948966,1.5707963267948966,1.5707963267948966,0.3141592653589793,1.413716694115407,-0.02986111983107964,1,-2.9900879222658965,rare_mutant_rejected
3,1.5707963267948966,1.5707963267948966,1.5707963267948966,0.3141592653589793,1.4922565104551517,-0.034559897499088166,1,-3.457070737791046,rare_mutant_rejected
3,1.5707963267948966,1.5707963267948966,1.5707963267948966,0.3141592653589793,1.5707963267948966,-0.03618033988749758,1,-3.618033988749895,rare_mutant_rejected
3,1.5707963267948966,1.5707963267948966,1.5707963267948966,0.39269908169872414,0.0,-0.038882991046462756,1,-3.92677669529664,rare_mutant_rejected
3,1.5707963267948966,1.5707963267948966,1.5707963267948966,0.39269908169872414,0.07853981633974483,-0.037295313781766204,1,-3.765110708812885,rare_mutant_rejected
3,1.5707963267948966,1.5707963267948966,1.5707963267948966,0.39269908169872414,0.15707963267948966,-0.032683065877971984,1,-3.2957065772850775,rare_mutant_rejected
3,1.5707963267948966,1.5707963267948966,1.5707963267948966,0.39269908169872414,0.23561944901923448,-0.02548440381083239,1,-2.5638250440129102,rare_mutant_rejected
3,1.5707963267948966,1.5707963267948966,1.5707963267948966,0.39269908169872414,0.3141592653589793,-0.01638354845374579,1,-1.639980266775951,rare_mutant_rejected
3,1.5707963267948966,1.5707963267948966,1.5707963267948966,0.39269908169872414,0.39269908169872414,-0.006246095222349979,1,-0.6130651637092335,rare_mutant_rejected
3,1.5707963267948966,1.5707963267948966,1.5707963267948966,0.39269908169872414,0.47123889803846897,0.003963170188709064,1,0.41831213862070094,rare_mutant_invades
3,1.5707963267948966,1.5707963267948966,1.5707963267948966,0.39269908169872414,0.5497787143782138,0.013272387871128721,1,1.3554336394922402,rare_mutant_invades
3,1.5707963267948966,1.5707963267948966,1.5707963267948966,0.39269908169872414,0.6283185307179586,0.02079607058879862,1,2.109079503771559,rare_mutant_invades
3,1.5707963267948966,1.5707963267948966,1.5707963267948966,0.39269908169872414,0.7068583470577035,0.025820995603266894,1,2.6081996636180165,rare_mutant_invades
3,1.5707963267948966,1.5707963267948966,1.5707963267948966,0.39269908169872414,0.7853981633974483,0.027876186110896484,1,2.806801668492861,rare_mutant_invades
3,1.5707963267948966,1.5707963267948966,1.5707963267948966,0.39269908169872414,0.8639379797371931,0.026779966909241892,1,2.6883822031162516,rare_mutant_invades
3,1.5707963267948966,1.5707963267948966,1.5707963267948966,0.39269908169872414,0.9424777960769379,0.022659144735359682,1,2.2674702225349996,rare_mutant_invades
3,1.5707963267948966,1.5707963267948966,1.5707963267948966,0.39269908169872414,1.0210176124166828,0.01593799224258241,1,1.588132432356268,rare_mutant_invades
3,1.5707963267948966,1.5707963267948966,1.5707963267948966,0.39269908169872414,1.0995574287564276,0.0072976704124529945,1,0.7195891890219901,rare_mutant_invades
3,1.5707963267948966,1.5707963267948966,1.5707963267948966,0.39269908169872414,1.1780972450961724,-0.0023902820018486537,1,-0.2506282966327742,rare_mutant_rejected
3,1.5707963267948966,1.5707963267948966,1.5707963267948966,0.39269908169872414,1.2566370614359172,-0.012150046595819752,1,-1.2253079815507366,rare_mutant_rejected
3,1.5707963267948966,1.5707963267948966,1.5707963267948966,0.39269908169872414,1.335176877775662,-0.02099873075127867,1,-2.107127948519601,rare_mutant_rejected
3,1.5707963267948966,1.5707963267948966,1.5707963267948966,0.39269908169872414,1.413716694115407,-0.028044903894584472,1,-2.808230069705484,rare_mutant_rejected
3,1.5707963267948966,1.5707963267948966,1.5707963267948966,0.39269908169872414,1.4922565104551517,-0.03257840317914251,1,-3.2588580786053862,rare_mutant_rejected
3,1.5707963267948966,1.5707963267948966,1.5707963267948966,0.39269908169872414,1.5707963267948966,-0.03414213562373103,1,-3.414213562373096,rare_mutant_rejected
3,1.5707963267948966,1.5707963267948966,1.5707963267948966,0.47123889803846897,0.0,-0.0385912618258919,1,-3.896946313073121,rare_mutant_rejected
3,1.5707963267948966,1.5707963267948966,1.5707963267948966,0.47123889803846897,0.07853981633974483,-0.037043354058719835,1,-3.739365525472417,rare_mutant_rejected
3,1.5707963267948966,1.5707963267948966,1.5707963267948966,0.47123889803846897,0.15707963267948966,-0.03254570254037503,1,-3.281722928651149,rare_mutant_rejected
3,1.5707963267948966,1.5707963267948966,1.5707963267948966,0.47123889803846897,0.23561944901923448,-0.0255227861447489,1,-2.567847761188119,rare_mutant_rejected
3,1.5707963267948966,1.5707963267948966,1.5707963267948966,0.47123889803846897,0.3141592653589793,-0.016637518916395422,1,-1.6660322585661191,rare_mutant_rejected
3,1.5707963267948966,1.5707963267948966,1.5707963267948966,0.47123889803846897,0.39269908169872414,-0.006728657061409571,1,-0.6623858066043926,rare_mutant_rejected
3,1.5707963267948966,1.5707963267948966,1.5707963267948966,0.47123889803846897,0.47123889803846897,0.003268713832244252,1,0.3475406963293448,rare_mutant_invades
3,1.5707963267948966,1.5707963267948966,1.5707963267948966,0.47123889803846897,0.5497787143782138,0.012412290196063047,1,1.268041716170158,rare_mutant_invades
3,1.5707963267948966,1.5707963267948966,1.5707963267948966,0.47123889803846897,0.6283185307179586,0.019842937960793172,1,2.0125477676511903,rare_mutant_invades
3,1.5707963267948966,1.5707963267948966,1.5707963267948966,0.47123889803846897,0.7068583470577035,0.02486776272461455,1,2.51201238126707,rare_mutant_invades
3,1.5707963267948966,1.5707963267948966,1.5707963267948966,0.47123889803846897,0.7853981633974483,0.027027787781396917,1,2.721576521586167,rare_mutant_invades
3,1.5707963267948966,1.5707963267948966,1.5707963267948966,0.47123889803846897,0.8639379797371931,0.026143465933933463,1,2.6248604199608767,rare_mutant_invades
3,1.5707963267948966,1.5707963267948966,1.5707963267948966,0.47123889803846897,0.9424777960769379,0.02233325187122759,1,2.2354651518050037,rare_mutant_invades
3,1.5707963267948966,1.5707963267948966,1.5707963267948966,0.47123889803846897,1.0210176124166828,0.01600300404481647,1,1.5955394799657228,rare_mutant_invades
3,1.5707963267948966,1.5707963267948966,1.5707963267948966,0.47123889803846897,1.0995574287564276,0.007806840391141989,1,0.7715547579192581,rare_mutant_invades
3,1.5707963267948966,1.5707963267948966,1.5707963267948966,0.47123889803846897,1.1780972450961724,-0.0014170385930638574,1,-0.152296080638477,rare_mutant_rejected
3,1.5707963267948966,1.5707963267948966,1.5707963267948966,0.47123889803846897,1.2566370614359172,-0.01072942661594034,1,-1.082426970168214,rare_mutant_rejected
3,1.5707963267948966,1.5707963267948966,1.5707963267948966,0.47123889803846897,1.335176877775662,-0.01918389940508103,1,-1.925097209433499,rare_mutant_rejected
3,1.5707963267948966,1.5707963267948966,1.5707963267948966,0.47123889803846897,1.413716694115407,-0.025921878600592585,1,-2.595653765290784,rare_mutant_rejected
3,1.5707963267948966,1.5707963267948966,1.5707963267948966,0.47123889803846897,1.4922565104551517,-0.030259265908779476,1,-3.0268710502412564,rare_mutant_rejected
3,1.5707963267948966,1.5707963267948966,1.5707963267948966,0.47123889803846897,1.5707963267948966,-0.03175570504584968,1,-3.175570504584945,rare_mutant_rejected
3,1.5707963267948966,1.5707963267948966,1.5707963267948966,0.5497787143782138,0.0,-0.038264448216475344,1,-3.863497624934893,rare_mutant_rejected
3,1.5707963267948966,1.5707963267948966,1.5707963267948966,0.5497787143782138,0.07853981633974483,-0.03676240599524494,1,-3.710626543941398,rare_mutant_rejected
3,1.5707963267948966,1.5707963267948966,1.5707963267948966,0.5497787143782138,0.15707963267948966,-0.03239694311495711,1,-3.266546450877035,rare_mutant_rejected
3,1.5707963267948966,1.5707963267948966,1.5707963267948966,0.5497787143782138,0.23561944901923448,-0.02557684091632506,1,-2.5734448006073354,rare_mutant_rejected
3,1.5707963267948966,1.5707963267948966,1.5707963267948966,0.5497787143782138,0.3141592653589793,-0.01694055987601839,1,-1.6970653229159076,rare_mutant_rejected
3,1.5707963267948966,1.5707963267948966,1.5707963267948966,0.5497787143782138,0.39269908169872414,-0.007296052571420297,1,-0.7203243236494163,rare_mutant_rejected
3,1.5707963267948966,1.5707963267948966,1.5707963267948966,0.5497787143782138,0.47123889803846897,0.002455684450077378,1,0.2647350764309859,rare_mutant_invades
3,1.5707963267948966,1.5707963267948966,1.5707963267948966,0.5497787143782138,0.5497787143782138,0.011406276197128307,1,1.165864929928933,rare_mutant_invades
3,1.5707963267948966,1.5707963267948966,1.5707963267948966,0.5497787143782138,0.6283185307179586,0.018726849284562697,1,1.8995394946036175,rare_mutant_invades
3,1.5707963267948966,1.5707963267948966,1.5707963267948966,0.5497787143782138,0.7068583470577035,0.02374786858468525,1,2.3990160008649823,rare_mutant_invades
3,1.5707963267948966,1.5707963267948966,1.5707963267948966,0.5497787143782138,0.7853981633974483,0.026024176983364455,1,2.620742950304434,rare_mutant_invades
3,1.5707963267948966,1.5707963267948966,1.5707963267948966,0.5497787143782138,0.8639379797371931,0.025378740197736782,1,2.548491733005207,rare_mutant_invades
3,1.5707963267948966,1.5707963267948966,1.5707963267948966,0.5497787143782138,0.9424777960769379,0.021920524720576928,1,2.194810370277258,rare_mutant_invades
3,1.5707963267948966,1.5707963267948966,1.5707963267948966,0.5497787143782138,1.0210176124166828,0.016034380016053618,1,1.5996604002290535,rare_mutant_invades
3,1.5707963267948966,1.5707963267948966,1.5707963267948966,0.5497787143782138,1.0995574287564276,0.008343536510563077,1,0.8263736571941696,rare_mutant_invades
3,1.5707963267948966,1.5707963267948966,1.5707963267948966,0.5497787143782138,1.1780972450961724,-0.0003518995508473566,1,-0.04467203825313959,rare_mutant_rejected
3,1.5707963267948966,1.5707963267948966,1.5707963267948966,0.5497787143782138,1.2566370614359172,-0.009154565329161812,1,-0.9240361345143633,rare_mutant_rejected
3,1.5707963267948966,1.5707963267948966,1.5707963267948966,0.5497787143782138,1.335176877775662,-0.01715971954139306,1,-1.7220732533557683,rare_mutant_rejected
3,1.5707963267948966,1.5707963267948966,1.5707963267948966,0.5497787143782138,1.413716694115407,-0.023546335134720486,1,-2.3577961378089496,rare_mutant_rejected
3,1.5707963267948966,1.5707963267948966,1.5707963267948966,0.5497787143782138,1.4922565104551517,-0.027660107031719505,1,-2.766873913733898,rare_mutant_rejected
3,1.5707963267948966,1.5707963267948966,1.5707963267948966,0.5497787143782138,1.5707963267948966,-0.02907980999479065,1,-2.907980999479096,rare_mutant_rejected
3,1.5707963267948966,1.5707963267948966,1.5707963267948966,0.6283185307179586,0.0,-0.037910739087060996,1,-3.8272542485937393,rare_mutant_rejected
3,1.5707963267948966,1.5707963267948966,1.5707963267948966,0.6283185307179586,0.07853981633974483,-0.0364601268238367,1,-3.67966206849675,rare_mutant_rejected
3,1.5707963267948966,1.5707963267948966,1.5707963267948966,0.6283185307179586,0.15707963267948966,-0.032242924814254614,1,-3.2507875225521223,rare_mutant_rejected
3,1.5707963267948966,1.5707963267948966,1.5707963267948966,0.6283185307179586,0.23561944901923448,-0.0256504142827243,1,-2.5809891982201467,rare_mutant_rejected
3,1.5707963267948966,1.5707963267948966,1.5707963267948966,0.6283185307179586,0.3141592653589793,-0.017293793839912475,1,-1.733171651152296,rare_mutant_rejected
3,1.5707963267948966,1.5707963267948966,1.5707963267948966,0.6283185307179586,0.39269908169872414,-0.007946673881083832,1,-0.7866933663184899,rare_mutant_rejected
3,1.5707963267948966,1.5707963267948966,1.5707963267948966,0.6283185307179586,0.47123889803846897,0.0015279568864547954,1,0.17031197636623752,rare_mutant_invades
3,1.5707963267948966,1.5707963267948966,1.5707963267948966,0.6283185307179586,0.5497787143782138,0.010259558800897572,1,1.0494514858852515,rare_mutant_invades
3,1.5707963267948966,1.5707963267948966,1.5707963267948966,0.6283185307179586,0.6283185307179586,0.0174530161203883,1,1.7705954266014583,rare_mutant_invades
3,1.5707963267948966,1.5707963267948966,1.5707963267948966,0.6283185307179586,0.7068583470577035,0.022464875177151455,1,2.2695749433816808,rare_mutant_invades
3,1.5707963267948966,1.5707963267948966,1.5707963267948966,0.6283185307179586,0.7853981633974483,0.024865449768030068,1,2.504305231718577,rare_mutant_invades
3,1.5707963267948966,1.5707963267948966,1.5707963267948966,0.6283185307179586,0.8639379797371931,0.024480602283664332,1,2.4587386678461645,rare_mutant_invades
3,1.5707963267948966,1.5707963267948966,1.5707963267948966,0.6283185307179586,0.9424777960769379,0.021408851634597603,1,2.144265036835696,rare_mutant_invades
3,1.5707963267948966,1.5707963267948966,1.5707963267948966,0.6283185307179586,1.0210176124166828,0.016011791657496666,1,1.5984259959469433,rare_mutant_invades
3,1.5707963267948966,1.5707963267948966,1.5707963267948966,0.6283185307179586,1.0995574287564276,0.008878416240876597,1,0.8810738118757193,rare_mutant_invades
3,1.5707963267948966,1.5707963267948966,1.5707963267948966,0.6283185307179586,1.1780972450961724,0.0007665841618340608,1,0.06835447936525085,rare_mutant_invades
3,1.5707963267948966,1.5707963267948966,1.5707963267948966,0.6283185307179586,1.2566370614359172,-0.007472758725921125,1,-0.7548919109961378,rare_mutant_rejected
3,1.5707963267948966,1.5707963267948966,1.5707963267948966,0.6283185307179586,1.335176877775662,-0.014981115614173923,1,-1.5035660575185252,rare_mutant_rejected
3,1.5707963267948966,1.5707963267948966,1.5707963267948966,0.6283185307179586,1.413716694115407,-0.02097912237923083,1,-2.1007507147915128,rare_mutant_rejected
3,1.5707963267948966,1.5707963267948966,1.5707963267948966,0.6283185307179586,1.4922565104551517,-0.02484553007548307,1,-2.4853293166375643,rare_mutant_rejected
3,1.5707963267948966,1.5707963267948966,1.5707963267948966,0.6283185307179586,1.5707963267948966,-0.02618033988749957,1,-2.6180339887498967,rare_mutant_rejected
3,1.5707963267948966,1.5707963267948966,1.5707963267948966,0.7068583470577035,0.0,-0.037539004969479706,1,-3.7891086162600605,rare_mutant_rejected
3,1.5707963267948966,1.5707963267948966,1.5707963267948966,0.7068583470577035,0.07853981633974483,-0.036144799989907384,1,-3.647303513198512,rare_mutant_rejected
3,1.5707963267948966,1.5707963267948966,1.5707963267948966,0.7068583470577035,0.15707963267948966,-0.03209025215076533,1,-3.235103293566471,rare_mutant_rejected
3,1.5707963267948966,1.5707963267948966,1.5707963267948966,0.7068583470577035,0.23561944901923448,-0.02574757888943946,1,-2.590876034742635,rare_mutant_rejected
3,1.5707963267948966,1.5707963267948966,1.5707963267948966,0.7068583470577035,0.3141592653589793,-0.017698280609455885,1,-1.7744358448066002,rare_mutant_rejected
3,1.5707963267948966,1.5707963267948966,1.5707963267948966,0.7068583470577035,0.39269908169872414,-0.008678554897217694,1,-0.8612678012922537,rare_mutant_rejected
3,1.5707963267948966,1.5707963267948966,1.5707963267948966,0.7068583470577035,0.47123889803846897,0.0004900197668886719,1,0.0647518798387523,rare_mutant_invades
3,1.5707963267948966,1.5707963267948966,1.5707963267948966,0.7068583470577035,0.5497787143782138,0.008978134670057258,1,0.919430532654502,rare_mutant_invades
3,1.5707963267948966,1.5707963267948966,1.5707963267948966,0.7068583470577035,0.6283185307179586,0.016027478006379603,1,1.62634152175883,rare_mutant_invades
3,1.5707963267948966,1.5707963267948966,1.5707963267948966,0.7068583470577035,0.7068583470577035,0.021023060927005233,1,2.1241272575972587,rare_mutant_invades
3,1.5707963267948966,1.5707963267948966,1.5707963267948966,0.7068583470577035,0.7853981633974483,0.023552134868586982,1,2.3723122633400475,rare_mutant_invades
3,1.5707963267948966,1.5707963267948966,1.5707963267948966,0.7068583470577035,0.8639379797371931,0.023443841128048426,1,2.35506202317592,rare_mutant_invades
3,1.5707963267948966,1.5707963267948966,1.5707963267948966,0.7068583470577035,0.9424777960769379,0.02078548492666421,1,2.082524672559064,rare_mutant_invades
3,1.5707963267948966,1.5707963267948966,1.5707963267948966,0.7068583470577035,1.0210176124166828,0.015913538590475618,1,1.5896293255185299,rare_mutant_invades
3,1.5707963267948966,1.5707963267948966,1.5707963267948966,0.7068583470577035,1.0995574287564276,0.009379952164288774,1,0.9324637962239866,rare_mutant_invades
3,1.5707963267948966,1.5707963267948966,1.5707963267948966,0.7068583470577035,1.1780972450961724,0.0018968426306624764,1,0.18259129146204245,rare_mutant_invades
3,1.5707963267948966,1.5707963267948966,1.5707963267948966,0.7068583470577035,1.2566370614359172,-0.00573511585483466,1,-0.5801328509165664,rare_mutant_rejected
3,1.5707963267948966,1.5707963267948966,1.5707963267948966,0.7068583470577035,1.335176877775662,-0.012707518904203852,1,-1.275536843090821,rare_mutant_rejected
3,1.5707963267948966,1.5707963267948966,1.5707963267948966,0.7068583470577035,1.413716694115407,-0.018286135315387142,1,-1.8311159204118503,rare_mutant_rejected
3,1.5707963267948966,1.5707963267948966,1.5707963267948966,0.7068583470577035,1.4922565104551517,-0.02188552659825671,1,-2.1892387872350954,rare_mutant_rejected
3,1.5707963267948966,1.5707963267948966,1.5707963267948966,0.7068583470577035,1.5707963267948966,-0.023128689300804695,1,-2.3128689300804606,rare_mutant_rejected
3,1.5707963267948966,1.5707963267948966,1.5707963267948966,0.7853981633974483,0.0,-0.03715857864376115,1,-3.7500000000000036,rare_mutant_rejected
3,1.5707963267948966,1.5707963267948966,1.5707963267948966,0.7853981633974483,0.07853981633974483,-0.03582512590150966,1,-3.614424504518606,rare_mutant_rejected
3,1.5707963267948966,1.5707963267948966,1.5707963267948966,0.7853981633974483,0.15707963267948966,-0.031945816601153254,1,-3.2201798447298717,rare_mutant_rejected
3,1.5707963267948966,1.5707963267948966,1.5707963267948966,0.7853981633974483,0.23561944901923448,-0.025872496611135887,1,-2.6035091263327814,rare_mutant_rejected
3,1.5707963267948966,1.5707963267948966,1.5707963267948966,0.7853981633974483,0.3141592653589793,-0.01815493009988778,1,-1.8209268295114631,rare_mutant_rejected
3,1.5707963267948966,1.5707963267948966,1.5707963267948966,0.7853981633974483,0.39269908169872414,-0.009489332168911346,1,-0.9437815664617748,rare_mutant_rejected
3,1.5707963267948966,1.5707963267948966,1.5707963267948966,0.7853981633974483,0.47123889803846897,-0.0006530213632256476,1,-0.0514014021696223,rare_mutant_rejected
3,1.5707963267948966,1.5707963267948966,1.5707963267948966,0.7853981633974483,0.5497787143782138,0.007568773341821711,1,0.7765104645487675,rare_mutant_invades
3,1.5707963267948966,1.5707963267948966,1.5707963267948966,0.7853981633974483,0.6283185307179586,0.014457108393422402,1,1.4674892570464486,rare_mutant_invades
3,1.5707963267948966,1.5707963267948966,1.5707963267948966,0.7853981633974483,0.7068583470577035,0.01942748083038026,1,1.9631907837405649,rare_mutant_invades
3,1.5707963267948966,1.5707963267948966,1.5707963267948966,0.7853981633974483,0.7853981633974483,0.022085348993881482,1,2.2248737341529115,rare_mutant_invades
3,1.5707963267948966,1.5707963267948966,1.5707963267948966,0.7853981633974483,0.8639379797371931,0.02226351325756415,1,2.2369510975609703,rare_mutant_invades
3,1.5707963267948966,1.5707963267948966,1.5707963267948966,0.7853981633974483,0.9424777960769379,0.020037504689889296,1,2.008268997202606,rare_mutant_invades
3,1.5707963267948966,1.5707963267948966,1.5707963267948966,0.7853981633974483,1.0210176124166828,0.015717213544917286,1,1.5709938390929725,rare_mutant_invades
3,1.5707963267948966,1.5707963267948966,1.5707963267948966,0.7853981633974483,1.0995574287564276,0.009815315288656201,1,0.9772227893422105,rare_mutant_invades
3,1.5707963267948966,1.5707963267948966,1.5707963267948966,0.7853981633974483,1.1780972450961724,0.0029953918409120206,1,0.2936553006146845,rare_mutant_invades
3,1.5707963267948966,1.5707963267948966,1.5707963267948966,0.7853981633974483,1.2566370614359172,-0.00399524448153965,1,-0.4051470893553013,rare_mutant_rejected
3,1.5707963267948966,1.5707963267948966,1.5707963267948966,0.7853981633974483,1.335176877775662,-0.010401370931600873,1,-1.0442477090031357,rare_mutant_rejected
3,1.5707963267948966,1.5707963267948966,1.5707963267948966,0.7853981633974483,1.413716694115407,-0.015536677138157096,1,-1.555830941213351,rare_mutant_rejected
3,1.5707963267948966,1.5707963267948966,1.5707963267948966,0.7853981633974483,1.4922565104551517,-0.018853748842431628,1,-1.8859699084771098,rare_mutant_rejected
3,1.5707963267948966,1.5707963267948966,1.5707963267948966,0.7853981633974483,1.5707963267948966,-0.019999999999999574,1,-2.0000000000000018,rare_mutant_rejected
3,1.5707963267948966,1.5707963267948966,1.5707963267948966,0.8639379797371931,0.0,-0.03677902422773194,1,-3.710891383739945,rare_mutant_rejected
3,1.5707963267948966,1.5707963267948966,1.5707963267948966,0.8639379797371931,0.07853981633974483,-0.035510001829742954,1,-3.5819188959430024,rare_mutant_rejected
3,1.5707963267948966,1.5707963267948966,1.5707963267948966,0.8639379797371931,0.15707963267948966,-0.03181660725859192,1,-3.206713445306651,rare_mutant_rejected
3,1.5707963267948966,1.5707963267948966,1.5707963267948966,0.8639379797371931,0.23561944901923448,-0.026029275015539532,1,-2.619287090705555,rare_mutant_rejected
3,1.5707963267948966,1.5707963267948966,1.5707963267948966,0.8639379797371931,0.3141592653589793,-0.01866441206267755,1,-1.8726894685172226,rare_mutant_rejected
3,1.5707963267948966,1.5707963267948966,1.5707963267948966,0.8639379797371931,0.39269908169872414,-0.010376205716167597,1,-1.033924541406333,rare_mutant_rejected
3,1.5707963267948966,1.5707963267948966,1.5707963267948966,0.8639379797371931,0.47123889803846897,-0.0018954432000377608,1,-0.1775414494271761,rare_mutant_rejected
3,1.5707963267948966,1.5707963267948966,1.5707963267948966,0.8639379797371931,0.5497787143782138,0.006039003044016944,1,0.6214768496755738,rare_mutant_invades
3,1.5707963267948966,1.5707963267948966,1.5707963267948966,0.8639379797371931,0.6283185307179586,0.012749618046474787,1,1.2948356221973576,rare_mutant_invades
3,1.5707963267948966,1.5707963267948966,1.5707963267948966,0.8639379797371931,0.7068583470577035,0.017684027010738568,1,1.7873692904381038,rare_mutant_invades
3,1.5707963267948966,1.5707963267948966,1.5707963267948966,0.8639379797371931,0.7853981633974483,0.020466957808292108,1,2.0621767854156996,rare_mutant_invades
3,1.5707963267948966,1.5707963267948966,1.5707963267948966,0.8639379797371931,0.8639379797371931,0.02093524724323803,1,2.10395515250025,rare_mutant_invades
3,1.5707963267948966,1.5707963267948966,1.5707963267948966,0.8639379797371931,0.9424777960769379,0.019152305343309806,1,1.9202119517094385,rare_mutant_invades
3,1.5707963267948966,1.5707963267948966,1.5707963267948966,0.8639379797371931,1.0210176124166828,0.015400401085118531,1,1.5402448058999614,rare_mutant_invades
3,1.5707963267948966,1.5707963267948966,1.5707963267948966,0.8639379797371931,1.0995574287564276,0.01015130395394781,1,1.0119950172112482,rare_mutant_invades
3,1.5707963267948966,1.5707963267948966,1.5707963267948966,0.8639379797371931,1.1780972450961724,0.004017996060994733,1,0.39709009999229394,rare_mutant_invades
3,1.5707963267948966,1.5707963267948966,1.5707963267948966,0.8639379797371931,1.2566370614359172,-0.0023078680015755637,1,-0.23543298209493813,rare_mutant_rejected
3,1.5707963267948966,1.5707963267948966,1.5707963267948966,0.8639379797371931,1.335176877775662,-0.008126548423939006,1,-0.8161034476980724,rare_mutant_rejected
3,1.5707963267948966,1.5707963267948966,1.5707963267948966,0.8639379797371931,1.413716694115407,-0.012801735441540174,1,-1.2820030114282286,rare_mutant_rejected
3,1.5707963267948966,1.5707963267948966,1.5707963267948966,0.8639379797371931,1.4922565104551517,-0.015825691734579372,1,-1.5830744298234336,rare_mutant_rejected
3,1.5707963267948966,1.5707963267948966,1.5707963267948966,0.8639379797371931,1.5707963267948966,-0.016871310699194453,1,-1.6871310699195412,rare_mutant_rejected
3,1.5707963267948966,1.5707963267948966,1.5707963267948966,0.9424777960769379,0.0,-0.03640990046360315,1,-3.672745751406266,rare_mutant_rejected
3,1.5707963267948966,1.5707963267948966,1.5707963267948966,0.9424777960769379,0.07853981633974483,-0.03520829642096768,1,-3.5506782388218614,rare_mutant_rejected
3,1.5707963267948966,1.5707963267948966,1.5707963267948966,0.9424777960769379,0.15707963267948966,-0.031709517275924526,1,-3.195391381366991,rare_mutant_rejected
3,1.5707963267948966,1.5707963267948966,1.5707963267948966,0.9424777960769379,0.23561944901923448,-0.026221821373670018,1,-2.6385891563894415,rare_mutant_rejected
3,1.5707963267948966,1.5707963267948966,1.5707963267948966,0.9424777960769379,0.3141592653589793,-0.01922706539926189,1,-1.92973612357246,rare_mutant_rejected
3,1.5707963267948966,1.5707963267948966,1.5707963267948966,0.9424777960769379,0.39269908169872414,-0.011335901433792372,1,-1.1313395690899846,rare_mutant_rejected
3,1.5707963267948966,1.5707963267948966,1.5707963267948966,0.9424777960769379,0.47123889803846897,-0.0032309069690299452,1,-0.31300026997350017,rare_mutant_rejected
3,1.5707963267948966,1.5707963267948966,1.5707963267948966,0.9424777960769379,0.5497787143782138,0.00439709261401422,1,0.45518994018644854,rare_mutant_invades
3,1.5707963267948966,1.5707963267948966,1.5707963267948966,0.9424777960769379,0.6283185307179586,0.010913554840659145,1,1.1092626969809416,rare_mutant_invades
3,1.5707963267948966,1.5707963267948966,1.5707963267948966,0.9424777960769379,0.7068583470577035,0.015799487208290053,1,1.5973583174110075,rare_mutant_invades
3,1.5707963267948966,1.5707963267948966,1.5707963267948966,0.9424777960769379,0.7853981633974483,0.01869973769369615,1,1.8845026316173996,rare_mutant_invades
3,1.5707963267948966,1.5707963267948966,1.5707963267948966,0.9424777960769379,0.8639379797371931,0.019455553032230455,1,1.9557152205873347,rare_mutant_invades
3,1.5707963267948966,1.5707963267948966,1.5707963267948966,0.9424777960769379,0.9424777960769379,0.018118092212569437,1,1.8171525670590203,rare_mutant_invades
3,1.5707963267948966,1.5707963267948966,1.5707963267948966,0.9424777960769379,1.0210176124166828,0.014941392297608047,1,1.4951821792131685,rare_mutant_invades
3,1.5707963267948966,1.5707963267948966,1.5707963267948966,0.9424777960769379,1.0995574287564276,0.010355295031382994,1,1.0334862775406712,rare_mutant_invades
3,1.5707963267948966,1.5707963267948966,1.5707963267948966,0.9424777960769379,1.1780972450961724,0.004920858839438935,1,0.48848631937918974,rare_mutant_invades
3,1.5707963267948966,1.5707963267948966,1.5707963267948966,0.9424777960769379,1.2566370614359172,-0.0007274078517989224,1,-0.07645638341630345,rare_mutant_rejected
3,1.5707963267948966,1.5707963267948966,1.5707963267948966,0.9424777960769379,1.335176877775662,-0.0059467487266609,1,-0.597489462431767,rare_mutant_rejected
3,1.5707963267948966,1.5707963267948966,1.5707963267948966,0.9424777960769379,1.413716694115407,-0.010152214966011819,1,-1.0167303820945577,rare_mutant_rejected
3,1.5707963267948966,1.5707963267948966,1.5707963267948966,0.9424777960769379,1.4922565104551517,-0.012876829008260593,1,-1.2881017985980705,rare_mutant_rejected
3,1.5707963267948966,1.5707963267948966,1.5707963267948966,0.9424777960769379,1.5707963267948966,-0.013819660112501353,1,-1.3819660112501033,rare_mutant_rejected
3,1.5707963267948966,1.5707963267948966,1.5707963267948966,1.0210176124166828,0.0,-0.036060524037704766,1,-3.6365023750651186,rare_mutant_rejected
3,1.5707963267948966,1.5707963267948966,1.5707963267948966,1.0210176124166828,0.07853981633974483,-0.03492862441711875,1,-3.521569267413125,rare_mutant_rejected
3,1.5707963267948966,1.5707963267948966,1.5707963267948966,1.0210176124166828,0.15707963267948966,-0.03163115101445868,1,-3.1868728395226054,rare_mutant_rejected
3,1.5707963267948966,1.5707963267948966,1.5707963267948966,1.0210176124166828,0.23561944901923448,-0.02645369811852305,1,-2.661761091523765,rare_mutant_rejected
3,1.5707963267948966,1.5707963267948966,1.5707963267948966,1.0210176124166828,0.3141592653589793,-0.01984280979753983,1,-1.9920384161870892,rare_mutant_rejected
3,1.5707963267948966,1.5707963267948966,1.5707963267948966,1.0210176124166828,0.39269908169872414,-0.012364636692881348,1,-1.2356197675544731,rare_mutant_rejected
3,1.5707963267948966,1.5707963267948966,1.5707963267948966,1.0210176124166828,0.47123889803846897,-0.004652464659673505,1,-0.45704971725084675,rare_mutant_rejected
3,1.5707963267948966,1.5707963267948966,1.5707963267948966,1.0210176124166828,0.5497787143782138,0.002652028948373797,1,0.27858172207344367,rare_mutant_invades
3,1.5707963267948966,1.5707963267948966,1.5707963267948966,1.0210176124166828,0.6283185307179586,0.008958298854077285,1,0.9117367038684865,rare_mutant_invades
3,1.5707963267948966,1.5707963267948966,1.5707963267948966,1.0210176124166828,0.7068583470577035,0.01378159863584294,1,1.3939504523727813,rare_mutant_invades
3,1.5707963267948966,1.5707963267948966,1.5707963267948966,1.0210176124166828,0.7853981633974483,0.016787533221700457,1,1.6922426014407073,rare_mutant_invades
3,1.5707963267948966,1.5707963267948966,1.5707963267948966,1.0210176124166828,0.8639379797371931,0.017822127542776123,1,1.7919953478733657,rare_mutant_invades
3,1.5707963267948966,1.5707963267948966,1.5707963267948966,1.0210176124166828,0.9424777960769379,0.01692437505044797,1,1.6980253085071553,rare_mutant_invades
3,1.5707963267948966,1.5707963267948966,1.5707963267948966,1.0210176124166828,1.0210176124166828,0.014319897130251391,1,1.433753000861735,rare_mutant_invades
3,1.5707963267948966,1.5707963267948966,1.5707963267948966,1.0210176124166828,1.0995574287564276,0.010396193442621993,1,1.03856008500963,rare_mutant_invades
3,1.5707963267948966,1.5707963267948966,1.5707963267948966,1.0210176124166828,1.1780972450961724,0.005661812893122509,1,0.5636016812021687,rare_mutant_invades
3,1.5707963267948966,1.5707963267948966,1.5707963267948966,1.0210176124166828,1.2566370614359172,0.0006934334150781041,1,0.06649187572369364,rare_mutant_invades
3,1.5707963267948966,1.5707963267948966,1.5707963267948966,1.0210176124166828,1.335176877775662,-0.003923875559614487,1,-0.3946098041160351,rare_mutant_rejected
3,1.5707963267948966,1.5707963267948966,1.5707963267948966,1.0210176124166828,1.413716694115407,-0.007657170489581588,1,-0.7669253455576506,rare_mutant_rejected
3,1.5707963267948966,1.5707963267948966,1.5707963267948966,1.0210176124166828,1.4922565104551517,-0.01008074936101444,1,-1.0084127055376335,rare_mutant_rejected
3,1.5707963267948966,1.5707963267948966,1.5707963267948966,1.0210176124166828,1.5707963267948966,-0.010920190005208497,1,-1.0920190005209065,rare_mutant_rejected
3,1.5707963267948966,1.5707963267948966,1.5707963267948966,1.0995574287564276,0.0,-0.03573973876931902,1,-3.603053686926886,rare_mutant_rejected
3,1.5707963267948966,1.5707963267948966,1.5707963267948966,1.0995574287564276,0.07853981633974483,-0.03467912717743982,1,-3.495411955977408,rare_mutant_rejected
3,1.5707963267948966,1.5707963267948966,1.5707963267948966,1.0995574287564276,0.15707963267948966,-0.031587636802629326,1,-3.181770330273233,rare_mutant_rejected
3,1.5707963267948966,1.5707963267948966,1.5707963267948966,1.0995574287564276,0.23561944901923448,-0.026727983633699104,1,-2.68910162785909,rare_mutant_rejected
3,1.5707963267948966,1.5707963267948966,1.5707963267948966,1.0995574287564276,0.3141592653589793,-0.020511062392538193,1,-2.0595194410609796,rare_mutant_rejected
3,1.5707963267948966,1.5707963267948966,1.5707963267948966,1.0995574287564276,0.39269908169872414,-0.013458090727318073,1,-1.3463062685982203,rare_mutant_rejected
3,1.5707963267948966,1.5707963267948966,1.5707963267948966,1.0995574287564276,0.47123889803846897,-0.006152569994660517,1,-0.6089033446225507,rare_mutant_rejected
3,1.5707963267948966,1.5707963267948966,1.5707963267948966,1.0995574287564276,0.5497787143782138,0.0008134894332165743,1,0.09265246475088951,rare_mutant_invades
3,1.5707963267948966,1.5707963267948966,1.5707963267948966,1.0995574287564276,0.6283185307179586,0.006894051663098644,1,0.7033064313482029,rare_mutant_invades
3,1.5707963267948966,1.5707963267948966,1.5707963267948966,1.0995574287564276,0.7068583470577035,0.011639094613921763,1,1.178039774068564,rare_mutant_invades
3,1.5707963267948966,1.5707963267948966,1.5707963267948966,1.0995574287564276,0.7853981633974483,0.014735405217445319,1,1.4859130621615275,rare_mutant_invades
3,1.5707963267948966,1.5707963267948966,1.5707963267948966,1.0995574287564276,0.8639379797371931,0.016034147836914592,1,1.6127123630155609,rare_mutant_invades
3,1.5707963267948966,1.5707963267948966,1.5707963267948966,1.0995574287564276,0.9424777960769379,0.015562445314251327,1,1.5619485275067042,rare_mutant_invades
3,1.5707963267948966,1.5707963267948966,1.5707963267948966,1.0995574287564276,1.0210176124166828,0.01351773597535555,1,1.3541214500437384,rare_mutant_invades
3,1.5707963267948966,1.5707963267948966,1.5707963267948966,1.0995574287564276,1.0995574287564276,0.01024535593241982,1,1.0243309768112052,rare_mutant_invades
3,1.5707963267948966,1.5707963267948966,1.5707963267948966,1.0995574287564276,1.1780972450961724,0.006201479083029149,1,0.6184777395887853,rare_mutant_invades
3,1.5707963267948966,1.5707963267948966,1.5707963267948966,1.0995574287564276,1.2566370614359172,0.0019050531661992665,1,0.18843475085344075,rare_mutant_invades
3,1.5707963267948966,1.5707963267948966,1.5707963267948966,1.0995574287564276,1.335176877775662,-0.002116465063452644,1,-0.21332934495442046,rare_mutant_rejected
3,1.5707963267948966,1.5707963267948966,1.5707963267948966,1.0995574287564276,1.413716694115407,-0.0053820834632976045,1,-0.5391416866005532,rare_mutant_rejected
3,1.5707963267948966,1.5707963267948966,1.5707963267948966,1.0995574287564276,1.4922565104551517,-0.0075073385619770505,1,-0.7509972391255886,rare_mutant_rejected
3,1.5707963267948966,1.5707963267948966,1.5707963267948966,1.0995574287564276,1.5707963267948966,-0.008244294954150355,1,-0.8244294954150551,rare_mutant_rejected
3,1.5707963267948966,1.5707963267948966,1.5707963267948966,1.1780972450961724,0.0,-0.03545569636056012,1,-3.5732233047033626,rare_mutant_rejected
3,1.5707963267948966,1.5707963267948966,1.5707963267948966,1.1780972450961724,0.07853981633974483,-0.03446726445368942,1,-3.4729586919370163,rare_mutant_rejected
3,1.5707963267948966,1.5707963267948966,1.5707963267948966,1.1780972450961724,0.15707963267948966,-0.03158445007560484,1,-3.1806321228423613,rare_mutant_rejected
3,1.5707963267948966,1.5707963267948966,1.5707963267948966,1.1780972450961724,0.23561944901923448,-0.027047142133694635,1,-2.7208497454560803,rare_mutant_rejected
3,1.5707963267948966,1.5707963267948966,1.5707963267948966,1.1780972450961724,0.3141592653589793,-0.02123066205117663,1,-2.132046675724297,rare_mutant_rejected
3,1.5707963267948966,1.5707963267948966,1.5707963267948966,1.1780972450961724,0.39269908169872414,-0.014611381312482408,1,-1.4628865148335723,rare_mutant_rejected
3,1.5707963267948966,1.5707963267948966,1.5707963267948966,1.1780972450961724,0.47123889803846897,-0.007723094862487123,1,-0.7677187507211318,rare_mutant_rejected
3,1.5707963267948966,1.5707963267948966,1.5707963267948966,1.1780972450961724,0.5497787143782138,-0.0011081911526522603,1,-0.10153326482979175,rare_mutant_rejected
3,1.5707963267948966,1.5707963267948966,1.5707963267948966,1.1780972450961724,0.6283185307179586,0.004731818780923547,1,0.4851009297505158,rare_mutant_invades
3,1.5707963267948966,1.5707963267948966,1.5707963267948966,1.1780972450961724,0.7068583470577035,0.009381741443202252,1,0.9506252043373049,rare_mutant_invades
3,1.5707963267948966,1.5707963267948966,1.5707963267948966,1.1780972450961724,0.7853981633974483,0.012549764374976569,1,1.2661687085744529,rare_mutant_invades
3,1.5707963267948966,1.5707963267948966,1.5707963267948966,1.1780972450961724,0.8639379797371931,0.014092543325209483,1,1.4179632924798753,rare_mutant_invades
3,1.5707963267948966,1.5707963267948966,1.5707963267948966,1.1780972450961724,0.9424777960769379,0.014025824247513974,1,1.40826969129939,rare_mutant_invades
3,1.5707963267948966,1.5707963267948966,1.5707963267948966,1.1780972450961724,1.0210176124166828,0.012519492438971547,1,1.2547346913945976,rare_mutant_invades
3,1.5707963267948966,1.5707963267948966,1.5707963267948966,1.1780972450961724,1.0995574287564276,0.009877465519230633,1,0.9882525819012393,rare_mutant_invades
3,1.5707963267948966,1.5707963267948966,1.5707963267948966,1.1780972450961724,1.1780972450961724,0.006504365319044858,1,0.6495503522428852,rare_mutant_invades
3,1.5707963267948966,1.5707963267948966,1.5707963267948966,1.1780972450961724,1.2566370614359172,0.002862259407557133,1,0.28484051936281496,rare_mutant_invades
3,1.5707963267948966,1.5707963267948966,1.5707963267948966,1.1780972450961724,1.335176877775662,-0.0005781911395006389,1,-0.059024006290098185,rare_mutant_rejected
3,1.5707963267948966,1.5707963267948966,1.5707963267948966,1.1780972450961724,1.413716694115407,-0.0033872249397086662,1,-0.33941082338891526,rare_mutant_rejected
3,1.5707963267948966,1.5707963267948966,1.5707963267948966,1.1780972450961724,1.4922565104551517,-0.005221052301598306,1,-0.5223021300615347,rare_mutant_rejected
3,1.5707963267948966,1.5707963267948966,1.5707963267948966,1.1780972450961724,1.5707963267948966,-0.005857864376269006,1,-0.5857864376269077,rare_mutant_rejected
3,1.5707963267948966,1.5707963267948966,1.5707963267948966,1.2566370614359172,0.0,-0.03521565411518335,1,-3.547745751406273,rare_mutant_rejected
3,1.5707963267948966,1.5707963267948966,1.5707963267948966,1.2566370614359172,0.07853981633974483,-0.03429962259501007,1,-3.4548750818481047,rare_mutant_rejected
3,1.5707963267948966,1.5707963267948966,1.5707963267948966,1.2566370614359172,0.15707963267948966,-0.03162625141490061,1,-3.1839261393240132,rare_mutant_rejected
3,1.5707963267948966,1.5707963267948966,1.5707963267948966,1.2566370614359172,0.23561944901923448,-0.027412906182496144,1,-2.757173164218969,rare_mutant_rejected
3,1.5707963267948966,1.5707963267948966,1.5707963267948966,1.2566370614359172,0.3141592653589793,-0.021999803710984978,1,-2.2094258163672293,rare_mutant_rejected
3,1.5707963267948966,1.5707963267948966,1.5707963267948966,1.2566370614359172,0.39269908169872414,-0.01581904911999832,1,-1.5847932372147735,rare_mutant_rejected
3,1.5707963267948966,1.5707963267948966,1.5707963267948966,1.2566370614359172,0.47123889803846897,-0.009355351858578054,1,-0.932600462807077,rare_mutant_rejected
3,1.5707963267948966,1.5707963267948966,1.5707963267948966,1.2566370614359172,0.5497787143782138,-0.0031020597085476,1,-0.3028511526638322,rare_mutant_rejected
3,1.5707963267948966,1.5707963267948966,1.5707963267948966,1.2566370614359172,0.6283185307179586,0.002483384247970122,1,0.2583263913084526,rare_mutant_invades
3,1.5707963267948966,1.5707963267948966,1.5707963267948966,1.2566370614359172,0.7068583470577035,0.007020363085163517,1,0.7128125302604271,rare_mutant_invades
3,1.5707963267948966,1.5707963267948966,1.5707963267948966,1.2566370614359172,0.7853981633974483,0.010238485589624702,1,1.033813728906047,rare_mutant_invades
3,1.5707963267948966,1.5707963267948966,1.5707963267948966,1.2566370614359172,0.8639379797371931,0.01200023880855916,1,1.208049590346958,rare_mutant_invades
3,1.5707963267948966,1.5707963267948966,1.5707963267948966,1.2566370614359172,0.9424777960769379,0.012310669361962567,1,1.2366061314646082,rare_mutant_invades
3,1.5707963267948966,1.5707963267948966,1.5707963267948966,1.2566370614359172,1.0210176124166828,0.011313110030537032,1,1.1343827736349983,rare_mutant_invades
3,1.5707963267948966,1.5707963267948966,1.5707963267948966,1.2566370614359172,1.0995574287564276,0.00927133411677783,1,0.9281981804630153,rare_mutant_invades
3,1.5707963267948966,1.5707963267948966,1.5707963267948966,1.2566370614359172,1.1780972450961724,0.006539877595780119,1,0.6537510847926384,rare_mutant_invades
3,1.5707963267948966,1.5707963267948966,1.5707963267948966,1.2566370614359172,1.2566370614359172,0.003525478404348803,1,0.35174379386701027,rare_mutant_invades
3,1.5707963267948966,1.5707963267948966,1.5707963267948966,1.2566370614359172,1.335176877775662,0.0006435128120685363,1,0.06355723840352745,rare_mutant_invades
3,1.5707963267948966,1.5707963267948966,1.5707963267948966,1.2566370614359172,1.413716694115407,-0.0017261452434684799,1,-0.17309068829331942,rare_mutant_rejected
3,1.5707963267948966,1.5707963267948966,1.5707963267948966,1.2566370614359172,1.4922565104551517,-0.003279322347149005,1,-0.3280713436035576,rare_mutant_rejected
3,1.5707963267948966,1.5707963267948966,1.5707963267948966,1.2566370614359172,1.5707963267948966,-0.003819660112500678,1,-0.3819660112501051,rare_mutant_rejected
3,1.5707963267948966,1.5707963267948966,1.5707963267948966,1.335176877775662,0.0,-0.035025794616758255,1,-3.527248368952904,rare_mutant_rejected
3,1.5707963267948966,1.5707963267948966,1.5707963267948966,1.335176877775662,0.07853981633974483,-0.0341817439548473,1,-3.441722866923815,rare_mutant_rejected
3,1.5707963267948966,1.5707963267948966,1.5707963267948966,1.335176877775662,0.15707963267948966,-0.03171674364250343,1,-3.1920257207848888,rare_mutant_rejected
3,1.5707963267948966,1.5707963267948966,1.5707963267948966,1.335176877775662,0.23561944901923448,-0.027826175091892225,1,-2.7981583603140203,rare_mutant_rejected
3,1.5707963267948966,1.5707963267948966,1.5707963267948966,1.335176877775662,0.3141592653589793,-0.022815984968607594,1,-2.291395749763935,rare_mutant_rejected
3,1.5707963267948966,1.5707963267948966,1.5707963267948966,1.335176877775662,0.39269908169872414,-0.01707505096943951,1,-1.7114042223290618,rare_mutant_rejected
3,1.5707963267948966,1.5707963267948966,1.5707963267948966,1.335176877775662,0.47123889803846897,-0.011040123473747165,1,-1.1026033972493243,rare_mutant_rejected
3,1.5707963267948966,1.5707963267948966,1.5707963267948966,1.335176877775662,0.5497787143782138,-0.005156590223310609,1,-0.51012227428523,rare_mutant_rejected
3,1.5707963267948966,1.5707963267948966,1.5707963267948966,1.335176877775662,0.6283185307179586,0.0001612764822480628,1,0.02426213910971775,rare_mutant_invades
3,1.5707963267948966,1.5707963267948966,1.5707963267948966,1.335176877775662,0.7068583470577035,0.0045668514020089646,1,0.4658148824904522,rare_mutant_invades
3,1.5707963267948966,1.5707963267948966,1.5707963267948966,1.335176877775662,0.7853981633974483,0.007810998504494293,1,0.7898104045427612,rare_mutant_invades
3,1.5707963267948966,1.5707963267948966,1.5707963267948966,1.335176877775662,0.8639379797371931,0.009762360720849905,1,0.9834974219886874,rare_mutant_invades
3,1.5707963267948966,1.5707963267948966,1.5707963267948966,1.335176877775662,0.9424777960769379,0.010416127774224293,1,1.0468801558939074,rare_mutant_invades
3,1.5707963267948966,1.5707963267948966,1.5707963267948966,1.335176877775662,1.0210176124166828,0.009890416727492912,1,0.9922509703370554,rare_mutant_invades
3,1.5707963267948966,1.5707963267948966,1.5707963267948966,1.335176877775662,1.0995574287564276,0.008410612444723853,1,0.8425316598375314,rare_mutant_invades
3,1.5707963267948966,1.5707963267948966,1.5707963267948966,1.335176877775662,1.1780972450961724,0.0062832174074411995,1,0.6285969665837321,rare_mutant_invades
3,1.5707963267948966,1.5707963267948966,1.5707963267948966,1.335176877775662,1.2566370614359172,0.003861828873630735,1,0.3858529756850686,rare_mutant_invades
3,1.5707963267948966,1.5707963267948966,1.5707963267948966,1.335176877775662,1.335176877775662,0.0015086814637115253,1,0.15041515277153472,rare_mutant_invades
3,1.5707963267948966,1.5707963267948966,1.5707963267948966,1.335176877775662,1.413716694115407,-0.0004443277379673205,1,-0.04473108570939566,rare_mutant_rejected
3,1.5707963267948966,1.5707963267948966,1.5707963267948966,1.335176877775662,1.4922565104551517,-0.0017311352920099665,1,-0.17320394904598224,rare_mutant_rejected
3,1.5707963267948966,1.5707963267948966,1.5707963267948966,1.335176877775662,1.5707963267948966,-0.00217986951623228,1,-0.2179869516232653,rare_mutant_rejected
3,1.5707963267948966,1.5707963267948966,1.5707963267948966,1.413716694115407,0.0,-0.034891071816253394,1,-3.5122358709262116,rare_mutant_rejected
3,1.5707963267948966,1.5707963267948966,1.5707963267948966,1.413716694115407,0.07853981633974483,-0.034117981750750204,1,-3.43394537306998,rare_mutant_rejected
3,1.5707963267948966,1.5707963267948966,1.5707963267948966,1.413716694115407,0.15707963267948966,-0.03185855165608409,1,-3.205197632528675,rare_mutant_rejected
3,1.5707963267948966,1.5707963267948966,1.5707963267948966,1.413716694115407,0.23561944901923448,-0.028286932053943836,1,-2.843802389392412,rare_mutant_rejected
3,1.5707963267948966,1.5707963267948966,1.5707963267948966,1.413716694115407,0.3141592653589793,-0.0236759668224078,1,-2.3776248455959097,rare_mutant_rejected
3,1.5707963267948966,1.5707963267948966,1.5707963267948966,1.413716694115407,0.39269908169872414,-0.018372762999746328,1,-1.8420429627333714,rare_mutant_rejected
3,1.5707963267948966,1.5707963267948966,1.5707963267948966,1.413716694115407,0.47123889803846897,-0.012767698342548428,1,-1.2767369265266115,rare_mutant_rejected
3,1.5707963267948966,1.5707963267948966,1.5707963267948966,1.413716694115407,0.5497787143782138,-0.007259735796799838,1,-0.7221188300015786,rare_mutant_rejected
3,1.5707963267948966,1.5707963267948966,1.5707963267948966,1.413716694115407,0.6283185307179586,-0.0022212753706227772,1,-0.21574433467801768,rare_mutant_rejected
3,1.5707963267948966,1.5707963267948966,1.5707963267948966,1.413716694115407,0.7068583470577035,0.002034159952956749,1,0.21095148716193712,rare_mutant_invades
3,1.5707963267948966,1.5707963267948966,1.5707963267948966,1.413716694115407,0.7853981633974483,0.0052783502214888145,1,0.5352847567145975,rare_mutant_invades
3,1.5707963267948966,1.5707963267948966,1.5707963267948966,1.413716694115407,0.8639379797371931,0.007386399693557699,1,0.7450733313442424,rare_mutant_invades
3,1.5707963267948966,1.5707963267948966,1.5707963267948966,1.413716694115407,0.9424777960769379,0.008344626004850753,1,0.8393475012340552,rare_mutant_invades
3,1.5707963267948966,1.5707963267948966,1.5707963267948966,1.413716694115407,1.0210176124166828,0.008247562994053048,1,0.8279631349910677,rare_mutant_invades
3,1.5707963267948966,1.5707963267948966,1.5707963267948966,1.413716694115407,1.0995574287564276,0.007284388493443927,1,0.7301670051413804,rare_mutant_invades
3,1.5707963267948966,1.5707963267948966,1.5707963267948966,1.413716694115407,1.1780972450961724,0.005716142476059893,1,0.5722663002800168,rare_mutant_invades
3,1.5707963267948966,1.5707963267948966,1.5707963267948966,1.413716694115407,1.2566370614359172,0.003846035624143873,1,0.38464144207442175,rare_mutant_invades
3,1.5707963267948966,1.5707963267948966,1.5707963267948966,1.413716694115407,1.335176877775662,0.0019858638093204206,1,0.1984047594962064,rare_mutant_invades
3,1.5707963267948966,1.5707963267948966,1.5707963267948966,1.413716694115407,1.413716694115407,0.00042195997448590816,1,0.04204114106591916,rare_mutant_invades
3,1.5707963267948966,1.5707963267948966,1.5707963267948966,1.413716694115407,1.4922565104551517,-0.0006158189431326733,1,-0.061632770342919585,rare_mutant_rejected
3,1.5707963267948966,1.5707963267948966,1.5707963267948966,1.413716694115407,1.5707963267948966,-0.0009788696740971048,1,-0.09788696740969272,rare_mutant_rejected
3,1.5707963267948966,1.5707963267948966,1.5707963267948966,1.4922565104551517,0.0,-0.03481508732936511,1,-3.503077914851218,rare_mutant_rejected
3,1.5707963267948966,1.5707963267948966,1.5707963267948966,1.4922565104551517,0.07853981633974483,-0.03411138400158009,1,-3.4318558581285252,rare_mutant_rejected
3,1.5707963267948966,1.5707963267948966,1.5707963267948966,1.4922565104551517,0.15707963267948966,-0.032053128132691455,1,-3.2235926211469694,rare_mutant_rejected
3,1.5707963267948966,1.5707963267948966,1.5707963267948966,1.4922565104551517,0.23561944901923448,-0.028794182403308,1,-2.8940067552411977,rare_mutant_rejected
3,1.5707963267948966,1.5707963267948966,1.5707963267948966,1.4922565104551517,0.3141592653589793,-0.024575750132333596,1,-2.467708722968851,rare_mutant_rejected
3,1.5707963267948966,1.5707963267948966,1.5707963267948966,1.4922565104551517,0.39269908169872414,-0.01970499455550012,1,-1.9759802647723408,rare_mutant_rejected
3,1.5707963267948966,1.5707963267948966,1.5707963267948966,1.4922565104551517,0.47123889803846897,-0.014527914821100829,1,-1.4539695710060618,rare_mutant_rejected
3,1.5707963267948966,1.5707963267948966,1.5707963267948966,1.4922565104551517,0.5497787143782138,-0.009398987428307137,1,-0.9375704811651282,rare_mutant_rejected
3,1.5707963267948966,1.5707963267948966,1.5707963267948966,1.4922565104551517,0.6283185307179586,-0.0046503951870775495,1,-0.4602833227575349,rare_mutant_rejected
3,1.5707963267948966,1.5707963267948966,1.5707963267948966,1.4922565104551517,0.7068583470577035,-0.0005637203474169183,1,-0.05035545435482369,rare_mutant_rejected
3,1.5707963267948966,1.5707963267948966,1.5707963267948966,1.4922565104551517,0.7853981633974483,0.0026532366951617092,1,0.2715289201962374,rare_mutant_invades
3,1.5707963267948966,1.5707963267948966,1.5707963267948966,1.4922565104551517,0.8639379797371931,0.004882323506074648,1,0.49379472954365866,rare_mutant_invades
3,1.5707963267948966,1.5707963267948966,1.5707963267948966,1.4922565104551517,0.9424777960769379,0.006102087271919743,1,0.6146182615809224,rare_mutant_invades
3,1.5707963267948966,1.5707963267948966,1.5707963267948966,1.4922565104551517,1.0210176124166828,0.0063853608280250995,1,0.6416148592130764,rare_mutant_invades
3,1.5707963267948966,1.5707963267948966,1.5707963267948966,1.4922565104551517,1.0995574287564276,0.00588765842899619,1,0.5906147413160969,rare_mutant_invades
3,1.5707963267948966,1.5707963267948966,1.5707963267948966,1.4922565104551517,1.1780972450961724,0.004827570991929875,1,0.4836585681381127,rare_mutant_invades
3,1.5707963267948966,1.5707963267948966,1.5707963267948966,1.4922565104551517,1.2566370614359172,0.0034611593972977417,1,0.3464201593903571,rare_mutant_invades
3,1.5707963267948966,1.5707963267948966,1.5707963267948966,1.4922565104551517,1.335176877775662,0.0020529618764486557,1,0.2053189839247871,rare_mutant_invades
3,1.5707963267948966,1.5707963267948966,1.5707963267948966,1.4922565104551517,1.413716694115407,0.0008465889207105448,1,0.08461428905511958,rare_mutant_invades
3,1.5707963267948966,1.5707963267948966,1.5707963267948966,1.4922565104551517,1.4922565104551517,3.793371578098004e-05,1,0.003773189671226973,rare_mutant_invades
3,1.5707963267948966,1.5707963267948966,1.5707963267948966,1.4922565104551517,1.5707963267948966,-0.00024623318809613437,1,-0.024623318809725347,rare_mutant_rejected
3,1.5707963267948966,1.5707963267948966,1.5707963267948966,1.5707963267948966,0.0,-0.034799999999997944,1,-3.5000000000000053,rare_mutant_rejected
3,1.5707963267948966,1.5707963267948966,1.5707963267948966,1.5707963267948966,0.07853981633974483,-0.034163609450625465,1,-3.435629047799752,rare_mutant_rejected
3,1.5707963267948966,1.5707963267948966,1.5707963267948966,1.5707963267948966,0.15707963267948966,-0.032300687591336974,1,-3.2472387735946002,rare_mutant_rejected
3,1.5707963267948966,1.5707963267948966,1.5707963267948966,1.5707963267948966,0.23561944901923448,-0.02934591488599203,1,-2.948573513085564,rare_mutant_rejected
3,1.5707963267948966,1.5707963267948966,1.5707963267948966,1.5707963267948966,0.3141592653589793,-0.025510568978044823,1,-2.5611696102342405,rare_mutant_rejected
3,1.5707963267948966,1.5707963267948966,1.5707963267948966,1.5707963267948966,0.39269908169872414,-0.0210640133317046,1,-2.11243686707646,rare_mutant_rejected
3,1.5707963267948966,1.5707963267948966,1.5707963267948966,1.5707963267948966,0.47123889803846897,-0.016310212007901725,1,-1.6332343214337453,rare_mutant_rejected
3,1.5707963267948966,1.5707963267948966,1.5707963267948966,1.5707963267948966,0.5497787143782138,-0.011561439602838064,1,-1.1551712787882957,rare_mutant_rejected
3,1.5707963267948966,1.5707963267948966,1.5707963267948966,1.5707963267948966,0.6283185307179586,-0.007111624125638372,1,-0.707889870078084,rare_mutant_rejected
3,1.5707963267948966,1.5707963267948966,1.5707963267948966,1.5707963267948966,0.7068583470577035,-0.00321180503695917,1,-0.3165858620621407,rare_mutant_rejected
3,1.5707963267948966,1.5707963267948966,1.5707963267948966,1.5707963267948966,0.7853981633974483,-4.999999999899529e-05,2,-0.5,rare_mutant_rejected
3,1.5707963267948966,1.5707963267948966,1.5707963267948966,1.5707963267948966,0.8639379797371931,0.0022626355946799848,1,0.23093476557866488,rare_mutant_invades
3,1.5707963267948966,1.5707963267948966,1.5707963267948966,1.5707963267948966,0.9424777960769379,0.003698068978047253,1,0.3736696102342343,rare_mutant_invades
3,1.5707963267948966,1.5707963267948966,1.5707963267948966,1.5707963267948966,1.0210176124166828,0.004309513730114567,1,0.4337954703001188,rare_mutant_invades
3,1.5707963267948966,1.5707963267948966,1.5707963267948966,1.5707963267948966,1.0995574287564276,0.004221656860307732,1,0.4240140615899062,rare_mutant_invades
3,1.5707963267948966,1.5707963267948966,1.5707963267948966,1.5707963267948966,1.1780972450961724,0.0036140133317061895,1,0.3624368670764575,rare_mutant_invades
3,1.5707963267948966,1.5707963267948966,1.5707963267948966,1.5707963267948966,1.2566370614359172,0.002699124125641994,1,0.27038987007807513,rare_mutant_invades
3,1.5707963267948966,1.5707963267948966,1.5707963267948966,1.5707963267948966,1.335176877775662,0.0016978407587204813,1,0.16994932157372844,rare_mutant_invades
3,1.5707963267948966,1.5707963267948966,1.5707963267948966,1.5707963267948966,1.413716694115407,0.0008142427389348228,1,0.08145903343843841,rare_mutant_invades
3,1.5707963267948966,1.5707963267948966,1.5707963267948966,1.5707963267948966,1.4922565104551517,0.00021277889290516327,1,0.021280144283233327,rare_mutant_invades
3,1.5707963267948966,1.5707963267948966,1.5707963267948966,1.5707963267948966,1.5707963267948966,0.0,,0.0,neutral
3,1.5707963267948966,1.5707963267948966,1.5707963267948966,1.6493361431346414,0.0,-0.034846470967657694,1,-3.5030779148512146,rare_mutant_rejected
3,1.5707963267948966,1.5707963267948966,1.5707963267948966,1.6493361431346414,0.07853981633974483,-0.03427487759571779,1,-3.4452960732849096,rare_mutant_rejected
3,1.5707963267948966,1.5707963267948966,1.5707963267948966,1.6493361431346414,0.15707963267948966,-0.03260017060660658,1,-3.276037859869515,rare_mutant_rejected
3,1.5707963267948966,1.5707963267948966,1.5707963267948966,1.6493361431346414,0.23561944901923448,-0.029939087245332452,1,-3.0072037424690503,rare_mutant_rejected
3,1.5707963267948966,1.5707963267948966,1.5707963267948966,1.6493361431346414,0.3141592653589793,-0.026474901683621432,1,-2.6574573792151295,rare_mutant_rejected
3,1.5707963267948966,1.5707963267948966,1.5707963267948966,1.6493361431346414,0.39269908169872414,-0.022441582052464604,1,-2.250587099819798,rare_mutant_rejected
3,1.5707963267948966,1.5707963267948966,1.5707963267948966,1.6493361431346414,0.47123889803846897,-0.01810368815609742,1,-1.813434584854706,rare_mutant_rejected
3,1.5707963267948966,1.5707963267948966,1.5707963267948966,1.6493361431346414,0.5497787143782138,-0.01373386256977227,1,-1.3735871640321893,rare_mutant_rejected
3,1.5707963267948966,1.5707963267948966,1.5707963267948966,1.6493361431346414,0.6283185307179586,-0.009589995595566947,1,-0.9570517541299015,rare_mutant_rejected
3,1.5707963267948966,1.5707963267948966,1.5707963267948966,1.6493361431346414,0.7068583470577035,-0.005894180291142526,1,-0.5861289092933486,rare_mutant_rejected
3,1.5707963267948966,1.5707963267948966,1.5707963267948966,1.6493361431346414,0.7853981633974483,-0.0028154105751543312,1,-0.27768474989867364,rare_mutant_rejected
3,1.5707963267948966,1.5707963267948966,1.5707963267948966,1.6493361431346414,0.8639379797371931,-0.0004576244545626551,1,-0.041978725394871574,rare_mutant_rejected
3,1.5707963267948966,1.5707963267948966,1.5707963267948966,1.6493361431346414,0.9424777960769379,0.001145814961382996,1,0.11784983020855755,rare_mutant_invades
3,1.5707963267948966,1.5707963267948966,1.5707963267948966,1.6493361431346414,1.0210176124166828,0.002030730084424448,1,0.20559817634601352,rare_mutant_invades
3,1.5707963267948966,1.5707963267948966,1.5707963267948966,1.6493361431346414,1.0995574287564276,0.0022940367705510667,1,0.231149727467459,rare_mutant_invades
3,1.5707963267948966,1.5707963267948966,1.5707963267948966,1.6493361431346414,1.1780972450961724,0.002079819399432914,1,0.2090517330906554,rare_mutant_invades
3,1.5707963267948966,1.5707963267948966,1.5707963267948966,1.6493361431346414,1.2566370614359172,0.001561027763106182,1,0.15667150314408396,rare_mutant_invades
3,1.5707963267948966,1.5707963267948966,1.5707963267948966,1.6493361431346414,1.335176877775662,0.0009186944246186712,1,0.09212199669693355,rare_mutant_invades
3,1.5707963267948966,1.5707963267948966,1.5707963267948966,1.6493361431346414,1.413716694115407,0.00032082593472892995,1,0.032169050332568006,rare_mutant_invades
3,1.5707963267948966,1.5707963267948966,1.5707963267948966,1.6493361431346414,1.4922565104551517,-9.684296464307351e-05,1,-0.009667025485155634,rare_mutant_rejected
3,1.5707963267948966,1.5707963267948966,1.5707963267948966,1.6493361431346414,1.5707963267948966,-0.00024623318809702255,1,-0.024623318809725347,rare_mutant_rejected
3,1.5707963267948966,1.5707963267948966,1.5707963267948966,1.7278759594743862,0.0,-0.034953645602268324,1,-3.5122358709262187,rare_mutant_rejected
3,1.5707963267948966,1.5707963267948966,1.5707963267948966,1.7278759594743862,0.07853981633974483,-0.03444395410755874,1,-3.460742939986986,rare_mutant_rejected
3,1.5707963267948966,1.5707963267948966,1.5707963267948966,1.7278759594743862,0.15707963267948966,-0.032949239222787696,1,-3.3097647676372413,rare_mutant_rejected
3,1.5707963267948966,1.5707963267948966,1.5707963267948966,1.7278759594743862,0.23561944901923448,-0.030569636837371128,1,-3.069498466780038,rare_mutant_rejected
3,1.5707963267948966,1.5707963267948966,1.5707963267948966,1.7278759594743862,0.3141592653589793,-0.027462499843964316,1,-2.755952294524871,rare_mutant_rejected
3,1.5707963267948966,1.5707963267948966,1.5707963267948966,1.7278759594743862,0.39269908169872414,-0.023829006680686327,1,-2.3895635903741788,rare_mutant_rejected
3,1.5707963267948966,1.5707963267948966,1.5707963267948966,1.7278759594743862,0.47123889803846897,-0.019897166255710808,1,-1.9934507328792668,rare_mutant_rejected
3,1.5707963267948966,1.5707963267948966,1.5707963267948966,1.7278759594743862,0.5497787143782138,-0.015902781064485616,1,-1.591464007895567,rare_mutant_rejected
3,1.5707963267948966,1.5707963267948966,1.5707963267948966,1.7278759594743862,0.6283185307179586,-0.012070120900102843,1,-1.2062184548510748,rare_mutant_rejected
3,1.5707963267948966,1.5707963267948966,1.5707963267948966,1.7278759594743862,0.7068583470577035,-0.008594087937932038,1,-0.8572922012026734,rare_mutant_rejected
3,1.5707963267948966,1.5707963267948966,1.5707963267948966,1.7278759594743862,0.7853981633974483,-0.0056255148141985956,1,-0.5597564985670207,rare_mutant_rejected
3,1.5707963267948966,1.5707963267948966,1.5707963267948966,1.7278759594743862,0.8639379797371931,-0.0032609406357755333,1,-0.3231703570203699,rare_mutant_rejected
3,1.5707963267948966,1.5707963267948966,1.5707963267948966,1.7278759594743862,0.9424777960769379,-0.0015377808844636576,1,-0.1511266189390046,rare_mutant_rejected
3,1.5707963267948966,1.5707963267948966,1.5707963267948966,1.7278759594743862,1.0210176124166828,-0.00043528475362375474,1,-0.04138204290292968,rare_mutant_rejected
3,1.5707963267948966,1.5707963267948966,1.5707963267948966,1.7278759594743862,1.0995574287564276,0.00011889305915335768,1,0.013453198788718979,rare_mutant_invades
3,1.5707963267948966,1.5707963267948966,1.5707963267948966,1.7278759594743862,1.1780972450961724,0.00023723422830457253,1,0.02474567263920413,rare_mutant_invades
3,1.5707963267948966,1.5707963267948966,1.5707963267948966,1.7278759594743862,1.2566370614359172,5.722813576092278e-05,1,0.006313993145461438,rare_mutant_invades
3,1.5707963267948966,1.5707963267948966,1.5707963267948966,1.7278759594743862,1.335176877775662,-0.00027584224928300927,1,-0.02729131789141981,rare_mutant_rejected
3,1.5707963267948966,1.5707963267948966,1.5707963267948966,1.7278759594743862,1.413716694115407,-0.0006264038974075348,1,-0.06252599404263748,rare_mutant_rejected
3,1.5707963267948966,1.5707963267948966,1.5707963267948966,1.7278759594743862,1.4922565104551517,-0.0008845622234963102,1,-0.08843033725992733,rare_mutant_rejected
3,1.5707963267948966,1.5707963267948966,1.5707963267948966,1.7278759594743862,1.5707963267948966,-0.0009788696740971048,1,-0.09788696740969272,rare_mutant_rejected
3,1.5707963267948966,1.5707963267948966,1.5707963267948966,1.806415775814131,0.0,-0.03511917276229948,1,-3.52724836895291,rare_mutant_rejected
3,1.5707963267948966,1.5707963267948966,1.5707963267948966,1.806415775814131,0.07853981633974483,-0.03466817204610173,1,-3.481712569690301,rare_mutant_rejected
3,1.5707963267948966,1.5707963267948966,1.5707963267948966,1.806415775814131,0.15707963267948966,-0.033344303849694334,1,-3.3480700611194116,rare_mutant_rejected
3,1.5707963267948966,1.5707963267948966,1.5707963267948966,1.806415775814131,0.23561944901923448,-0.031232516371551,1,-3.134962036492764,rare_mutant_rejected
3,1.5707963267948966,1.5707963267948966,1.5707963267948966,1.806415775814131,0.3141592653589793,-0.0284664352456776,1,-2.855969476846292,rare_mutant_rejected
3,1.5707963267948966,1.5707963267948966,1.5707963267948966,1.806415775814131,0.39269908169872414,-0.025217195874750686,1,-2.5284629958247358,rare_mutant_rejected
3,1.5707963267948966,1.5707963267948966,1.5707963267948966,1.806415775814131,0.47123889803846897,-0.02167926639373885,1,-2.1721472171583054,rare_mutant_rejected
3,1.5707963267948966,1.5707963267948966,1.5707963267948966,1.806415775814131,0.5497787143782138,-0.01805455907535336,1,-1.8074361450978254,rare_mutant_rejected
3,1.5707963267948966,1.5707963267948966,1.5707963267948966,1.806415775814131,0.6283185307179586,-0.014536285273378802,1,-1.4538110675470914,rare_mutant_rejected
3,1.5707963267948966,1.5707963267948966,1.5707963267948966,1.806415775814131,0.7068583470577035,-0.011294031263300752,1,-1.128312961734398,rare_mutant_rejected
3,1.5707963267948966,1.5707963267948966,1.5707963267948966,1.806415775814131,0.7853981633974483,-0.00846141555734281,1,-0.8443071424485797,rare_mutant_rejected
3,1.5707963267948966,1.5707963267948966,1.5707963267948966,1.806415775814131,0.8639379797371931,-0.006127441230917796,1,-0.6106304222361629,rare_mutant_rejected
3,1.5707963267948966,1.5707963267948966,1.5707963267948966,1.806415775814131,0.9424777960769379,-0.0043323008669675644,1,-0.4311930507629089,rare_mutant_rejected
3,1.5707963267948966,1.5707963267948966,1.5707963267948966,1.806415775814131,1.0210176124166828,-0.003067959411403365,1,-0.30506290047553897,rare_mutant_rejected
3,1.5707963267948966,1.5707963267948966,1.5707963267948966,1.806415775814131,1.0995574287564276,-0.002283372537570827,1,-0.22701216007144787,rare_mutant_rejected
3,1.5707963267948966,1.5707963267948966,1.5707963267948966,1.806415775814131,1.1780972450961724,-0.001893740821857115,1,-0.18846180691193481,rare_mutant_rejected
3,1.5707963267948966,1.5707963267948966,1.5707963267948966,1.806415775814131,1.2566370614359172,-0.0017927992162336537,1,-0.17872075139728416,rare_mutant_rejected
3,1.5707963267948966,1.5707963267948966,1.5707963267948966,1.806415775814131,1.335176877775662,-0.001866838534909654,1,-0.1863885234072047,rare_mutant_rejected
3,1.5707963267948966,1.5707963267948966,1.5707963267948966,1.806415775814131,1.413716694115407,-0.0020089834031766785,1,-0.2007754260439203,rare_mutant_rejected
3,1.5707963267948966,1.5707963267948966,1.5707963267948966,1.806415775814131,1.4922565104551517,-0.0021322288528988764,1,-0.21319365181247107,rare_mutant_rejected
3,1.5707963267948966,1.5707963267948966,1.5707963267948966,1.806415775814131,1.5707963267948966,-0.0021798695162340564,1,-0.21798695162326354,rare_mutant_rejected
3,1.5707963267948966,1.5707963267948966,1.5707963267948966,1.8849555921538759,0.0,-0.035339260912935266,1,-3.547745751406268,rare_mutant_rejected
3,1.5707963267948966,1.5707963267948966,1.5707963267948966,1.8849555921538759,0.07853981633974483,-0.03494348840334194,1,-3.5078103706485866,rare_mutant_rejected
3,1.5707963267948966,1.5707963267948966,1.5707963267948966,1.8849555921538759,0.15707963267948966,-0.03378058114603455,1,-3.390485619636328,rare_mutant_rejected
3,1.5707963267948966,1.5707963267948966,1.5707963267948966,1.8849555921538759,0.23561944901923448,-0.03192175425399668,1,-3.2030079325265977,rare_mutant_rejected
3,1.5707963267948966,1.5707963267948966,1.5707963267948966,1.8849555921538759,0.3141592653589793,-0.029479164134596836,1,-2.956765036835698,rare_mutant_rejected
3,1.5707963267948966,1.5707963267948966,1.5707963267948966,1.8849555921538759,0.39269908169872414,-0.026596731131195206,1,-2.6663527175270847,rare_mutant_rejected
3,1.5707963267948966,1.5707963267948966,1.5707963267948966,1.8849555921538759,0.47123889803846897,-0.023438484333211385,1,-2.3483802029632272,rare_mutant_rejected
3,1.5707963267948966,1.5707963267948966,1.5707963267948966,1.8849555921538759,0.5497787143782138,-0.02017549010965869,1,-2.0201353449808375,rare_mutant_rejected
3,1.5707963267948966,1.5707963267948966,1.5707963267948966,1.8849555921538759,0.6283185307179586,-0.016972553774079024,1,-1.698233089003864,rare_mutant_rejected
3,1.5707963267948966,1.5707963267948966,1.5707963267948966,1.8849555921538759,0.7068583470577035,-0.0139759010563969,1,-1.3973711415637151,rare_mutant_rejected
3,1.5707963267948966,1.5707963267948966,1.5707963267948966,1.8849555921538759,0.7853981633974483,-0.01130294976802837,1,-1.1293052317185817,rare_mutant_rejected
3,1.5707963267948966,1.5707963267948966,1.5707963267948966,1.8849555921538759,0.8639379797371931,-0.009035079748426433,1,-0.9021340814771879,rare_mutant_rejected
3,1.5707963267948966,1.5707963267948966,1.5707963267948966,1.8849555921538759,0.9424777960769379,-0.007214018660087973,1,-0.7199533488477066,rare_mutant_rejected
3,1.5707963267948966,1.5707963267948966,1.5707963267948966,1.8849555921538759,1.0210176124166828,-0.0058421092149201215,1,-0.5829014186820114,rare_mutant_rejected
3,1.5707963267948966,1.5707963267948966,1.5707963267948966,1.8849555921538759,1.0995574287564276,-0.004886343473300414,1,-0.4875815596931403,rare_mutant_rejected
3,1.5707963267948966,1.5707963267948966,1.5707963267948966,1.8849555921538759,1.1780972450961724,-0.004285679149552024,1,-0.4278083955196781,rare_mutant_rejected
3,1.5707963267948966,1.5707963267948966,1.5707963267948966,1.8849555921538759,1.2566370614359172,-0.003960828620386714,1,-0.39559542660146185,rare_mutant_rejected
3,1.5707963267948966,1.5707963267948966,1.5707963267948966,1.8849555921538759,1.335176877775662,-0.00382546698291808,1,-0.38227752990409947,rare_mutant_rejected
3,1.5707963267948966,1.5707963267948966,1.5707963267948966,1.8849555921538759,1.413716694115407,-0.003797666981292025,1,-0.3796501686056377,rare_mutant_rejected
3,1.5707963267948966,1.5707963267948966,1.5707963267948966,1.8849555921538759,1.4922565104551517,-0.003810351353329189,1,-0.38100663240404664,rare_mutant_rejected
3,1.5707963267948966,1.5707963267948966,1.5707963267948966,1.8849555921538759,1.5707963267948966,-0.0038196601124997898,1,-0.3819660112501051,rare_mutant_rejected
3,1.5707963267948966,1.5707963267948966,1.5707963267948966,1.9634954084936207,0.0,-0.03560876973350524,1,-3.573223304703366,rare_mutant_rejected
3,1.5707963267948966,1.5707963267948966,1.5707963267948966,1.9634954084936207,0.07853981633974483,-0.03526457463106336,1,-3.5385132031132827,rare_mutant_rejected
3,1.5707963267948966,1.5707963267948966,1.5707963267948966,1.9634954084936207,0.15707963267948966,-0.0342521816335033,1,-3.436433235248347,rare_mutant_rejected
3,1.5707963267948966,1.5707963267948966,1.5707963267948966,1.9634954084936207,0.23561944901923448,-0.032630538404770704,1,-3.2729668862908765,rare_mutant_rejected
3,1.5707963267948966,1.5707963267948966,1.5707963267948966,1.9634954084936207,0.3141592653589793,-0.030492607854107234,1,-3.057543794769191,rare_mutant_rejected
3,1.5707963267948966,1.5707963267948966,1.5707963267948966,1.9634954084936207,0.39269908169872414,-0.027957946786495214,1,-2.802278528111388,rare_mutant_rejected
3,1.5707963267948966,1.5707963267948966,1.5707963267948966,1.9634954084936207,0.47123889803846897,-0.025163275593105716,1,-2.5210056582318625,rare_mutant_rejected
3,1.5707963267948966,1.5707963267948966,1.5707963267948966,1.9634954084936207,0.5497787143782138,-0.022251892266099027,1,-2.228200150550629,rare_mutant_rejected
3,1.5707963267948966,1.5707963267948966,1.5707963267948966,1.9634954084936207,0.6283185307179586,-0.019362886240415378,1,-1.9378819843991284,rare_mutant_rejected
3,1.5707963267948966,1.5707963267948966,1.5707963267948966,1.9634954084936207,0.7068583470577035,-0.016621120823460345,1,-1.662604311042057,rare_mutant_rejected
3,1.5707963267948966,1.5707963267948966,1.5707963267948966,1.9634954084936207,0.7853981633974483,-0.014128875129983065,1,-1.4126153179811825,rare_mutant_rejected
3,1.5707963267948966,1.5707963267948966,1.5707963267948966,1.9634954084936207,0.8639379797371931,-0.011959873832237733,1,-1.1952662228994893,rare_mutant_rejected
3,1.5707963267948966,1.5707963267948966,1.5707963267948966,1.9634954084936207,0.9424777960769379,-0.01015620018884622,1,-1.0147132228502498,rare_mutant_rejected
3,1.5707963267948966,1.5707963267948966,1.5707963267948966,1.9634954084936207,1.0210176124166828,-0.008728306355689774,1,-0.8719321943262415,rare_mutant_rejected
3,1.5707963267948966,1.5707963267948966,1.5707963267948966,1.9634954084936207,1.0995574287564276,-0.0076580317986074675,1,-0.7650343256094949,rare_mutant_rejected
3,1.5707963267948966,1.5707963267948966,1.5707963267948966,1.9634954084936207,1.1780972450961724,-0.006904245398373199,1,-0.6898416610349294,rare_mutant_rejected
3,1.5707963267948966,1.5707963267948966,1.5707963267948966,1.9634954084936207,1.2566370614359172,-0.00641046912391996,1,-0.6406565996820834,rare_mutant_rejected
3,1.5707963267948966,1.5707963267948966,1.5707963267948966,1.9634954084936207,1.335176877775662,-0.006113647343178208,1,-0.6111411471248953,rare_mutant_rejected
3,1.5707963267948966,1.5707963267948966,1.5707963267948966,1.9634954084936207,1.413716694115407,-0.005953116306976369,1,-0.5952119357949002,rare_mutant_rejected
3,1.5707963267948966,1.5707963267948966,1.5707963267948966,1.9634954084936207,1.4922565104551517,-0.005878815082979827,1,-0.5878566412377975,rare_mutant_rejected
3,1.5707963267948966,1.5707963267948966,1.5707963267948966,1.9634954084936207,1.5707963267948966,-0.00585786437626723,1,-0.5857864376269077,rare_mutant_rejected
3,1.5707963267948966,1.5707963267948966,1.5707963267948966,2.0420352248333655,0.0,-0.035921334969215124,1,-3.603053686926886,rare_mutant_rejected
3,1.5707963267948966,1.5707963267948966,1.5707963267948966,2.0420352248333655,0.07853981633974483,-0.0356249389752179,1,-3.5731815241689606,rare_mutant_rejected
3,1.5707963267948966,1.5707963267948966,1.5707963267948966,2.0420352248333655,0.15707963267948966,-0.03475222505262998,1,-3.4852359758524045,rare_mutant_rejected
3,1.5707963267948966,1.5707963267948966,1.5707963267948966,2.0420352248333655,0.23561944901923448,-0.0333513218423267,1,-3.344097155450216,rare_mutant_rejected
3,1.5707963267948966,1.5707963267948966,1.5707963267948966,2.0420352248333655,0.3141592653589793,-0.03149824847334948,1,-3.157468461184357,rare_mutant_rejected
3,1.5707963267948966,1.5707963267948966,1.5707963267948966,2.0420352248333655,0.39269908169872414,-0.029291018802613422,1,-2.935273017686635,rare_mutant_rejected
3,1.5707963267948966,1.5707963267948966,1.5707963267948966,2.0420352248333655,0.47123889803846897,-0.02684214416355779,1,-2.6888878226759907,rare_mutant_rejected
3,1.5707963267948966,1.5707963267948966,1.5707963267948966,2.0420352248333655,0.5497787143782138,-0.024270207282356182,1,-2.4302855058348083,rare_mutant_rejected
3,1.5707963267948966,1.5707963267948966,1.5707963267948966,2.0420352248333655,0.6283185307179586,-0.021691260256320177,1,-2.171161421249451,rare_mutant_rejected
3,1.5707963267948966,1.5707963267948966,1.5707963267948966,2.0420352248333655,0.7068583470577035,-0.01921080958478072,1,-1.9221241559167144,rare_mutant_rejected
3,1.5707963267948966,1.5707963267948966,1.5707963267948966,2.0420352248333655,0.7853981633974483,-0.016917089693367693,1,-1.6920204360152962,rare_mutant_rejected
3,1.5707963267948966,1.5707963267948966,1.5707963267948966,2.0420352248333655,0.8639379797371931,-0.014876198392443918,1,-1.487451566969721,rare_mutant_rejected
3,1.5707963267948966,1.5707963267948966,1.5707963267948966,2.0420352248333655,0.9424777960769379,-0.013129484868389163,1,-1.3125193250909462,rare_mutant_rejected
3,1.5707963267948966,1.5707963267948966,1.5707963267948966,2.0420352248333655,1.0210176124166828,-0.011693360242583495,1,-1.1688165205419594,rare_mutant_rejected
3,1.5707963267948966,1.5707963267948966,1.5707963267948966,2.0420352248333655,1.0995574287564276,-0.010561463595310627,1,-1.0556535012422419,rare_mutant_rejected
3,1.5707963267948966,1.5707963267948966,1.5707963267948966,2.0420352248333655,1.1780972450961724,-0.009708885852436566,1,-0.9704890094996301,rare_mutant_rejected
3,1.5707963267948966,1.5707963267948966,1.5707963267948966,2.0420352248333655,1.2566370614359172,-0.009097953077883858,1,-0.9095142692699394,rare_mutant_rejected
3,1.5707963267948966,1.5707963267948966,1.5707963267948966,2.0420352248333655,1.335176877775662,-0.008684919942835378,1,-0.8683248725455481,rare_mutant_rejected
3,1.5707963267948966,1.5707963267948966,1.5707963267948966,2.0420352248333655,1.413716694115407,-0.008426839132760655,1,-0.8426073321797283,rare_mutant_rejected
3,1.5707963267948966,1.5707963267948966,1.5707963267948966,2.0420352248333655,1.4922565104551517,-0.008287862357655662,1,-0.8287668073171393,rare_mutant_rejected
3,1.5707963267948966,1.5707963267948966,1.5707963267948966,2.0420352248333655,1.5707963267948966,-0.008244294954150355,1,-0.8244294954150533,rare_mutant_rejected
3,1.5707963267948966,1.5707963267948966,1.5707963267948966,2.1205750411731104,0.0,-0.036269523463593245,1,-3.636502375065117,rare_mutant_rejected
3,1.5707963267948966,1.5707963267948966,1.5707963267948966,2.1205750411731104,0.07853981633974483,-0.036017077655422725,1,-3.6110744173710554,rare_mutant_rejected
3,1.5707963267948966,1.5707963267948966,1.5707963267948966,2.1205750411731104,0.15707963267948966,-0.03527298078860852,1,-3.5361320516574013,rare_mutant_rejected
3,1.5707963267948966,1.5707963267948966,1.5707963267948966,2.1205750411731104,0.23561944901923448,-0.034075947791769146,1,-3.4155967406355163,rare_mutant_rejected
3,1.5707963267948966,1.5707963267948966,1.5707963267948966,2.1205750411731104,0.3141592653589793,-0.0324872376520835,1,-3.2556701165747963,rare_mutant_rejected
3,1.5707963267948966,1.5707963267948966,1.5707963267948966,2.1205750411731104,0.39269908169872414,-0.030586061035686285,1,-3.0643647440602937,rare_mutant_rejected
3,1.5707963267948966,1.5707963267948966,1.5707963267948966,2.1205750411731104,0.47123889803846897,-0.02846373485845799,1,-2.850907969874779,rare_mutant_rejected
3,1.5707963267948966,1.5707963267948966,1.5707963267948966,2.1205750411731104,0.5497787143782138,-0.026217102597354547,1,-2.6250725818264424,rare_mutant_rejected
3,1.5707963267948966,1.5707963267948966,1.5707963267948966,2.1205750411731104,0.6283185307179586,-0.023941800835280524,1,-2.3964940370083605,rare_mutant_rejected
3,1.5707963267948966,1.5707963267948966,1.5707963267948966,2.1205750411731104,0.7068583470577035,-0.021725960173681003,1,-2.1740343506809303,rare_mutant_rejected
3,1.5707963267948966,1.5707963267948966,1.5707963267948966,2.1205750411731104,0.7853981633974483,-0.019644881198012776,1,-1.9652473515709357,rare_mutant_rejected
3,1.5707963267948966,1.5707963267948966,1.5707963267948966,2.1205750411731104,0.8639379797371931,-0.017757127785644755,1,-1.775989455180346,rare_mutant_rejected
3,1.5707963267948966,1.5707963267948966,1.5707963267948966,2.1205750411731104,0.9424777960769379,-0.01610233976082931,1,-1.6102054323696855,rare_mutant_rejected
3,1.5707963267948966,1.5707963267948966,1.5707963267948966,2.1205750411731104,1.0210176124166828,-0.01470089796785512,1,-1.4699013030381503,rare_mutant_rejected
3,1.5707963267948966,1.5707963267948966,1.5707963267948966,2.1205750411731104,1.0995574287564276,-0.013555393505845004,1,-1.355298167614304,rare_mutant_rejected
3,1.5707963267948966,1.5707963267948966,1.5707963267948966,2.1205750411731104,1.1780972450961724,-0.012653676896727362,1,-1.2651432953036545,rare_mutant_rejected
3,1.5707963267948966,1.5707963267948966,1.5707963267948966,2.1205750411731104,1.2566370614359172,-0.011973109848439911,1,-1.1971398246640188,rare_mutant_rejected
3,1.5707963267948966,1.5707963267948966,1.5707963267948966,2.1205750411731104,1.335176877775662,-0.011485527507847593,1,-1.1484454532277901,rare_mutant_rejected
3,1.5707963267948966,1.5707963267948966,1.5707963267948966,2.1205750411731104,1.413716694115407,-0.01116235448010805,1,-1.116184557692451,rare_mutant_rejected
3,1.5707963267948966,1.5707963267948966,1.5707963267948966,2.1205750411731104,1.4922565104551517,-0.010979310250078811,1,-1.0979178554955702,rare_mutant_rejected
3,1.5707963267948966,1.5707963267948966,1.5707963267948966,2.1205750411731104,1.5707963267948966,-0.010920190005208497,1,-1.09201900052091,rare_mutant_rejected
3,1.5707963267948966,1.5707963267948966,1.5707963267948966,2.199114857512855,0.0,-0.036645014564520295,1,-3.672745751406268,rare_mutant_rejected
3,1.5707963267948966,1.5707963267948966,1.5707963267948966,2.199114857512855,0.07853981633974483,-0.03643265121763317,1,-3.651367141533207,rare_mutant_rejected
3,1.5707963267948966,1.5707963267948966,1.5707963267948966,2.199114857512855,0.15707963267948966,-0.03580603007779093,1,-3.588290860874131,rare_mutant_rejected
3,1.5707963267948966,1.5707963267948966,1.5707963267948966,2.199114857512855,0.23561944901923448,-0.03479579159152024,1,-3.486617279569253,rare_mutant_rejected
3,1.5707963267948966,1.5707963267948966,1.5707963267948966,2.199114857512855,0.3141592653589793,-0.0334505166580783,1,-3.351259794591427,rare_mutant_rejected
3,1.5707963267948966,1.5707963267948966,1.5707963267948966,2.199114857512855,0.39269908169872414,-0.03183322749060835,1,-3.188587952113643,rare_mutant_rejected
3,1.5707963267948966,1.5707963267948966,1.5707963267948966,2.199114857512855,0.47123889803846897,-0.030016928193560943,1,-3.0059733650018474,rare_mutant_rejected
3,1.5707963267948966,1.5707963267948966,1.5707963267948966,2.199114857512855,0.5497787143782138,-0.028079575352886188,1,-2.8112787026810535,rare_mutant_rejected
3,1.5707963267948966,1.5707963267948966,1.5707963267948966,2.199114857512855,0.6283185307179586,-0.026098915302603665,1,-2.612334589559236,rare_mutant_rejected
3,1.5707963267948966,1.5707963267948966,1.5707963267948966,2.199114857512855,0.7068583470577035,-0.024147630494262273,1,-2.416449545924963,rare_mutant_rejected
3,1.5707963267948966,1.5707963267948966,1.5707963267948966,2.199114857512855,0.7853981633974483,-0.022289201872102815,1,-2.229994134429921,rare_mutant_rejected
3,1.5707963267948966,1.5707963267948966,1.5707963267948966,2.199114857512855,0.8639379797371931,-0.020574820552684336,1,-2.058092642748637,rare_mutant_rejected
3,1.5707963267948966,1.5707963267948966,1.5707963267948966,2.199114857512855,0.9424777960769379,-0.019041577298937185,1,-1.9044447194811518,rare_mutant_rejected
3,1.5707963267948966,1.5707963267948966,1.5707963267948966,2.199114857512855,1.0210176124166828,-0.017712032235071007,1,-1.771286463654329,rare_mutant_rejected
3,1.5707963267948966,1.5707963267948966,1.5707963267948966,2.199114857512855,1.0995574287564276,-0.016595132141182134,1,-1.6594868174876707,rare_mutant_rejected
3,1.5707963267948966,1.5707963267948966,1.5707963267948966,2.199114857512855,1.1780972450961724,-0.015688311720002623,1,-1.5687620636444652,rare_mutant_rejected
3,1.5707963267948966,1.5707963267948966,1.5707963267948966,2.199114857512855,1.2566370614359172,-0.014980501428402349,1,-1.497980054435267,rare_mutant_rejected
3,1.5707963267948966,1.5707963267948966,1.5707963267948966,2.199114857512855,1.335176877775662,-0.0144556792417454,1,-1.4455175856115803,rare_mutant_rejected
3,1.5707963267948966,1.5707963267948966,1.5707963267948966,2.199114857512855,1.413716694115407,-0.014096555741893724,1,-1.4096298616016947,rare_mutant_rejected
3,1.5707963267948966,1.5707963267948966,1.5707963267948966,2.199114857512855,1.4922565104551517,-0.013887976156646609,1,-1.3887907013094054,rare_mutant_rejected
3,1.5707963267948966,1.5707963267948966,1.5707963267948966,2.199114857512855,1.5707963267948966,-0.013819660112500465,1,-1.381966011250105,rare_mutant_rejected
3,1.5707963267948966,1.5707963267948966,1.5707963267948966,2.2776546738526,0.0,-0.03703880344706345,1,-3.7108913837399466,rare_mutant_rejected
3,1.5707963267948966,1.5707963267948966,1.5707963267948966,2.2776546738526,0.07853981633974483,-0.03686268176785745,1,-3.69317077084008,rare_mutant_rejected
3,1.5707963267948966,1.5707963267948966,1.5707963267948966,2.2776546738526,0.15707963267948966,-0.03634244616857796,1,-3.64083083624263,rare_mutant_rejected
3,1.5707963267948966,1.5707963267948966,1.5707963267948966,2.2776546738526,0.23561944901923448,-0.03550191625680732,1,-3.5562793125760574,rare_mutant_rejected
3,1.5707963267948966,1.5707963267948966,1.5707963267948966,2.2776546738526,0.3141592653589793,-0.034378945170916,1,-3.443340944031024,rare_mutant_rejected
3,1.5707963267948966,1.5707963267948966,1.5707963267948966,2.2776546738526,0.39269908169872414,-0.03302281890029235,1,-3.3069927105619765,rare_mutant_rejected
3,1.5707963267948966,1.5707963267948966,1.5707963267948966,2.2776546738526,0.47123889803846897,-0.03149093658511504,1,-3.153026312224659,rare_mutant_rejected
3,1.5707963267948966,1.5707963267948966,1.5707963267948966,2.2776546738526,0.5497787143782138,-0.029845057161380417,1,-2.9876672667652073,rare_mutant_rejected
3,1.5707963267948966,1.5707963267948966,1.5707963267948966,2.2776546738526,0.6283185307179586,-0.028147431656202038,1,-2.8171833251779486,rare_mutant_rejected
3,1.5707963267948966,1.5707963267948966,1.5707963267948966,2.2776546738526,0.7068583470577035,-0.026457144779287844,1,-2.6475151729761084,rare_mutant_rejected
3,1.5707963267948966,1.5707963267948966,1.5707963267948966,2.2776546738526,0.7853981633974483,-0.024826963759835508,1,-2.4839595528955893,rare_mutant_rejected
3,1.5707963267948966,1.5707963267948966,1.5707963267948966,2.2776546738526,0.8639379797371931,-0.02330093904078634,1,-2.3309293109139633,rare_mutant_rejected
3,1.5707963267948966,1.5707963267948966,1.5707963267948966,2.2776546738526,0.9424777960769379,-0.021912925520694237,1,-2.191806995665873,rare_mutant_rejected
3,1.5707963267948966,1.5707963267948966,1.5707963267948966,2.2776546738526,1.0210176124166828,-0.020686101806529855,1,-2.068899310540818,rare_mutant_rejected
3,1.5707963267948966,1.5707963267948966,1.5707963267948966,2.2776546738526,1.0995574287564276,-0.019633467248428182,1,-1.9634898455862402,rare_mutant_rejected
3,1.5707963267948966,1.5707963267948966,1.5707963267948966,2.2776546738526,1.1780972450961724,-0.01875920193267433,1,-1.8759780691633532,rare_mutant_rejected
3,1.5707963267948966,1.5707963267948966,1.5707963267948966,2.2776546738526,1.2566370614359172,-0.018060692661474143,1,-1.8060844576087405,rare_mutant_rejected
3,1.5707963267948966,1.5707963267948966,1.5707963267948966,2.2776546738526,1.335176877775662,-0.01753096644121399,1,-1.7530956695685802,rare_mutant_rejected
3,1.5707963267948966,1.5707963267948966,1.5707963267948966,2.2776546738526,1.413716694115407,-0.017161238320455574,1,-1.716120402364215,rare_mutant_rejected
3,1.5707963267948966,1.5707963267948966,1.5707963267948966,2.2776546738526,1.4922565104551517,-0.01694327607799906,1,-1.6943263047205122,rare_mutant_rejected
3,1.5707963267948966,1.5707963267948966,1.5707963267948966,2.2776546738526,1.5707963267948966,-0.016871310699194453,1,-1.6871310699195377,rare_mutant_rejected
3,1.5707963267948966,1.5707963267948966,1.5707963267948966,2.356194490192345,0.0,-0.037441421356236404,1,-3.7500000000000018,rare_mutant_rejected
3,1.5707963267948966,1.5707963267948966,1.5707963267948966,2.356194490192345,0.07853981633974483,-0.03729776628022918,1,-3.735553446797672,rare_mutant_rejected
3,1.5707963267948966,1.5707963267948966,1.5707963267948966,2.356194490192345,0.15707963267948966,-0.036872988167077736,1,-3.6928386690208956,rare_mutant_rejected
3,1.5707963267948966,1.5707963267948966,1.5707963267948966,2.356194490192345,0.23561944901923448,-0.03618523821824038,1,-3.623688578264611,rare_mutant_rejected
3,1.5707963267948966,1.5707963267948966,1.5707963267948966,2.356194490192345,0.3141592653589793,-0.035263436279715066,1,-3.53102252087894,rare_mutant_rejected
3,1.5707963267948966,1.5707963267948966,1.5707963267948966,2.356194490192345,0.39269908169872414,-0.034145391840911365,1,-3.41865530061469,rare_mutant_rejected
3,1.5707963267948966,1.5707963267948966,1.5707963267948966,2.356194490192345,0.47123889803846897,-0.032875400594179816,1,-3.2910531791079745,rare_mutant_rejected
3,1.5707963267948966,1.5707963267948966,1.5707963267948966,2.356194490192345,0.5497787143782138,-0.0315015183888292,1,-3.1530575518252384,rare_mutant_rejected
3,1.5707963267948966,1.5707963267948966,1.5707963267948966,2.356194490192345,0.6283185307179586,-0.03007273851637482,1,-3.0095993869683664,rare_mutant_rejected
3,1.5707963267948966,1.5707963267948966,1.5707963267948966,2.356194490192345,0.7068583470577035,-0.0286363015337745,1,-2.8654277422861973,rare_mutant_rejected
3,1.5707963267948966,1.5707963267948966,1.5707963267948966,2.356194490192345,0.7853981633974483,-0.02723534899387925,1,-2.7248737341529203,rare_mutant_rejected
3,1.5707963267948966,1.5707963267948966,1.5707963267948966,2.356194490192345,0.8639379797371931,-0.025907095229373844,1,-2.5916674284657937,rare_mutant_rejected
3,1.5707963267948966,1.5707963267948966,1.5707963267948966,2.356194490192345,0.9424777960769379,-0.02468163831028125,1,-2.468819646812209,rare_mutant_rejected
3,1.5707963267948966,1.5707963267948966,1.5707963267948966,2.356194490192345,1.0210176124166828,-0.023581467590852334,1,-2.3585741772810316,rare_mutant_rejected
3,1.5707963267948966,1.5707963267948966,1.5707963267948966,2.356194490192345,1.0995574287564276,-0.022621657074595625,1,-2.262428987596147,rare_mutant_rejected
3,1.5707963267948966,1.5707963267948966,1.5707963267948966,2.356194490192345,1.1780972450961724,-0.02181066783108676,1,-2.1812184335382305,rare_mutant_rejected
3,1.5707963267948966,1.5707963267948966,1.5707963267948966,2.356194490192345,1.2566370614359172,-0.02115162539550486,1,-2.115242780722782,rare_mutant_rejected
3,1.5707963267948966,1.5707963267948966,1.5707963267948966,2.356194490192345,1.335176877775662,-0.020643895146072566,1,-2.064427160934965,rare_mutant_rejected
3,1.5707963267948966,1.5707963267948966,1.5707963267948966,2.356194490192345,1.413716694115407,-0.02028475435026067,1,-2.028489765504373,rare_mutant_rejected
3,1.5707963267948966,1.5707963267948966,1.5707963267948966,2.356194490192345,1.4922565104551517,-0.02007095630061695,1,-2.0070988507561793,rare_mutant_rejected
3,1.5707963267948966,1.5707963267948966,1.5707963267948966,2.356194490192345,1.5707963267948966,-0.019999999999998685,1,-2.0000000000000027,rare_mutant_rejected
3,1.5707963267948966,1.5707963267948966,1.5707963267948966,2.4347343065320897,0.0,-0.037843167355717355,1,-3.789108616260066,rare_mutant_rejected
3,1.5707963267948966,1.5707963267948966,1.5707963267948966,2.4347343065320897,0.07853981633974483,-0.03772830077597433,1,-3.777562722650954,rare_mutant_rejected
3,1.5707963267948966,1.5707963267948966,1.5707963267948966,2.4347343065320897,0.15707963267948966,-0.03738830395852499,1,-3.743389452385772,rare_mutant_rejected
3,1.5707963267948966,1.5707963267948966,1.5707963267948966,2.4347343065320897,0.23561944901923448,-0.03683669949696444,1,-3.6879529711705423,rare_mutant_rejected
3,1.5707963267948966,1.5707963267948966,1.5707963267948966,2.4347343065320897,0.3141592653589793,-0.0360950949161607,1,-3.613432443425957,rare_mutant_rejected
3,1.5707963267948966,1.5707963267948966,1.5707963267948966,2.4347343065320897,0.39269908169872414,-0.035191868505966895,1,-3.522688680892368,rare_mutant_rejected
3,1.5707963267948966,1.5707963267948966,1.5707963267948966,2.4347343065320897,0.47123889803846897,-0.03416048389654591,1,-3.419093280742114,rare_mutant_rejected
3,1.5707963267948966,1.5707963267948966,1.5707963267948966,2.4347343065320897,0.5497787143782138,-0.03303757064670698,1,-3.3063342901178148,rare_mutant_rejected
3,1.5707963267948966,1.5707963267948966,1.5707963267948966,2.4347343065320897,0.6283185307179586,-0.031860924642558075,1,-3.188214078622088,rare_mutant_rejected
3,1.5707963267948966,1.5707963267948966,1.5707963267948966,2.4347343065320897,0.7068583470577035,-0.030667584565247097,1,-3.0684552921505164,rare_mutant_rejected
3,1.5707963267948966,1.5707963267948966,1.5707963267948966,2.4347343065320897,0.7853981633974483,-0.02949212891703823,1,-2.9505294958601684,rare_mutant_rejected
3,1.5707963267948966,1.5707963267948966,1.5707963267948966,2.4347343065320897,0.8639379797371931,-0.028365313274115955,1,-2.837520526571854,rare_mutant_rejected
3,1.5707963267948966,1.5707963267948966,1.5707963267948966,2.4347343065320897,0.9424777960769379,-0.027313131990061024,1,-2.732030927821853,rare_mutant_rejected
3,1.5707963267948966,1.5707963267948966,1.5707963267948966,2.4347343065320897,1.0210176124166828,-0.026356345960936167,1,-2.636135497253788,rare_mutant_rejected
3,1.5707963267948966,1.5707963267948966,1.5707963267948966,2.4347343065320897,1.0995574287564276,-0.025510472441683696,1,-2.551381364356879,rare_mutant_rejected
3,1.5707963267948966,1.5707963267948966,1.5707963267948966,2.4347343065320897,1.1780972450961724,-0.024786188739330584,1,-2.4788295881380673,rare_mutant_rejected
3,1.5707963267948966,1.5707963267948966,1.5707963267948966,2.4347343065320897,1.2566370614359172,-0.024190063236206427,1,-2.4191294495359204,rare_mutant_rejected
3,1.5707963267948966,1.5707963267948966,1.5707963267948966,2.4347343065320897,1.335176877775662,-0.023725498385988253,1,-2.3726137795187245,rare_mutant_rejected
3,1.5707963267948966,1.5707963267948966,1.5707963267948966,2.4347343065320897,1.413716694115407,-0.023393753899451752,1,-2.339402079231154,rare_mutant_rejected
3,1.5707963267948966,1.5707963267948966,1.5707963267948966,2.4347343065320897,1.4922565104551517,-0.023194915875261124,1,-2.3194979966875398,rare_mutant_rejected
3,1.5707963267948966,1.5707963267948966,1.5707963267948966,2.4347343065320897,1.5707963267948966,-0.023128689300803806,1,-2.3128689300804623,rare_mutant_rejected
3,1.5707963267948966,1.5707963267948966,1.5707963267948966,2.5132741228718345,0.0,-0.03823434588481156,1,-3.8272542485937393,rare_mutant_rejected
3,1.5707963267948966,1.5707963267948966,1.5707963267948966,2.5132741228718345,0.07853981633974483,-0.038144709901048124,1,-3.818248453780722,rare_mutant_rejected
3,1.5707963267948966,1.5707963267948966,1.5707963267948966,2.5132741228718345,0.15707963267948966,-0.03787913736849369,1,-3.791567262708276,rare_mutant_rejected
3,1.5707963267948966,1.5707963267948966,1.5707963267948966,2.5132741228718345,0.23561944901923448,-0.03744744241083975,1,-3.7481997750159426,rare_mutant_rejected
3,1.5707963267948966,1.5707963267948966,1.5707963267948966,2.5132741228718345,0.3141592653589793,-0.03686535686196013,1,-3.6897311314646144,rare_mutant_rejected
3,1.5707963267948966,1.5707963267948966,1.5707963267948966,2.5132741228718345,0.39269908169872414,-0.03615364521415998,1,-3.6182528466308064,rare_mutant_rejected
3,1.5707963267948966,1.5707963267948966,1.5707963267948966,2.5132741228718345,0.47123889803846897,-0.03533696563867217,1,-3.536247503946079,rare_mutant_rejected
3,1.5707963267948966,1.5707963267948966,1.5707963267948966,2.5132741228718345,0.5497787143782138,-0.03444256615603969,1,-3.446456897943585,rare_mutant_rejected
3,1.5707963267948966,1.5707963267948966,1.5707963267948966,2.5132741228718345,0.6283185307179586,-0.03349891590434595,1,-3.3517437938670174,rare_mutant_rejected
3,1.5707963267948966,1.5707963267948966,1.5707963267948966,2.5132741228718345,0.7068583470577035,-0.0325343732979686,1,-3.254957631958984,rare_mutant_rejected
3,1.5707963267948966,1.5707963267948966,1.5707963267948966,2.5132741228718345,0.7853981633974483,-0.0315759855896216,1,-3.158813728906054,rare_mutant_rejected
3,1.5707963267948966,1.5707963267948966,1.5707963267948966,2.5132741228718345,0.8639379797371931,-0.030648498706828953,1,-3.0657939074945,rare_mutant_rejected
3,1.5707963267948966,1.5707963267948966,1.5707963267948966,2.5132741228718345,0.9424777960769379,-0.029773633789012877,1,-2.9780741836327778,rare_mutant_rejected
3,1.5707963267948966,1.5707963267948966,1.5707963267948966,2.5132741228718345,1.0210176124166828,-0.028969659811906467,1,-2.897482387881893,rare_mutant_rejected
3,1.5707963267948966,1.5707963267948966,1.5707963267948966,2.5132741228718345,1.0995574287564276,-0.02825126270295275,1,-2.8254856684365963,rare_mutant_rejected
3,1.5707963267948966,1.5707963267948966,1.5707963267948966,2.5132741228718345,1.1780972450961724,-0.0276296832616163,1,-2.7632050009470692,rare_mutant_rejected
3,1.5707963267948966,1.5707963267948966,1.5707963267948966,2.5132741228718345,1.2566370614359172,-0.027113071747968398,1,-2.7114513913084552,rare_mutant_rejected
3,1.5707963267948966,1.5707963267948966,1.5707963267948966,2.5132741228718345,1.335176877775662,-0.026706988572766654,1,-2.6707766343143238,rare_mutant_rejected
3,1.5707963267948966,1.5707963267948966,1.5707963267948966,2.5132741228718345,1.413716694115407,-0.026414969889701823,1,-2.641530454947673,rare_mutant_rejected
3,1.5707963267948966,1.5707963267948966,1.5707963267948966,2.5132741228718345,1.4922565104551517,-0.026239075045706883,1,-2.6239157019215362,rare_mutant_rejected
3,1.5707963267948966,1.5707963267948966,1.5707963267948966,2.5132741228718345,1.5707963267948966,-0.026180339887498683,1,-2.618033988749895,rare_mutant_rejected
3,1.5707963267948966,1.5707963267948966,1.5707963267948966,2.5918139392115793,0.0,-0.03860550428221732,1,-3.863497624934892,rare_mutant_rejected
3,1.5707963267948966,1.5707963267948966,1.5707963267948966,2.5918139392115793,0.07853981633974483,-0.03853767629569482,1,-3.856685673906971,rare_mutant_rejected
3,1.5707963267948966,1.5707963267948966,1.5707963267948966,2.5918139392115793,0.15707963267948966,-0.03833653461843767,1,-3.8364856854444795,rare_mutant_rejected
3,1.5707963267948966,1.5707963267948966,1.5707963267948966,2.5918139392115793,0.23561944901923448,-0.038008982832129945,1,-3.8035927764281823,rare_mutant_rejected
3,1.5707963267948966,1.5707963267948966,1.5707963267948966,2.5918139392115793,0.3141592653589793,-0.0375661254335693,1,-3.759124845103008,rare_mutant_rejected
3,1.5707963267948966,1.5707963267948966,1.5707963267948966,2.5918139392115793,0.39269908169872414,-0.03702269771965572,1,-3.7045648988887416,rare_mutant_rejected
3,1.5707963267948966,1.5707963267948966,1.5707963267948966,2.5918139392115793,0.47123889803846897,-0.036396328846753256,1,-3.641686551860559,rare_mutant_rejected
3,1.5707963267948966,1.5707963267948966,1.5707963267948966,2.5918139392115793,0.5497787143782138,-0.03570669264216253,1,-3.572468244728877,rare_mutant_rejected
3,1.5707963267948966,1.5707963267948966,1.5707963267948966,2.5918139392115793,0.6283185307179586,-0.034974607549262515,1,-3.499002421307594,rare_mutant_rejected
3,1.5707963267948966,1.5707963267948966,1.5707963267948966,2.5918139392115793,0.7068583470577035,-0.03422114845363744,1,-3.4234060196480964,rare_mutant_rejected
3,1.5707963267948966,1.5707963267948966,1.5707963267948966,2.5918139392115793,0.7853981633974483,-0.03346682900704678,1,-3.347738200174213,rare_mutant_rejected
3,1.5707963267948966,1.5707963267948966,1.5707963267948966,2.5918139392115793,0.8639379797371931,-0.032730903898484875,1,-3.2739302875078717,rare_mutant_rejected
3,1.5707963267948966,1.5707963267948966,1.5707963267948966,2.5918139392115793,0.9424777960769379,-0.032030827250975946,1,-3.20373154563395,rare_mutant_rejected
3,1.5707963267948966,1.5707963267948966,1.5707963267948966,2.5918139392115793,1.0210176124166828,-0.031381887270319986,1,-3.1386727744287537,rare_mutant_rejected
3,1.5707963267948966,1.5707963267948966,1.5707963267948966,2.5918139392115793,1.0995574287564276,-0.030797020019211807,1,-3.0800479710973736,rare_mutant_rejected
3,1.5707963267948966,1.5707963267948966,1.5707963267948966,2.5918139392115793,1.1780972450961724,-0.030286788425893718,1,-3.0289126134924684,rare_mutant_rejected
3,1.5707963267948966,1.5707963267948966,1.5707963267948966,2.5918139392115793,1.2566370614359172,-0.029859497991565398,1,-2.986095656701477,rare_mutant_rejected
3,1.5707963267948966,1.5707963267948966,1.5707963267948966,2.5918139392115793,1.335176877775662,-0.02952140954648641,1,-2.9522212291766117,rare_mutant_rejected
3,1.5707963267948966,1.5707963267948966,1.5707963267948966,2.5918139392115793,1.413716694115407,-0.029277002872425406,1,-2.927735372376393,rare_mutant_rejected
3,1.5707963267948966,1.5707963267948966,1.5707963267948966,2.5918139392115793,1.4922565104551517,-0.029129243643284397,1,-2.9129330436994767,rare_mutant_rejected
3,1.5707963267948966,1.5707963267948966,1.5707963267948966,2.5918139392115793,1.5707963267948966,-0.02907980999479065,1,-2.9079809994790944,rare_mutant_rejected
3,1.5707963267948966,1.5707963267948966,1.5707963267948966,2.670353755551324,0.0,-0.0389476644355673,1,-3.896946313073121,rare_mutant_rejected
3,1.5707963267948966,1.5707963267948966,1.5707963267948966,2.670353755551324,0.07853981633974483,-0.038898364152107234,1,-3.8919968970137546,rare_mutant_rejected
3,1.5707963267948966,1.5707963267948966,1.5707963267948966,2.670353755551324,0.15707963267948966,-0.03875204514082764,1,-3.8773077927247357,rare_mutant_rejected
3,1.5707963267948966,1.5707963267948966,1.5707963267948966,2.670353755551324,0.23561944901923448,-0.038513378037980495,1,-3.8533488646973586,rare_mutant_rejected
3,1.5707963267948966,1.5707963267948966,1.5707963267948966,2.670353755551324,0.3141592653589793,-0.038189902976927925,1,-3.820878539969349,rare_mutant_rejected
3,1.5707963267948966,1.5707963267948966,1.5707963267948966,2.670353755551324,0.39269908169872414,-0.03779168142830258,1,-3.7809086412636805,rare_mutant_rejected
3,1.5707963267948966,1.5707963267948966,1.5707963267948966,2.670353755551324,0.47123889803846897,-0.03733084358883598,1,-3.7346586915859987,rare_mutant_rejected
3,1.5707963267948966,1.5707963267948966,1.5707963267948966,2.670353755551324,0.5497787143782138,-0.03682106244094019,1,-3.6835028496391793,rare_mutant_rejected
3,1.5707963267948966,1.5707963267948966,1.5707963267948966,2.670353755551324,0.6283185307179586,-0.03627698961347292,1,-3.6289130375937946,rare_mutant_rejected
3,1.5707963267948966,1.5707963267948966,1.5707963267948966,2.670353755551324,0.7068583470577035,-0.035713689160547624,1,-3.5724019165101737,rare_mutant_rejected
3,1.5707963267948966,1.5707963267948966,1.5707963267948966,2.670353755551324,0.7853981633974483,-0.035146103305470966,1,-3.5154691477324125,rare_mutant_rejected
3,1.5707963267948966,1.5707963267948966,1.5707963267948966,2.670353755551324,0.8639379797371931,-0.03458857932202175,1,-3.4595538778163615,rare_mutant_rejected
3,1.5707963267948966,1.5707963267948966,1.5707963267948966,2.670353755551324,0.9424777960769379,-0.034054479557872774,1,-3.4059956534399802,rare_mutant_rejected
3,1.5707963267948966,1.5707963267948966,1.5707963267948966,2.670353755551324,1.0210176124166828,-0.03355588786946129,1,-3.356005085843613,rare_mutant_rejected
3,1.5707963267948966,1.5707963267948966,1.5707963267948966,2.670353755551324,1.0995574287564276,-0.033103416300126476,1,-3.310644629996097,rare_mutant_rejected
3,1.5707963267948966,1.5707963267948966,1.5707963267948966,2.670353755551324,1.1780972450961724,-0.03270610661787554,1,-3.2708189152977702,rare_mutant_rejected
3,1.5707963267948966,1.5707963267948966,1.5707963267948966,2.670353755551324,1.2566370614359172,-0.03237141322646764,1,-3.23727325157145,rare_mutant_rejected
3,1.5707963267948966,1.5707963267948966,1.5707963267948966,2.670353755551324,1.335176877775662,-0.03210524774397605,1,-3.2105983129427402,rare_mutant_rejected
3,1.5707963267948966,1.5707963267948966,1.5707963267948966,2.670353755551324,1.413716694115407,-0.031912061780185574,1,-3.191238629364376,rare_mutant_rejected
3,1.5707963267948966,1.5707963267948966,1.5707963267948966,2.670353755551324,1.4922565104551517,-0.0317949434576823,1,-3.1795024217825976,rare_mutant_rejected
3,1.5707963267948966,1.5707963267948966,1.5707963267948966,2.670353755551324,1.5707963267948966,-0.031755705045847904,1,-3.1755705045849485,rare_mutant_rejected
3,1.5707963267948966,1.5707963267948966,1.5707963267948966,2.748893571891069,0.0,-0.039252542859467,1,-3.9267766952966383,rare_mutant_rejected
3,1.5707963267948966,1.5707963267948966,1.5707963267948966,2.748893571891069,0.07853981633974483,-0.03921863149696492,1,-3.923373298769361,rare_mutant_rejected
3,1.5707963267948966,1.5707963267948966,1.5707963267948966,2.748893571891069,0.15707963267948966,-0.039117911949382744,1,-3.913265092125732,rare_mutant_rejected
3,1.5707963267948966,1.5707963267948966,1.5707963267948966,2.748893571891069,0.23561944901923448,-0.0389533853094548,1,-3.896753733434921,rare_mutant_rejected
3,1.5707963267948966,1.5707963267948966,1.5707963267948966,2.748893571891069,0.3141592653589793,-0.038729914400181364,1,-3.874327963511364,rare_mutant_rejected
3,1.5707963267948966,1.5707963267948966,1.5707963267948966,2.748893571891069,0.39269908169872414,-0.03845402469831516,1,-3.8466435274987365,rare_mutant_rejected
3,1.5707963267948966,1.5707963267948966,1.5707963267948966,2.748893571891069,0.47123889803846897,-0.03813364364792626,1,-3.8144968922228966,rare_mutant_rejected
3,1.5707963267948966,1.5707963267948966,1.5707963267948966,2.748893571891069,0.5497787143782138,-0.03777779454639063,1,-3.778794398664761,rare_mutant_rejected
3,1.5707963267948966,1.5707963267948966,1.5707963267948966,2.748893571891069,0.6283185307179586,-0.03739626337521251,1,-3.7405187089667926,rare_mutant_rejected
3,1.5707963267948966,1.5707963267948966,1.5707963267948966,2.748893571891069,0.7068583470577035,-0.036999257629798166,1,-3.7006944740045205,rare_mutant_rejected
3,1.5707963267948966,1.5707963267948966,1.5707963267948966,2.748893571891069,0.7853981633974483,-0.0365970753558873,1,-3.660355059086143,rare_mutant_rejected
3,1.5707963267948966,1.5707963267948966,1.5707963267948966,2.748893571891069,0.8639379797371931,-0.03619980034583126,1,-3.620511934506279,rare_mutant_rejected
3,1.5707963267948966,1.5707963267948966,1.5707963267948966,2.748893571891069,0.9424777960769379,-0.03581703603480957,1,-3.582127990203354,rare_mutant_rejected
3,1.5707963267948966,1.5707963267948966,1.5707963267948966,2.748893571891069,1.0210176124166828,-0.03545768641773428,1,-3.546095605800735,rare_mutant_rejected
3,1.5707963267948966,1.5707963267948966,1.5707963267948966,2.748893571891069,1.0995574287564276,-0.035129787704951454,1,-3.5132198418216127,rare_mutant_rejected
3,1.5707963267948966,1.5707963267948966,1.5707963267948966,2.748893571891069,1.1780972450961724,-0.0348403898991716,1,-3.4842066604222754,rare_mutant_rejected
3,1.5707963267948966,1.5707963267948966,1.5707963267948966,2.748893571891069,1.2566370614359172,-0.03459548344190999,1,-3.459655678286154,rare_mutant_rejected
3,1.5707963267948966,1.5707963267948966,1.5707963267948966,2.748893571891069,1.335176877775662,-0.03439996292138847,1,-3.4400566379416118,rare_mutant_rejected
3,1.5707963267948966,1.5707963267948966,1.5707963267948966,2.748893571891069,1.413716694115407,-0.03425761783556602,1,-3.4257885845461438,rare_mutant_rejected
3,1.5707963267948966,1.5707963267948966,1.5707963267948966,2.748893571891069,1.4922565104551517,-0.03417113972237651,1,-3.4171206685618625,rare_mutant_rejected
3,1.5707963267948966,1.5707963267948966,1.5707963267948966,2.748893571891069,1.5707963267948966,-0.03414213562372925,1,-3.4142135623730994,rare_mutant_rejected
3,1.5707963267948966,1.5707963267948966,1.5707963267948966,2.827433388230814,0.0,-0.039512753789193944,1,-3.9522542485937393,rare_mutant_rejected
3,1.5707963267948966,1.5707963267948966,1.5707963267948966,2.827433388230814,0.07853981633974483,-0.039491226010032854,1,-3.9500942585063763,rare_mutant_rejected
3,1.5707963267948966,1.5707963267948966,1.5707963267948966,2.827433388230814,0.15707963267948966,-0.03942724700673583,1,-3.9436749902729407,rare_mutant_rejected
3,1.5707963267948966,1.5707963267948966,1.5707963267948966,2.827433388230814,0.23561944901923448,-0.03932260764057993,1,-3.933176319584973,rare_mutant_rejected
3,1.5707963267948966,1.5707963267948966,1.5707963267948966,2.827433388230814,0.3141592653589793,-0.03918022013036104,1,-3.9188907315495403,rare_mutant_rejected
3,1.5707963267948966,1.5707963267948966,1.5707963267948966,2.827433388230814,0.39269908169872414,-0.03900401351747007,1,-3.901212793222056,rare_mutant_rejected
3,1.5707963267948966,1.5707963267948966,1.5707963267948966,2.827433388230814,0.47123889803846897,-0.03879879554650145,1,-3.880625247664879,rare_mutant_rejected
3,1.5707963267948966,1.5707963267948966,1.5707963267948966,2.827433388230814,0.5497787143782138,-0.03857008840532217,1,-3.8576824821268154,rare_mutant_rejected
3,1.5707963267948966,1.5707963267948966,1.5707963267948966,2.827433388230814,0.6283185307179586,-0.038323946854156965,1,-3.8329922321049175,rare_mutant_rejected
3,1.5707963267948966,1.5707963267948966,1.5707963267948966,2.827433388230814,0.7068583470577035,-0.038066767710954075,1,-3.807196426488586,rare_mutant_rejected
3,1.5707963267948966,1.5707963267948966,1.5707963267948966,2.827433388230814,0.7853981633974483,-0.03780509943869603,1,-3.780952055626777,rare_mutant_rejected
3,1.5707963267948966,1.5707963267948966,1.5707963267948966,2.827433388230814,0.8639379797371931,-0.037545459746566756,1,-3.754912858934304,rare_mutant_rejected
3,1.5707963267948966,1.5707963267948966,1.5707963267948966,2.827433388230814,0.9424777960769379,-0.03729416777219274,1,-3.7297124919487565,rare_mutant_rejected
3,1.5707963267948966,1.5707963267948966,1.5707963267948966,2.827433388230814,1.0210176124166828,-0.03705719570145849,1,-3.705949659337228,rare_mutant_rejected
3,1.5707963267948966,1.5707963267948966,1.5707963267948966,2.827433388230814,1.0995574287564276,-0.03684004277967645,1,-3.68417550791131,rare_mutant_rejected
3,1.5707963267948966,1.5707963267948966,1.5707963267948966,2.827433388230814,1.1780972450961724,-0.03664763275957128,1,-3.6648833810765424,rare_mutant_rejected
3,1.5707963267948966,1.5707963267948966,1.5707963267948966,2.827433388230814,1.2566370614359172,-0.03648423409754642,1,-3.648500861471465,rare_mutant_rejected
3,1.5707963267948966,1.5707963267948966,1.5707963267948966,2.827433388230814,1.335176877775662,-0.036353400806722114,1,-3.635383887548178,rare_mutant_rejected
3,1.5707963267948966,1.5707963267948966,1.5707963267948966,2.827433388230814,1.413716694115407,-0.036257930920995385,1,-3.625812634270588,rare_mutant_rejected
3,1.5707963267948966,1.5707963267948966,1.5707963267948966,2.827433388230814,1.4922565104551517,-0.03619983908652813,1,-3.6199888046679343,rare_mutant_rejected
3,1.5707963267948966,1.5707963267948966,1.5707963267948966,2.827433388230814,1.5707963267948966,-0.03618033988749669,1,-3.6180339887498967,rare_mutant_rejected
3,1.5707963267948966,1.5707963267948966,1.5707963267948966,2.9059732045705586,0.0,-0.03972199029454959,1,-3.9727516310470916,rare_mutant_rejected
3,1.5707963267948966,1.5707963267948966,1.5707963267948966,2.9059732045705586,0.07853981633974483,-0.03970995959170498,1,-3.9715447828788264,rare_mutant_rejected
3,1.5707963267948966,1.5707963267948966,1.5707963267948966,2.9059732045705586,0.15707963267948966,-0.039674187388799353,1,-3.9679563502582544,rare_mutant_rejected
3,1.5707963267948966,1.5707963267948966,1.5707963267948966,2.9059732045705586,0.23561944901923448,-0.03961562320996581,1,-3.962081643670448,rare_mutant_rejected
3,1.5707963267948966,1.5707963267948966,1.5707963267948966,2.9059732045705586,0.3141592653589793,-0.03953581609688417,1,-3.954076144892901,rare_mutant_rejected
3,1.5707963267948966,1.5707963267948966,1.5707963267948966,2.9059732045705586,0.39269908169872414,-0.03943686599788698,1,-3.944150618695497,rare_mutant_rejected
3,1.5707963267948966,1.5707963267948966,1.5707963267948966,2.9059732045705586,0.47123889803846897,-0.03932135886762822,1,-3.932564587658036,rare_mutant_rejected
3,1.5707963267948966,1.5707963267948966,1.5707963267948966,2.9059732045705586,0.5497787143782138,-0.039192288365537564,1,-3.9196184615003578,rare_mutant_rejected
3,1.5707963267948966,1.5707963267948966,1.5707963267948966,2.9059732045705586,0.6283185307179586,-0.03905296751180831,1,-3.9056446596354633,rare_mutant_rejected
3,1.5707963267948966,1.5707963267948966,1.5707963267948966,2.9059732045705586,0.7068583470577035,-0.038906933907673746,1,-3.8909980904459047,rare_mutant_rejected
3,1.5707963267948966,1.5707963267948966,1.5707963267948966,2.9059732045705586,0.7853981633974483,-0.038757852146018124,1,-3.8760463524389657,rare_mutant_rejected
3,1.5707963267948966,1.5707963267948966,1.5707963267948966,2.9059732045705586,0.8639379797371931,-0.038609416841794975,1,-3.8611600023033406,rare_mutant_rejected
3,1.5707963267948966,1.5707963267948966,1.5707963267948966,2.9059732045705586,0.9424777960769379,-0.038465259330200396,1,-3.846703196107333,rare_mutant_rejected
3,1.5707963267948966,1.5707963267948966,1.5707963267948966,2.9059732045705586,1.0210176124166828,-0.038328860559111,1,-3.8330249570342305,rare_mutant_rejected
3,1.5707963267948966,1.5707963267948966,1.5707963267948966,2.9059732045705586,1.0995574287564276,-0.03820347209595276,1,-3.8204512617212316,rare_mutant_rejected
3,1.5707963267948966,1.5707963267948966,1.5707963267948966,2.9059732045705586,1.1780972450961724,-0.03809204653728848,1,-3.809278073455382,rare_mutant_rejected
3,1.5707963267948966,1.5707963267948966,1.5707963267948966,2.9059732045705586,1.2566370614359172,-0.03799717800988667,1,-3.7997653900295933,rare_mutant_rejected
3,1.5707963267948966,1.5707963267948966,1.5707963267948966,2.9059732045705586,1.335176877775662,-0.03792105293573478,1,-3.7921323220967214,rare_mutant_rejected
3,1.5707963267948966,1.5707963267948966,1.5707963267948966,2.9059732045705586,1.413716694115407,-0.03786541083954287,1,-3.7865531783007107,rare_mutant_rejected
3,1.5707963267948966,1.5707963267948966,1.5707963267948966,2.9059732045705586,1.4922565104551517,-0.037831514729179005,1,-3.7831545086736806,rare_mutant_rejected
3,1.5707963267948966,1.5707963267948966,1.5707963267948966,2.9059732045705586,1.5707963267948966,-0.03782013048376687,1,-3.7820130483767365,rare_mutant_rejected
3,1.5707963267948966,1.5707963267948966,1.5707963267948966,2.9845130209103035,0.0,-0.03987517895885606,1,-3.98776412907379,rare_mutant_rejected
3,1.5707963267948966,1.5707963267948966,1.5707963267948966,2.9845130209103035,0.07853981633974483,-0.03986985741134763,1,-3.987230384143716,rare_mutant_rejected
3,1.5707963267948966,1.5707963267948966,1.5707963267948966,2.9845130209103035,0.15707963267948966,-0.039854028503629735,1,-3.985642767506243,rare_mutant_rejected
3,1.5707963267948966,1.5707963267948966,1.5707963267948966,2.9845130209103035,0.23561944901923448,-0.03982809563786116,1,-3.983041751742321,rare_mutant_rejected
3,1.5707963267948966,1.5707963267948966,1.5707963267948966,2.9845130209103035,0.3141592653589793,-0.039792718615415446,1,-3.9794935321891938,rare_mutant_rejected
3,1.5707963267948966,1.5707963267948966,1.5707963267948966,2.9845130209103035,0.39269908169872414,-0.03974879531093567,1,-3.975088186564177,rare_mutant_rejected
3,1.5707963267948966,1.5707963267948966,1.5707963267948966,2.9845130209103035,0.47123889803846897,-0.03969743694326322,1,-3.969937191798456,rare_mutant_rejected
3,1.5707963267948966,1.5707963267948966,1.5707963267948966,2.9845130209103035,0.5497787143782138,-0.03963993780856345,1,-3.964170385179722,rare_mutant_rejected
3,1.5707963267948966,1.5707963267948966,1.5707963267948966,2.9845130209103035,0.6283185307179586,-0.03957774050517049,1,-3.9579324734019234,rare_mutant_rejected
3,1.5707963267948966,1.5707963267948966,1.5707963267948966,2.9845130209103035,0.7068583470577035,-0.039512397790770315,1,-3.951379204252322,rare_mutant_rejected
3,1.5707963267948966,1.5707963267948966,1.5707963267948966,2.9845130209103035,0.7853981633974483,-0.03944553226770875,1,-3.944673321156774,rare_mutant_rejected
3,1.5707963267948966,1.5707963267948966,1.5707963267948966,2.9845130209103035,0.8639379797371931,-0.039378795092798846,1,-3.937980420793818,rare_mutant_rejected
3,1.5707963267948966,1.5707963267948966,1.5707963267948966,2.9845130209103035,0.9424777960769379,-0.03931382485924484,1,-3.931464829001678,rare_mutant_rejected
3,1.5707963267948966,1.5707963267948966,1.5707963267948966,2.9845130209103035,1.0210176124166828,-0.03925220770836724,1,-3.925285601083945,rare_mutant_rejected
3,1.5707963267948966,1.5707963267948966,1.5707963267948966,2.9845130209103035,1.0995574287564276,-0.03919543960848593,1,-3.919592740442786,rare_mutant_rejected
3,1.5707963267948966,1.5707963267948966,1.5707963267948966,2.9845130209103035,1.1780972450961724,-0.03914489159915302,1,-3.9145237154246457,rare_mutant_rejected
3,1.5707963267948966,1.5707963267948966,1.5707963267948966,2.9845130209103035,1.2566370614359172,-0.0391017786530119,1,-3.9102003395472114,rare_mutant_rejected
3,1.5707963267948966,1.5707963267948966,1.5707963267948966,2.9845130209103035,1.335176877775662,-0.03906713266538375,1,-3.906726065971654,rare_mutant_rejected
3,1.5707963267948966,1.5707963267948966,1.5707963267948966,2.9845130209103035,1.413716694115407,-0.03904177995213054,1,-3.9041837340678054,rare_mutant_rejected
3,1.5707963267948966,1.5707963267948966,1.5707963267948966,2.9845130209103035,1.4922565104551517,-0.039026323525256146,1,-3.9026337947877945,rare_mutant_rejected
3,1.5707963267948966,1.5707963267948966,1.5707963267948966,2.9845130209103035,1.5707963267948966,-0.03902113032590293,1,-3.902113032590309,rare_mutant_rejected
3,1.5707963267948966,1.5707963267948966,1.5707963267948966,3.0630528372500483,0.0,-0.03996860431823368,1,-3.9969220851487854,rare_mutant_rejected
3,1.5707963267948966,1.5707963267948966,1.5707963267948966,3.0630528372500483,0.07853981633974483,-0.03996727779203635,1,-3.9967890483471855,rare_mutant_rejected
3,1.5707963267948966,1.5707963267948966,1.5707963267948966,3.0630528372500483,0.15707963267948966,-0.03996333117165829,1,-3.996393243565633,rare_mutant_rejected
3,1.5707963267948966,1.5707963267948966,1.5707963267948966,3.0630528372500483,0.23561944901923448,-0.03995686249135222,1,-3.995744503359875,rare_mutant_rejected
3,1.5707963267948966,1.5707963267948966,1.5707963267948966,3.0630528372500483,0.3141592653589793,-0.03994803236375599,1,-3.994858936638007,rare_mutant_rejected
3,1.5707963267948966,1.5707963267948966,1.5707963267948966,3.0630528372500483,0.39269908169872414,-0.03993705989467067,1,-3.9937585188133653,rare_mutant_rejected
3,1.5707963267948966,1.5707963267948966,1.5707963267948966,3.0630528372500483,0.47123889803846897,-0.03992421712363736,1,-3.9924705340735542,rare_mutant_rejected
3,1.5707963267948966,1.5707963267948966,1.5707963267948966,3.0630528372500483,0.5497787143782138,-0.03990982214325278,1,-3.9910268851261517,rare_mutant_rejected
3,1.5707963267948966,1.5707963267948966,1.5707963267948966,3.0630528372500483,0.6283185307179586,-0.03989423108452872,1,-3.989463289221037,rare_mutant_rejected
3,1.5707963267948966,1.5707963267948966,1.5707963267948966,3.0630528372500483,0.7068583470577035,-0.03987782918342209,1,-3.987818382049854,rare_mutant_rejected
3,1.5707963267948966,1.5707963267948966,1.5707963267948966,3.0630528372500483,0.7853981633974483,-0.0398610211646222,1,-3.986132753214732,rare_mutant_rejected
3,1.5707963267948966,1.5707963267948966,1.5707963267948966,3.0630528372500483,0.8639379797371931,-0.03984422119215392,1,-3.9844479383075306,rare_mutant_rejected
3,1.5707963267948966,1.5707963267948966,1.5707963267948966,3.0630528372500483,0.9424777960769379,-0.039827842642405464,1,-3.982805393247185,rare_mutant_rejected
3,1.5707963267948966,1.5707963267948966,1.5707963267948966,3.0630528372500483,1.0210176124166828,-0.0398122879542786,1,-3.981245476415939,rare_mutant_rejected
3,1.5707963267948966,1.5707963267948966,1.5707963267948966,3.0630528372500483,1.0995574287564276,-0.039797938803522115,1,-3.979806463372057,rare_mutant_rejected
3,1.5707963267948966,1.5707963267948966,1.5707963267948966,3.0630528372500483,1.1780972450961724,-0.039785146835018104,1,-3.9785236175708985,rare_mutant_rejected
3,1.5707963267948966,1.5707963267948966,1.5707963267948966,3.0630528372500483,1.2566370614359172,-0.039774225168466515,1,-3.977428338684901,rare_mutant_rejected
3,1.5707963267948966,1.5707963267948966,1.5707963267948966,3.0630528372500483,1.335176877775662,-0.039765440870495716,1,-3.976547407866568,rare_mutant_rejected
3,1.5707963267948966,1.5707963267948966,1.5707963267948966,3.0630528372500483,1.413716694115407,-0.03975900856078596,1,-3.9759023467346797,rare_mutant_rejected
3,1.5707963267948966,1.5707963267948966,1.5707963267948966,3.0630528372500483,1.4922565104551517,-0.03975508529176963,1,-3.975508904063952,rare_mutant_rejected
3,1.5707963267948966,1.5707963267948966,1.5707963267948966,3.0630528372500483,1.5707963267948966,-0.039753766811902125,1,-3.9753766811902764,rare_mutant_rejected
3,1.5707963267948966,1.5707963267948966,1.5707963267948966,3.141592653589793,0.0,-0.03999999999999915,1,-4.000000000000002,rare_mutant_rejected
3,1.5707963267948966,1.5707963267948966,1.5707963267948966,3.141592653589793,0.07853981633974483,-0.03999999999999915,1,-4.000000000000002,rare_mutant_rejected
3,1.5707963267948966,1.5707963267948966,1.5707963267948966,3.141592653589793,0.15707963267948966,-0.03999999999999915,1,-4.000000000000002,rare_mutant_rejected
3,1.5707963267948966,1.5707963267948966,1.5707963267948966,3.141592653589793,0.23561944901923448,-0.03999999999999915,1,-4.000000000000002,rare_mutant_rejected
3,1.5707963267948966,1.5707963267948966,1.5707963267948966,3.141592653589793,0.3141592653589793,-0.03999999999999915,1,-4.000000000000002,rare_mutant_rejected
3,1.5707963267948966,1.5707963267948966,1.5707963267948966,3.141592653589793,0.39269908169872414,-0.03999999999999915,1,-4.000000000000002,rare_mutant_rejected
3,1.5707963267948966,1.5707963267948966,1.5707963267948966,3.141592653589793,0.47123889803846897,-0.03999999999999915,1,-4.000000000000002,rare_mutant_rejected
3,1.5707963267948966,1.5707963267948966,1.5707963267948966,3.141592653589793,0.5497787143782138,-0.03999999999999915,1,-4.000000000000002,rare_mutant_rejected
3,1.5707963267948966,1.5707963267948966,1.5707963267948966,3.141592653589793,0.6283185307179586,-0.03999999999999915,1,-4.000000000000002,rare_mutant_rejected
3,1.5707963267948966,1.5707963267948966,1.5707963267948966,3.141592653589793,0.7068583470577035,-0.03999999999999915,1,-4.000000000000002,rare_mutant_rejected
3,1.5707963267948966,1.5707963267948966,1.5707963267948966,3.141592653589793,0.7853981633974483,-0.03999999999999915,1,-4.000000000000002,rare_mutant_rejected
3,1.5707963267948966,1.5707963267948966,1.5707963267948966,3.141592653589793,0.8639379797371931,-0.03999999999999915,1,-4.000000000000002,rare_mutant_rejected
3,1.5707963267948966,1.5707963267948966,1.5707963267948966,3.141592653589793,0.9424777960769379,-0.03999999999999915,1,-4.000000000000002,rare_mutant_rejected
3,1.5707963267948966,1.5707963267948966,1.5707963267948966,3.141592653589793,1.0210176124166828,-0.03999999999999915,1,-4.000000000000002,rare_mutant_rejected
3,1.5707963267948966,1.5707963267948966,1.5707963267948966,3.141592653589793,1.0995574287564276,-0.03999999999999915,1,-4.000000000000002,rare_mutant_rejected
3,1.5707963267948966,1.5707963267948966,1.5707963267948966,3.141592653589793,1.1780972450961724,-0.03999999999999915,1,-4.000000000000002,rare_mutant_rejected
3,1.5707963267948966,1.5707963267948966,1.5707963267948966,3.141592653589793,1.2566370614359172,-0.03999999999999915,1,-4.000000000000002,rare_mutant_rejected
3,1.5707963267948966,1.5707963267948966,1.5707963267948966,3.141592653589793,1.335176877775662,-0.03999999999999915,1,-4.000000000000002,rare_mutant_rejected
3,1.5707963267948966,1.5707963267948966,1.5707963267948966,3.141592653589793,1.413716694115407,-0.03999999999999915,1,-4.000000000000002,rare_mutant_rejected
3,1.5707963267948966,1.5707963267948966,1.5707963267948966,3.141592653589793,1.4922565104551517,-0.03999999999999915,1,-4.000000000000002,rare_mutant_rejected
3,1.5707963267948966,1.5707963267948966,1.5707963267948966,3.141592653589793,1.5707963267948966,-0.03999999999999915,1,-4.000000000000002,rare_mutant_rejected
4,1.5707963267948966,0.0,1.5707963267948966,0.0,0.0,-5.647152,0,-6.0,rare_mutant_rejected
4,1.5707963267948966,0.0,1.5707963267948966,0.0,0.07853981633974483,-5.616577460590444,0,-5.963065021785414,rare_mutant_rejected
4,1.5707963267948966,0.0,1.5707963267948966,0.0,0.15707963267948966,-5.525312096206355,0,-5.853169548885461,rare_mutant_rejected
4,1.5707963267948966,0.0,1.5707963267948966,0.0,0.23561944901923448,-5.374746031944483,0,-5.673019572565105,rare_mutant_rejected
4,1.5707963267948966,0.0,1.5707963267948966,0.0,0.3141592653589793,-5.16724483586338,0,-5.427050983124843,rare_mutant_rejected
4,1.5707963267948966,0.0,1.5707963267948966,0.0,0.39269908169872414,-4.906213915152203,0,-5.121320343559645,rare_mutant_rejected
4,1.5707963267948966,0.0,1.5707963267948966,0.0,0.47123889803846897,-4.596172013002284,0,-4.763355756877422,rare_mutant_rejected
4,1.5707963267948966,0.0,1.5707963267948966,0.0,0.5497787143782138,-4.242818628193034,0,-4.361971499218644,rare_mutant_rejected
4,1.5707963267948966,0.0,1.5707963267948966,0.0,0.6283185307179586,-3.853077973591078,0,-3.927050983124845,rare_mutant_rejected
4,1.5707963267948966,0.0,1.5707963267948966,0.0,0.7068583470577035,-3.435101469530591,0,-3.4693033951206953,rare_mutant_rejected
4,1.5707963267948966,0.0,1.5707963267948966,0.0,0.7853981633974483,-2.998212000000004,0,-3.0000000000000036,rare_mutant_rejected
4,1.5707963267948966,0.0,1.5707963267948966,0.0,0.8639379797371931,-2.5527763821471696,0,-2.5306966048793083,rare_mutant_rejected
4,1.5707963267948966,0.0,1.5707963267948966,0.0,0.9424777960769379,-2.109997664136622,0,-2.0729490168751568,rare_mutant_rejected
4,1.5707963267948966,0.0,1.5707963267948966,0.0,1.0210176124166828,-1.6816256912282839,0,-1.6380285007813589,rare_mutant_rejected
4,1.5707963267948966,0.0,1.5707963267948966,0.0,1.0995574287564276,-1.27959233292935,0,-1.2366442431225808,rare_mutant_rejected
4,1.5707963267948966,0.0,1.5707963267948966,0.0,1.1780972450961724,-0.9155860848477992,0,-0.8786796564403563,rare_mutant_rejected
4,1.5707963267948966,0.0,1.5707963267948966,0.0,1.2566370614359172,-0.6005885264089237,0,-0.5729490168751568,rare_mutant_rejected
4,1.5707963267948966,0.0,1.5707963267948966,0.0,1.335176877775662,-0.344401356838139,0,-0.3269804274348971,rare_mutant_rejected
4,1.5707963267948966,0.0,1.5707963267948966,0.0,1.413716694115407,-0.15519655786201625,0,-0.14683045111453907,rare_mutant_rejected
4,1.5707963267948966,0.0,1.5707963267948966,0.0,1.4922565104551517,-0.03912297952786936,0,-0.03693497821458713,rare_mutant_rejected
4,1.5707963267948966,0.0,1.5707963267948966,0.0,1.5707963267948966,0.0,,0.0,neutral
4,1.5707963267948966,0.0,1.5707963267948966,0.07853981633974483,0.0,-5.651679040668128,0,-6.004623999400309,rare_mutant_rejected
4,1.5707963267948966,0.0,1.5707963267948966,0.07853981633974483,0.07853981633974483,-5.621149105890156,0,-5.967745950291427,rare_mutant_rejected
4,1.5707963267948966,0.0,1.5707963267948966,0.07853981633974483,0.15707963267948966,-5.5300173468405776,0,-5.85801986292507,rare_mutant_rejected
4,1.5707963267948966,0.0,1.5707963267948966,0.07853981633974483,0.23561944901923448,-5.379673191018607,0,-5.678147557732204,rare_mutant_rejected
4,1.5707963267948966,0.0,1.5707963267948966,0.07853981633974483,0.3141592653589793,-5.172480811279394,0,-5.432558087828632,rare_mutant_rejected
4,1.5707963267948966,0.0,1.5707963267948966,0.07853981633974483,0.39269908169872414,-4.91184319806627,0,-5.1272986810281,rare_mutant_rejected
4,1.5707963267948966,0.0,1.5707963267948966,0.07853981633974483,0.47123889803846897,-4.602275251496032,0,-4.769885837023928,rare_mutant_rejected
4,1.5707963267948966,0.0,1.5707963267948966,0.07853981633974483,0.5497787143782138,-4.249470761400298,0,-4.369120246220717,rare_mutant_rejected
4,1.5707963267948966,0.0,1.5707963267948966,0.07853981633974483,0.6283185307179586,-3.860345946489571,0,-3.934870087528786,rare_mutant_rejected
4,1.5707963267948966,0.0,1.5707963267948966,0.07853981633974483,0.7068583470577035,-3.443041608530031,0,-3.4778280410487783,rare_mutant_rejected
4,1.5707963267948966,0.0,1.5707963267948966,0.07853981633974483,0.7853981633974483,-3.006867189162797,0,-3.0092479988006193,rare_mutant_rejected
4,1.5707963267948966,0.0,1.5707963267948966,0.07853981633974483,0.8639379797371931,-2.5621732331705527,0,-2.5406679565524577,rare_mutant_rejected
4,1.5707963267948966,0.0,1.5707963267948966,0.07853981633974483,0.9424777960769379,-2.1201439134167153,0,-2.083625910072448,rare_mutant_rejected
4,1.5707963267948966,0.0,1.5707963267948966,0.07853981633974483,1.0210176124166828,-1.692508078034722,0,-1.649375751380516,rare_mutant_rejected
4,1.5707963267948966,0.0,1.5707963267948966,0.07853981633974483,1.0995574287564276,-1.2911752088534607,0,-1.2486101605773046,rare_mutant_rejected
4,1.5707963267948966,0.0,1.5707963267948966,0.07853981633974483,1.1780972450961724,-0.9278109734508284,0,-0.8911973165731357,rare_mutant_rejected
4,1.5707963267948966,0.0,1.5707963267948966,0.07853981633974483,1.2566370614359172,-0.6133747937072798,0,-0.5859379097726052,rare_mutant_rejected
4,1.5707963267948966,0.0,1.5707963267948966,0.07853981633974483,1.335176877775662,-0.35764807179204183,0,-0.34034843986903063,rare_mutant_rejected
4,1.5707963267948966,0.0,1.5707963267948966,0.07853981633974483,1.413716694115407,-0.1687855247147798,0,-0.16047613467616273,rare_mutant_rejected
4,1.5707963267948966,0.0,1.5707963267948966,0.07853981633974483,1.4922565104551517,-0.05292282078405819,0,-0.050750047309808366,rare_mutant_rejected
4,1.5707963267948966,0.0,1.5707963267948966,0.07853981633974483,1.5707963267948966,-0.0138710716902537,0,-0.013871998200926328,rare_mutant_rejected
4,1.5707963267948966,0.0,1.5707963267948966,0.15707963267948966,0.0,-5.665233104143046,0,-6.018467489107294,rare_mutant_rejected
4,1.5707963267948966,0.0,1.5707963267948966,0.15707963267948966,0.07853981633974483,-5.634836754319515,0,-5.98175987632866,rare_mutant_rejected
4,1.5707963267948966,0.0,1.5707963267948966,0.15707963267948966,0.15707963267948966,-5.544105116882322,0,-5.872540901244947,rare_mutant_rejected
4,1.5707963267948966,0.0,1.5707963267948966,0.15707963267948966,0.23561944901923448,-5.394425505066142,0,-5.693499897499716,rare_mutant_rejected
4,1.5707963267948966,0.0,1.5707963267948966,0.15707963267948966,0.3141592653589793,-5.1881578743659045,0,-5.449045448808196,rare_mutant_rejected
4,1.5707963267948966,0.0,1.5707963267948966,0.15707963267948966,0.39269908169872414,-4.928697928720499,0,-5.145196834994976,rare_mutant_rejected
4,1.5707963267948966,0.0,1.5707963267948966,0.15707963267948966,0.47123889803846897,-4.620549005716166,0,-4.7894358173478695,rare_mutant_rejected
4,1.5707963267948966,0.0,1.5707963267948966,0.15707963267948966,0.5497787143782138,-4.2693877465851005,0,-4.390522412824475,rare_mutant_rejected
4,1.5707963267948966,0.0,1.5707963267948966,0.15707963267948966,0.6283185307179586,-3.8821063862964333,0,-3.958279193361843,rare_mutant_rejected
4,1.5707963267948966,0.0,1.5707963267948966,0.15707963267948966,0.7068583470577035,-3.4668138984838137,0,-3.5033494215561483,rare_mutant_rejected
4,1.5707963267948966,0.0,1.5707963267948966,0.15707963267948966,0.7853981633974483,-3.0327794609624217,0,-3.036934978214589,rare_mutant_rejected
4,1.5707963267948966,0.0,1.5707963267948966,0.15707963267948966,0.8639379797371931,-2.5903049045426076,0,-2.5705205348730296,rare_mutant_rejected
4,1.5707963267948966,0.0,1.5707963267948966,0.15707963267948966,0.9424777960769379,-2.150517920095271,0,-2.115590763067331,rare_mutant_rejected
4,1.5707963267948966,0.0,1.5707963267948966,0.15707963267948966,1.0210176124166828,-1.7250845459866042,0,-1.6833475436047012,rare_mutant_rejected
4,1.5707963267948966,0.0,1.5707963267948966,0.15707963267948966,1.0995574287564276,-1.3258473130648314,0,-1.2844341390813048,rare_mutant_rejected
4,1.5707963267948966,0.0,1.5707963267948966,0.15707963267948966,1.1780972450961724,-0.9644036361389201,0,-0.9286731214341994,rare_mutant_rejected
4,1.5707963267948966,0.0,1.5707963267948966,0.15707963267948966,1.2566370614359172,-0.6516467007041982,0,-0.6248245076209802,rare_mutant_rejected
4,1.5707963267948966,0.0,1.5707963267948966,0.15707963267948966,1.335176877775662,-0.39729724264109656,0,-0.38037005892945785,rare_mutant_rejected
4,1.5707963267948966,0.0,1.5707963267948966,0.15707963267948966,1.413716694115407,-0.20945838161058994,0,-0.20132905518422817,rare_mutant_rejected
4,1.5707963267948966,0.0,1.5707963267948966,0.15707963267948966,1.4922565104551517,-0.09422639402414923,0,-0.09211008010051458,rare_mutant_rejected
4,1.5707963267948966,0.0,1.5707963267948966,0.15707963267948966,1.5707963267948966,-0.05538768954827944,0,-0.05540246732187981,rare_mutant_rejected
4,1.5707963267948966,0.0,1.5707963267948966,0.23561944901923448,0.0,-5.687733160677665,0,-6.041445119403486,rare_mutant_rejected
4,1.5707963267948966,0.0,1.5707963267948966,0.23561944901923448,0.07853981633974483,-5.657558689609401,0,-6.005020399382987,rare_mutant_rejected
4,1.5707963267948966,0.0,1.5707963267948966,0.23561944901923448,0.15707963267948966,-5.567491608035446,0,-5.896643136815116,rare_mutant_rejected
4,1.5707963267948966,0.0,1.5707963267948966,0.23561944901923448,0.23561944901923448,-5.418915634569116,0,-5.718981939587804,rare_mutant_rejected
4,1.5707963267948966,0.0,1.5707963267948966,0.23561944901923448,0.3141592653589793,-5.214183591072902,0,-5.476411416000496,rare_mutant_rejected
4,1.5707963267948966,0.0,1.5707963267948966,0.23561944901923448,0.39269908169872414,-4.956678917854301,0,-5.1749044573893235,rare_mutant_rejected
4,1.5707963267948966,0.0,1.5707963267948966,0.23561944901923448,0.47123889803846897,-4.650885572172058,0,-4.8218851657195225,rare_mutant_rejected
4,1.5707963267948966,0.0,1.5707963267948966,0.23561944901923448,0.5497787143782138,-4.302451543283154,0,-4.42604604755586,rare_mutant_rejected
4,1.5707963267948966,0.0,1.5707963267948966,0.23561944901923448,0.6283185307179586,-3.9182290903146697,0,-3.9971339757022406,rare_mutant_rejected
4,1.5707963267948966,0.0,1.5707963267948966,0.23561944901923448,0.7068583470577035,-3.506274232771207,0,-3.5457101888452547,rare_mutant_rejected
4,1.5707963267948966,0.0,1.5707963267948966,0.23561944901923448,0.7853981633974483,-3.075789253022444,0,-3.082890238806973,rare_mutant_rejected
4,1.5707963267948966,0.0,1.5707963267948966,0.23561944901923448,0.8639379797371931,-2.636995135084904,0,-2.620070288768691,rare_mutant_rejected
4,1.5707963267948966,0.0,1.5707963267948966,0.23561944901923448,0.9424777960769379,-2.2009259114118462,0,-2.1686465019117023,rare_mutant_rejected
4,1.5707963267948966,0.0,1.5707963267948966,0.23561944901923448,1.0210176124166828,-1.779143540447004,0,-1.739734430058082,rare_mutant_rejected
4,1.5707963267948966,0.0,1.5707963267948966,0.23561944901923448,1.0995574287564276,-1.383379671777461,0,-1.3438953118944212,rare_mutant_rejected
4,1.5707963267948966,0.0,1.5707963267948966,0.23561944901923448,1.1780972450961724,-1.0251187329318183,0,-0.9908760202246167,rare_mutant_rejected
4,1.5707963267948966,0.0,1.5707963267948966,0.23561944901923448,1.2566370614359172,-0.7151442988760177,0,-0.6893690616134478,rare_mutant_rejected
4,1.5707963267948966,0.0,1.5707963267948966,0.23561944901923448,1.335176877775662,-0.4630767405831726,0,-0.44679853802614033,rare_mutant_rejected
4,1.5707963267948966,0.0,1.5707963267948966,0.23561944901923448,1.413716694115407,-0.27693383450799836,0,-0.26913734079882445,rare_mutant_rejected
4,1.5707963267948966,0.0,1.5707963267948966,0.23561944901923448,1.4922565104551517,-0.16274671207421676,0,-0.1607600782309504,rare_mutant_rejected
4,1.5707963267948966,0.0,1.5707963267948966,0.23561944901923448,1.5707963267948966,-0.12426093570785035,0,-0.12433535821045538,rare_mutant_rejected
4,1.5707963267948966,0.0,1.5707963267948966,0.3141592653589793,0.0,-5.719044646448655,0,-6.0734152255572695,rare_mutant_rejected
4,1.5707963267948966,0.0,1.5707963267948966,0.3141592653589793,0.07853981633974483,-5.6891792047538186,0,-6.037384110594875,rare_mutant_rejected
4,1.5707963267948966,0.0,1.5707963267948966,0.3141592653589793,0.15707963267948966,-5.6000376471376505,0,-5.93017797133848,rare_mutant_rejected
4,1.5707963267948966,0.0,1.5707963267948966,0.3141592653589793,0.23561944901923448,-5.452998513488671,0,-5.754436578733355,rare_mutant_rejected
4,1.5707963267948966,0.0,1.5707963267948966,0.3141592653589793,0.3141592653589793,-5.250404422660816,0,-5.514487269117682,rare_mutant_rejected
4,1.5707963267948966,0.0,1.5707963267948966,0.3141592653589793,0.39269908169872414,-4.99562139999534,0,-5.216238390840298,rare_mutant_rejected
4,1.5707963267948966,0.0,1.5707963267948966,0.3141592653589793,0.47123889803846897,-4.693106045949473,0,-4.8670338211156725,rare_mutant_rejected
4,1.5707963267948966,0.0,1.5707963267948966,0.3141592653589793,0.5497787143782138,-4.348466093324436,0,-4.475472135393947,rare_mutant_rejected
4,1.5707963267948966,0.0,1.5707963267948966,0.3141592653589793,0.6283185307179586,-3.9684978334145535,0,-4.051194881896317,rare_mutant_rejected
4,1.5707963267948966,0.0,1.5707963267948966,0.3141592653589793,0.7068583470577035,-3.5611833476892407,0,-3.604649174699375,rare_mutant_rejected
4,1.5707963267948966,0.0,1.5707963267948966,0.3141592653589793,0.7853981633974483,-3.1356317085658576,0,-3.146830451114541,rare_mutant_rejected
4,1.5707963267948966,0.0,1.5707963267948966,0.3141592653589793,0.8639379797371931,-2.7019514331379284,0,-2.6890117275297065,rare_mutant_rejected
4,1.5707963267948966,0.0,1.5707963267948966,0.3141592653589793,0.9424777960769379,-2.2710464312567185,0,-2.2424660203327624,rare_mutant_rejected
4,1.5707963267948966,0.0,1.5707963267948966,0.3141592653589793,1.0210176124166828,-1.854334207635607,0,-1.8181887668351315,rare_mutant_rejected
4,1.5707963267948966,0.0,1.5707963267948966,0.3141592653589793,1.0995574287564276,-1.4633926449520693,0,-1.4266270811134074,rare_mutant_rejected
4,1.5707963267948966,0.0,1.5707963267948966,0.3141592653589793,1.1780972450961724,-1.109549586950572,0,-1.0774225113887805,rare_mutant_rejected
4,1.5707963267948966,0.0,1.5707963267948966,0.3141592653589793,1.2566370614359172,-0.80343678500717,0,-0.7791736331113981,rare_mutant_rejected
4,1.5707963267948966,0.0,1.5707963267948966,0.3141592653589793,1.335176877775662,-0.5545356509415971,0,-0.5392243234957217,rare_mutant_rejected
4,1.5707963267948966,0.0,1.5707963267948966,0.3141592653589793,1.413716694115407,-0.3707458380882649,0,-0.3634829308905978,rare_mutant_rejected
4,1.5707963267948966,0.0,1.5707963267948966,0.3141592653589793,1.4922565104551517,-0.25800833201436824,0,-0.256276791634205,rare_mutant_rejected
4,1.5707963267948966,0.0,1.5707963267948966,0.3141592653589793,1.5707963267948966,-0.2200121804258366,0,-0.2202456766718086,rare_mutant_rejected
4,1.5707963267948966,0.0,1.5707963267948966,0.39269908169872414,0.0,-5.758980190840177,0,-6.11418070123307,rare_mutant_rejected
4,1.5707963267948966,0.0,1.5707963267948966,0.39269908169872414,0.07853981633974483,-5.7295093309091945,0,-6.078651476922673,rare_mutant_rejected
4,1.5707963267948966,0.0,1.5707963267948966,0.39269908169872414,0.15707963267948966,-5.641549421126458,0,-5.9729386514087395,rare_mutant_rejected
4,1.5707963267948966,0.0,1.5707963267948966,0.39269908169872414,0.23561944901923448,-5.49647209829479,0,-5.799645225296176,rare_mutant_rejected
4,1.5707963267948966,0.0,1.5707963267948966,0.39269908169872414,0.3141592653589793,-5.296606502329136,0,-5.563038257863782,rare_mutant_rejected
4,1.5707963267948966,0.0,1.5707963267948966,0.39269908169872414,0.39269908169872414,-5.0452958582067655,0,-5.268943797903246,rare_mutant_rejected
4,1.5707963267948966,0.0,1.5707963267948966,0.39269908169872414,0.47123889803846897,-4.74696122178697,0,-4.924603427062349,rare_mutant_rejected
4,1.5707963267948966,0.0,1.5707963267948966,0.39269908169872414,0.5497787143782138,-4.407158333947545,0,-4.538495948071369,rare_mutant_rejected
4,1.5707963267948966,0.0,1.5707963267948966,0.39269908169872414,0.6283185307179586,-4.032611535200352,0,-4.120128608480317,rare_mutant_rejected
4,1.5707963267948966,0.0,1.5707963267948966,0.39269908169872414,0.7068583470577035,-3.6312081897788495,0,-3.679803000671521,rare_mutant_rejected
4,1.5707963267948966,0.0,1.5707963267948966,0.39269908169872414,0.7853981633974483,-3.2119382909514895,0,-3.228361402466142,rare_mutant_rejected
4,1.5707963267948966,0.0,1.5707963267948966,0.39269908169872414,0.8639379797371931,-2.784766982418076,0,-2.7769198042607597,rare_mutant_rejected
4,1.5707963267948966,0.0,1.5707963267948966,0.39269908169872414,0.9424777960769379,-2.3604325742163326,0,-2.3365941964519656,rare_mutant_rejected
4,1.5707963267948966,0.0,1.5707963267948966,0.39269908169872414,1.0210176124166828,-1.9501689821832784,0,-1.9182268568609118,rare_mutant_rejected
4,1.5707963267948966,0.0,1.5707963267948966,0.39269908169872414,1.0995574287564276,-1.5653588772996292,0,-1.5321193778699325,rare_mutant_rejected
4,1.5707963267948966,0.0,1.5707963267948966,0.39269908169872414,1.1780972450961724,-1.2171314905456878,0,-1.187779007029036,rare_mutant_rejected
4,1.5707963267948966,0.0,1.5707963267948966,0.39269908169872414,1.2566370614359172,-0.9159261343398875,0,-0.8936845470684993,rare_mutant_rejected
4,1.5707963267948966,0.0,1.5707963267948966,0.39269908169872414,1.335176877775662,-0.671048185603869,0,-0.6570775796361055,rare_mutant_rejected
4,1.5707963267948966,0.0,1.5707963267948966,0.39269908169872414,1.413716694115407,-0.4902477220517021,0,-0.483784153523537,rare_mutant_rejected
4,1.5707963267948966,0.0,1.5707963267948966,0.39269908169872414,1.4922565104551517,-0.3793516158261383,0,-0.3780713280096055,rare_mutant_rejected
4,1.5707963267948966,0.0,1.5707963267948966,0.39269908169872414,1.5707963267948966,-0.34197738851612236,0,-0.3425421036992091,rare_mutant_rejected
4,1.5707963267948966,0.0,1.5707963267948966,0.47123889803846897,0.0,-5.807300631906074,0,-6.1634902137174485,rare_mutant_rejected
4,1.5707963267948966,0.0,1.5707963267948966,0.47123889803846897,0.07853981633974483,-5.778307855284812,0,-6.12856807133018,rare_mutant_rejected
4,1.5707963267948966,0.0,1.5707963267948966,0.47123889803846897,0.15707963267948966,-5.691779503882728,0,-6.024661543213891,rare_mutant_rejected
4,1.5707963267948966,0.0,1.5707963267948966,0.47123889803846897,0.23561944901923448,-5.549078415135593,0,-5.8543291529368044,rare_mutant_rejected
4,1.5707963267948966,0.0,1.5707963267948966,0.47123889803846897,0.3141592653589793,-5.352516721650687,0,-5.621765049248333,rare_mutant_rejected
4,1.5707963267948966,0.0,1.5707963267948966,0.47123889803846897,0.39269908169872414,-5.105409178257464,0,-5.332695732217296,rare_mutant_rejected
4,1.5707963267948966,0.0,1.5707963267948966,0.47123889803846897,0.47123889803846897,-4.812132854931939,0,-4.994239047795057,rare_mutant_rejected
4,1.5707963267948966,0.0,1.5707963267948966,0.47123889803846897,0.5497787143782138,-4.478179614483327,0,-4.61472892282543,rare_mutant_rejected
4,1.5707963267948966,0.0,1.5707963267948966,0.47123889803846897,0.6283185307179586,-4.1101858901993715,0,-4.203510156107058,rare_mutant_rejected
4,1.5707963267948966,0.0,1.5707963267948966,0.47123889803846897,0.7068583470577035,-3.7159238226860216,0,-3.7707083184333907,rare_mutant_rejected
4,1.5707963267948966,0.0,1.5707963267948966,0.47123889803846897,0.7853981633974483,-3.30423903154312,0,-3.326980427434899,rare_mutant_rejected
4,1.5707963267948966,0.0,1.5707963267948966,0.47123889803846897,0.8639379797371931,-2.8849232910866274,0,-2.883252536436407,rare_mutant_rejected
4,1.5707963267948966,0.0,1.5707963267948966,0.47123889803846897,0.9424777960769379,-2.468515086018675,0,-2.4504506987627375,rare_mutant_rejected
4,1.5707963267948966,0.0,1.5707963267948966,0.47123889803846897,1.0210176124166828,-2.066027173252513,0,-2.039231932044366,rare_mutant_rejected
4,1.5707963267948966,0.0,1.5707963267948966,0.47123889803846897,1.0995574287564276,-1.688607383289014,0,-1.6597218070747362,rare_mutant_rejected
4,1.5707963267948966,0.0,1.5707963267948966,0.47123889803846897,1.1780972450961724,-1.347146277411798,0,-1.3212651226524983,rare_mutant_rejected
4,1.5707963267948966,0.0,1.5707963267948966,0.47123889803846897,1.2566370614359172,-1.0518521209870517,0,-1.0321958056214653,rare_mutant_rejected
4,1.5707963267948966,0.0,1.5707963267948966,0.47123889803846897,1.335176877775662,-0.8118190861252828,0,-0.7996317019329897,rare_mutant_rejected
4,1.5707963267948966,0.0,1.5707963267948966,0.47123889803846897,1.413716694115407,-0.6346178871598394,0,-0.6292993116559007,rare_mutant_rejected
4,1.5707963267948966,0.0,1.5707963267948966,0.47123889803846897,1.4922565104551517,-0.5259386104285539,0,-0.5253927835396137,rare_mutant_rejected
4,1.5707963267948966,0.0,1.5707963267948966,0.47123889803846897,1.5707963267948966,-0.48931306208796777,0,-0.4904706411523456,rare_mutant_rejected
4,1.5707963267948966,0.0,1.5707963267948966,0.5497787143782138,0.0,-5.863716317190784,0,-6.221039753468862,rare_mutant_rejected
4,1.5707963267948966,0.0,1.5707963267948966,0.5497787143782138,0.07853981633974483,-5.835282625364979,0,-6.18682614141392,rare_mutant_rejected
4,1.5707963267948966,0.0,1.5707963267948966,0.5497787143782138,0.15707963267948966,-5.750428172734711,0,-6.085027757926349,rare_mutant_rejected
4,1.5707963267948966,0.0,1.5707963267948966,0.5497787143782138,0.23561944901923448,-5.610504903539779,0,-5.918151217057083,rare_mutant_rejected
4,1.5707963267948966,0.0,1.5707963267948966,0.5497787143782138,0.3141592653589793,-5.417804125800716,0,-5.690305573073809,rare_mutant_rejected
4,1.5707963267948966,0.0,1.5707963267948966,0.5497787143782138,0.39269908169872414,-5.1756061315450115,0,-5.407101141907733,rare_mutant_rejected
4,1.5707963267948966,0.0,1.5707963267948966,0.5497787143782138,0.47123889803846897,-4.888235280910989,0,-5.075511356555784,rare_mutant_rejected
4,1.5707963267948966,0.0,1.5707963267948966,0.5497787143782138,0.5497787143782138,-4.561107514715706,0,-4.7037010580167316,rare_mutant_rejected
4,1.5707963267948966,0.0,1.5707963267948966,0.5497787143782138,0.6283185307179586,-4.2007554570415975,0,-4.300825449808241,rare_mutant_rejected
4,1.5707963267948966,0.0,1.5707963267948966,0.5497787143782138,0.7068583470577035,-3.814815866042381,0,-3.8768046664718927,rare_mutant_rejected
4,1.5707963267948966,0.0,1.5707963267948966,0.5497787143782138,0.7853981633974483,-3.411965398424175,0,-3.4420795069377252,rare_mutant_rejected
4,1.5707963267948966,0.0,1.5707963267948966,0.5497787143782138,0.8639379797371931,-3.0017935650614556,0,-3.007354347403556,rare_mutant_rejected
4,1.5707963267948966,0.0,1.5707963267948966,0.5497787143782138,0.9424777960769379,-2.5946063035408446,0,-2.5833335640672077,rare_mutant_rejected
4,1.5707963267948966,0.0,1.5707963267948966,0.5497787143782138,1.0210176124166828,-2.2011595134133053,0,-2.180457955858718,rare_mutant_rejected
4,1.5707963267948966,0.0,1.5707963267948966,0.5497787143782138,1.0995574287564276,-1.8323287207048544,0,-1.8086476573196641,rare_mutant_rejected
4,1.5707963267948966,0.0,1.5707963267948966,0.5497787143782138,1.1780972450961724,-1.498728105479601,0,-1.4770578719677143,rare_mutant_rejected
4,1.5707963267948966,0.0,1.5707963267948966,0.5497787143782138,1.2566370614359172,-1.2102986611704933,0,-1.1938534408016412,rare_mutant_rejected
4,1.5707963267948966,0.0,1.5707963267948966,0.5497787143782138,1.335176877775662,-0.9758904450165815,0,-0.9660077968183653,rare_mutant_rejected
4,1.5707963267948966,0.0,1.5707963267948966,0.5497787143782138,1.413716694115407,-0.8028669922931382,0,-0.7991312559490957,rare_mutant_rejected
4,1.5707963267948966,0.0,1.5707963267948966,0.5497787143782138,1.4922565104551517,-0.6967604644110992,0,-0.6973328724615317,rare_mutant_rejected
4,1.5707963267948966,0.0,1.5707963267948966,0.5497787143782138,1.5707963267948966,-0.6610037355446163,0,-0.6631192604065834,rare_mutant_rejected
4,1.5707963267948966,0.0,1.5707963267948966,0.6283185307179586,0.0,-5.927888686165808,0,-6.286474508437579,rare_mutant_rejected
4,1.5707963267948966,0.0,1.5707963267948966,0.6283185307179586,0.07853981633974483,-5.900092135917552,0,-6.253066506799052,rare_mutant_rejected
4,1.5707963267948966,0.0,1.5707963267948966,0.6283185307179586,0.15707963267948966,-5.817145011621781,0,-6.153665117758608,rare_mutant_rejected
4,1.5707963267948966,0.0,1.5707963267948966,0.6283185307179586,0.23561944901923448,-5.680386054399589,0,-5.990717933408725,rare_mutant_rejected
4,1.5707963267948966,0.0,1.5707963267948966,0.6283185307179586,0.3141592653589793,-5.4920816160510935,0,-5.768237254218791,rare_mutant_rejected
4,1.5707963267948966,0.0,1.5707963267948966,0.6283185307179586,0.39269908169872414,-5.255471185638573,0,-5.4917012928815065,rare_mutant_rejected
4,1.5707963267948966,0.0,1.5707963267948966,0.6283185307179586,0.47123889803846897,-4.974817392803799,0,-5.167919282535235,rare_mutant_rejected
4,1.5707963267948966,0.0,1.5707963267948966,0.6283185307179586,0.5497787143782138,-4.655448062188016,0,-4.804863810845584,rare_mutant_rejected
4,1.5707963267948966,0.0,1.5707963267948966,0.6283185307179586,0.6283185307179586,-4.303776201187375,0,-4.411474508437581,rare_mutant_rejected
4,1.5707963267948966,0.0,1.5707963267948966,0.6283185307179586,0.7068583470577035,-3.927283456538812,0,-3.9974379255207566,rare_mutant_rejected
4,1.5707963267948966,0.0,1.5707963267948966,0.6283185307179586,0.7853981633974483,-3.534453769901152,0,-3.5729490168751603,rare_mutant_rejected
4,1.5707963267948966,0.0,1.5707963267948966,0.6283185307179586,0.8639379797371931,-3.1346467814152215,0,-3.1484601082295613,rare_mutant_rejected
4,1.5707963267948966,0.0,1.5707963267948966,0.6283185307179586,0.9424777960769379,-2.737904900412741,0,-2.734423525312737,rare_mutant_rejected
4,1.5707963267948966,0.0,1.5707963267948966,0.6283185307179586,1.0210176124166828,-2.3546936251419845,0,-2.3410342229047334,rare_mutant_rejected
4,1.5707963267948966,0.0,1.5707963267948966,0.6283185307179586,1.0995574287564276,-1.9955811956400007,0,-1.9779787512150824,rare_mutant_rejected
4,1.5707963267948966,0.0,1.5707963267948966,0.6283185307179586,1.1780972450961724,-1.6708703813624517,0,-1.654196740868807,rare_mutant_rejected
4,1.5707963267948966,0.0,1.5707963267948966,0.6283185307179586,1.2566370614359172,-1.3902013986203103,0,-1.3776607795315297,rare_mutant_rejected
4,1.5707963267948966,0.0,1.5707963267948966,0.6283185307179586,1.335176877775662,-1.162149854585791,0,-1.155180100341596,rare_mutant_rejected
4,1.5707963267948966,0.0,1.5707963267948966,0.6283185307179586,1.413716694115407,-0.9938465341565808,0,-0.9922329159917069,rare_mutant_rejected
4,1.5707963267948966,0.0,1.5707963267948966,0.6283185307179586,1.4922565104551517,-0.8906462781921025,0,-0.8928315269512659,rare_mutant_rejected
4,1.5707963267948966,0.0,1.5707963267948966,0.6283185307179586,1.5707963267948966,-0.8558709178959774,0,-0.8594235253127351,rare_mutant_rejected
4,1.5707963267948966,0.0,1.5707963267948966,0.7068583470577035,0.0,-5.999432129533081,0,-6.359391051599953,rare_mutant_rejected
4,1.5707963267948966,0.0,1.5707963267948966,0.7068583470577035,0.07853981633974483,-5.9723473942690966,0,-6.32688077360582,rare_mutant_rejected
4,1.5707963267948966,0.0,1.5707963267948966,0.7068583470577035,0.15707963267948966,-5.891530797027379,0,-6.230150450563064,rare_mutant_rejected
4,1.5707963267948966,0.0,1.5707963267948966,0.7068583470577035,0.23561944901923448,-5.758305339203586,0,-6.0715819040545345,rare_mutant_rejected
4,1.5707963267948966,0.0,1.5707963267948966,0.7068583470577035,0.3141592653589793,-5.574907957318312,0,-5.855079617954104,rare_mutant_rejected
4,1.5707963267948966,0.0,1.5707963267948966,0.7068583470577035,0.39269908169872414,-5.344530640655302,0,-5.5859745970754595,rare_mutant_rejected
4,1.5707963267948966,0.0,1.5707963267948966,0.7068583470577035,0.47123889803846897,-5.071364973853919,0,-5.270893100140993,rare_mutant_rejected
4,1.5707963267948966,0.0,1.5707963267948966,0.7068583470577035,0.5497787143782138,-4.760638344674267,0,-4.917593479300765,rare_mutant_rejected
4,1.5707963267948966,0.0,1.5707963267948966,0.7068583470577035,0.6283185307179586,-4.418628484171386,0,-4.534775143754082,rare_mutant_rejected
4,1.5707963267948966,0.0,1.5707963267948966,0.7068583470577035,0.7068583470577035,-4.052642718946525,0,-4.131864351423317,rare_mutant_rejected
4,1.5707963267948966,0.0,1.5707963267948966,0.7068583470577035,0.7853981633974483,-3.6709494931782567,0,-3.71878210319991,rare_mutant_rejected
4,1.5707963267948966,0.0,1.5707963267948966,0.7068583470577035,0.8639379797371931,-3.2826524326940634,0,-3.305699854976499,rare_mutant_rejected
4,1.5707963267948966,0.0,1.5707963267948966,0.7068583470577035,0.9424777960769379,-2.897501397519373,0,-2.9027890626457333,rare_mutant_rejected
4,1.5707963267948966,0.0,1.5707963267948966,0.7068583470577035,1.0210176124166828,-2.5256403511495362,0,-2.519970727099052,rare_mutant_rejected
4,1.5707963267948966,0.0,1.5707963267948966,0.7068583470577035,1.0995574287564276,-2.177298031101933,0,-2.166671106258823,rare_mutant_rejected
4,1.5707963267948966,0.0,1.5707963267948966,0.7068583470577035,1.1780972450961724,-1.8624337443862578,0,-1.851589609324356,rare_mutant_rejected
4,1.5707963267948966,0.0,1.5707963267948966,0.7068583470577035,1.2566370614359172,-1.590356436807209,0,-1.5824845884457108,rare_mutant_rejected
4,1.5707963267948966,0.0,1.5707963267948966,0.7068583470577035,1.335176877775662,-1.369339776385103,0,-1.3659823023452802,rare_mutant_rejected
4,1.5707963267948966,0.0,1.5707963267948966,0.7068583470577035,1.413716694115407,-1.2062587036659185,0,-1.2074137558367504,rare_mutant_rejected
4,1.5707963267948966,0.0,1.5707963267948966,0.7068583470577035,1.4922565104551517,-1.1062732659227779,0,-1.1106834327939943,rare_mutant_rejected
4,1.5707963267948966,0.0,1.5707963267948966,0.7068583470577035,1.5707963267948966,-1.0725833587542208,0,-1.0781731547998623,rare_mutant_rejected
4,1.5707963267948966,0.0,1.5707963267948966,0.7853981633974483,0.0,-6.07791611954701,0,-6.439339828220179,rare_mutant_rejected
4,1.5707963267948966,0.0,1.5707963267948966,0.7853981633974483,0.07853981633974483,-6.051614058251495,0,-6.40781385233363,rare_mutant_rejected
4,1.5707963267948966,0.0,1.5707963267948966,0.7853981633974483,0.15707963267948966,-5.973139661779175,0,-6.314012198829024,rare_mutant_rejected
4,1.5707963267948966,0.0,1.5707963267948966,0.7853981633974483,0.23561944901923448,-5.843797426557961,0,-6.160244575725486,rare_mutant_rejected
4,1.5707963267948966,0.0,1.5707963267948966,0.7853981633974483,0.3141592653589793,-5.665790087684291,0,-5.950297252229306,rare_mutant_rejected
4,1.5707963267948966,0.0,1.5707963267948966,0.7853981633974483,0.39269908169872414,-5.442255088808722,0,-5.689339828220179,rare_mutant_rejected
4,1.5707963267948966,0.0,1.5707963267948966,0.7853981633974483,0.47123889803846897,-5.1773033822525045,0,-5.38379794154525,rare_mutant_rejected
4,1.5707963267948966,0.0,1.5707963267948966,0.7853981633974483,0.5497787143782138,-4.876049512746661,0,-5.041195047489834,rare_mutant_rejected
4,1.5707963267948966,0.0,1.5707963267948966,0.7853981633974483,0.6283185307179586,-4.544620490540381,0,-4.669967166339396,rare_mutant_rejected
4,1.5707963267948966,0.0,1.5707963267948966,0.7853981633974483,0.7068583470577035,-4.190130732303164,0,-4.2792551605625615,rare_mutant_rejected
4,1.5707963267948966,0.0,1.5707963267948966,0.7853981633974483,0.7853981633974483,-3.820611505046238,0,-3.87867965644036,rare_mutant_rejected
4,1.5707963267948966,0.0,1.5707963267948966,0.7853981633974483,0.8639379797371931,-3.444885908201198,0,-3.4781041523181546,rare_mutant_rejected
4,1.5707963267948966,0.0,1.5707963267948966,0.7853981633974483,0.9424777960769379,-3.0723843914497415,0,-3.08739214654132,rare_mutant_rejected
4,1.5707963267948966,0.0,1.5707963267948966,0.7853981633974483,1.0210176124166828,-2.7129008868692024,0,-2.7161642653908826,rare_mutant_rejected
4,1.5707963267948966,0.0,1.5707963267948966,0.7853981633974483,1.0995574287564276,-2.376295421834298,0,-2.3735613713354677,rare_mutant_rejected
4,1.5707963267948966,0.0,1.5707963267948966,0.7853981633974483,1.1780972450961724,-2.0721550169672307,0,-2.0680194846605353,rare_mutant_rejected
4,1.5707963267948966,0.0,1.5707963267948966,0.7853981633974483,1.2566370614359172,-1.8094301098475274,0,-1.8070620606514076,rare_mutant_rejected
4,1.5707963267948966,0.0,1.5707963267948966,0.7853981633974483,1.335176877775662,-1.5960680101315008,0,-1.5971147371552297,rare_mutant_rejected
4,1.5707963267948966,0.0,1.5707963267948966,0.7853981633974483,1.413716694115407,-1.4386673878268939,0,-1.44334711405169,rare_mutant_rejected
4,1.5707963267948966,0.0,1.5707963267948966,0.7853981633974483,1.4922565104551517,-1.3421780915815917,0,-1.3495454605470858,rare_mutant_rejected
4,1.5707963267948966,0.0,1.5707963267948966,0.7853981633974483,1.5707963267948966,-1.309668498281484,0,-1.3180194846605362,rare_mutant_rejected
4,1.5707963267948966,0.0,1.5707963267948966,0.8639379797371931,0.0,-6.162867604305113,0,-6.525827927504725,rare_mutant_rejected
4,1.5707963267948966,0.0,1.5707963267948966,0.8639379797371931,0.07853981633974483,-6.137414840038824,0,-6.495366763639141,rare_mutant_rejected
4,1.5707963267948966,0.0,1.5707963267948966,0.8639379797371931,0.15707963267948966,-6.061481530669576,0,-6.4047333269915665,rare_mutant_rejected
4,1.5707963267948966,0.0,1.5707963267948966,0.8639379797371931,0.23561944901923448,-5.936350680936231,0,-6.256159313567395,rare_mutant_rejected
4,1.5707963267948966,0.0,1.5707963267948966,0.8639379797371931,0.3141592653589793,-5.764185725731426,0,-6.053303108666013,rare_mutant_rejected
4,1.5707963267948966,0.0,1.5707963267948966,0.8639379797371931,0.39269908169872414,-5.548062193348818,0,-5.801159705293234,rare_mutant_rejected
4,1.5707963267948966,0.0,1.5707963267948966,0.8639379797371931,0.47123889803846897,-5.292000583667733,0,-5.505937710856078,rare_mutant_rejected
4,1.5707963267948966,0.0,1.5707963267948966,0.8639379797371931,0.5497787143782138,-5.000990165821821,0,-5.1749064706432115,rare_mutant_rejected
4,1.5707963267948966,0.0,1.5707963267948966,0.8639379797371931,0.6283185307179586,-4.6809920816554635,0,-4.816217072418376,rare_mutant_rejected
4,1.5707963267948966,0.0,1.5707963267948966,0.8639379797371931,0.7068583470577035,-4.338909973825622,0,-4.4387016395877295,rare_mutant_rejected
4,1.5707963267948966,0.0,1.5707963267948966,0.8639379797371931,0.7853981633974483,-3.9825174879279306,0,-4.051655855009452,rare_mutant_rejected
4,1.5707963267948966,0.0,1.5707963267948966,0.8639379797371931,0.8639379797371931,-3.620334473762763,0,-3.664610070431171,rare_mutant_rejected
4,1.5707963267948966,0.0,1.5707963267948966,0.8639379797371931,0.9424777960769379,-3.2614474482364724,0,-3.287094637600527,rare_mutant_rejected
4,1.5707963267948966,0.0,1.5707963267948966,0.8639379797371931,1.0210176124166828,-2.915274646450305,0,-2.9284052393756888,rare_mutant_rejected
4,1.5707963267948966,0.0,1.5707963267948966,0.8639379797371931,1.0995574287564276,-2.5912813896521953,0,-2.597373999162821,rare_mutant_rejected
4,1.5707963267948966,0.0,1.5707963267948966,0.8639379797371931,1.1780972450961724,-2.2986570185093953,0,-2.3021520047256665,rare_mutant_rejected
4,1.5707963267948966,0.0,1.5707963267948966,0.8639379797371931,1.2566370614359172,-2.0459696731413466,0,-2.0500086013528867,rare_mutant_rejected
4,1.5707963267948966,0.0,1.5707963267948966,0.8639379797371931,1.335176877775662,-1.8408191291797538,0,-1.847152396451503,rare_mutant_rejected
4,1.5707963267948966,0.0,1.5707963267948966,0.8639379797371931,1.413716694115407,-1.689510173356953,0,-1.6985783830273329,rare_mutant_rejected
4,1.5707963267948966,0.0,1.5707963267948966,0.8639379797371931,1.4922565104551517,-1.5967692286557966,0,-1.6079449463797575,rare_mutant_rejected
4,1.5707963267948966,0.0,1.5707963267948966,0.8639379797371931,1.5707963267948966,-1.565524948144474,0,-1.5774837825141725,rare_mutant_rejected
4,1.5707963267948966,0.0,1.5707963267948966,0.9424777960769379,0.0,-6.253773657649156,0,-6.618322121561291,rare_mutant_rejected
4,1.5707963267948966,0.0,1.5707963267948966,0.9424777960769379,0.07853981633974483,-6.229232167792361,0,-6.588999714709858,rare_mutant_rejected
4,1.5707963267948966,0.0,1.5707963267948966,0.9424777960769379,0.15707963267948966,-6.156024820564207,0,-6.501754509127732,rare_mutant_rejected
4,1.5707963267948966,0.0,1.5707963267948966,0.9424777960769379,0.23561944901923448,-6.0354099373207895,0,-6.358734771326581,rare_mutant_rejected
4,1.5707963267948966,0.0,1.5707963267948966,0.9424777960769379,0.3141592653589793,-5.869506270235539,0,-6.163462121906368,rare_mutant_rejected
4,1.5707963267948966,0.0,1.5707963267948966,0.9424777960769379,0.39269908169872414,-5.66131978173609,0,-5.920744821568583,rare_mutant_rejected
4,1.5707963267948966,0.0,1.5707963267948966,0.9424777960769379,0.47123889803846897,-5.414770525549123,0,-5.636559375780081,rare_mutant_rejected
4,1.5707963267948966,0.0,1.5707963267948966,0.9424777960769379,0.5497787143782138,-5.1347101132473245,0,-5.317903373373595,rare_mutant_rejected
4,1.5707963267948966,0.0,1.5707963267948966,0.9424777960769379,0.6283185307179586,-4.826919063303043,0,-4.9726231826870135,rare_mutant_rejected
4,1.5707963267948966,0.0,1.5707963267948966,0.9424777960769379,0.7068583470577035,-4.498073220343621,0,-4.609220747934294,rare_mutant_rejected
4,1.5707963267948966,0.0,1.5707963267948966,0.9424777960769379,0.7853981633974483,-4.155669531184782,0,-4.236644243122583,rare_mutant_rejected
4,1.5707963267948966,0.0,1.5707963267948966,0.9424777960769379,0.8639379797371931,-3.8079038072729094,0,-3.864067738310869,rare_mutant_rejected
4,1.5707963267948966,0.0,1.5707963267948966,0.9424777960769379,0.9424777960769379,-3.4634966046450835,0,-3.500665303558148,rare_mutant_rejected
4,1.5707963267948966,0.0,1.5707963267948966,0.9424777960769379,1.0210176124166828,-3.131467787610177,0,-3.155385112871566,rare_mutant_rejected
4,1.5707963267948966,0.0,1.5707963267948966,0.9424777960769379,1.0995574287564276,-2.8208653466837186,0,-2.836729110465078,rare_mutant_rejected
4,1.5707963267948966,0.0,1.5707963267948966,0.9424777960769379,1.1780972450961724,-2.540459132220434,0,-2.5525436646765796,rare_mutant_rejected
4,1.5707963267948966,0.0,1.5707963267948966,0.9424777960769379,1.2566370614359172,-2.2984147862519855,0,-2.309826364338795,rare_mutant_rejected
4,1.5707963267948966,0.0,1.5707963267948966,0.9424777960769379,1.335176877775662,-2.101966740423048,0,-2.1145537149185794,rare_mutant_rejected
4,1.5707963267948966,0.0,1.5707963267948966,0.9424777960769379,1.413716694115407,-1.9571111986046512,0,-1.9715339771174287,rare_mutant_rejected
4,1.5707963267948966,0.0,1.5707963267948966,0.9424777960769379,1.4922565104551517,-1.8683401828071586,0,-1.884288771535302,rare_mutant_rejected
4,1.5707963267948966,0.0,1.5707963267948966,0.9424777960769379,1.5707963267948966,-1.8384358404259258,0,-1.8549663646838717,rare_mutant_rejected
4,1.5707963267948966,0.0,1.5707963267948966,1.0210176124166828,0.0,-6.3500843749043145,0,-6.716252152926076,rare_mutant_rejected
4,1.5707963267948966,0.0,1.5707963267948966,1.0210176124166828,0.07853981633974483,-6.326511095614757,0,-6.688135427266316,rare_mutant_rejected
4,1.5707963267948966,0.0,1.5707963267948966,1.0210176124166828,0.15707963267948966,-6.256199396238326,0,-6.604477577386835,rare_mutant_rejected
4,1.5707963267948966,0.0,1.5707963267948966,1.0210176124166828,0.23561944901923448,-6.140379543941393,0,-6.4673385371961585,rare_mutant_rejected
4,1.5707963267948966,0.0,1.5707963267948966,1.0210176124166828,0.3141592653589793,-5.981119985236393,0,-6.2800951250021555,rare_mutant_rejected
4,1.5707963267948966,0.0,1.5707963267948966,1.0210176124166828,0.39269908169872414,-5.781349246249771,0,-6.047357895038304,rare_mutant_rejected
4,1.5707963267948966,0.0,1.5707963267948966,1.0210176124166828,0.47123889803846897,-5.544876845407419,0,-5.774857610316893,rare_mutant_rejected
4,1.5707963267948966,0.0,1.5707963267948966,1.0210176124166828,0.5497787143782138,-5.276404499896175,0,-5.46930413222436,rare_mutant_rejected
4,1.5707963267948966,0.0,1.5707963267948966,1.0210176124166828,0.6283185307179586,-4.981517851617442,0,-5.138221201465195,rare_mutant_rejected
4,1.5707963267948966,0.0,1.5707963267948966,1.0210176124166828,0.7068583470577035,-4.666648884184228,0,-4.789761178595943,rare_mutant_rejected
4,1.5707963267948966,0.0,1.5707963267948966,1.0210176124166828,0.7853981633974483,-4.339000264241148,0,-4.432504305852152,rare_mutant_rejected
4,1.5707963267948966,0.0,1.5707963267948966,1.0210176124166828,0.8639379797371931,-4.0064250434445094,0,-4.075247433108363,rare_mutant_rejected
4,1.5707963267948966,0.0,1.5707963267948966,1.0210176124166828,0.9424777960769379,-3.6772584148646317,0,-3.72678741023911,rare_mutant_rejected
4,1.5707963267948966,0.0,1.5707963267948966,1.0210176124166828,1.0210176124166828,-3.3601023157655314,0,-3.3957044794799467,rare_mutant_rejected
4,1.5707963267948966,0.0,1.5707963267948966,1.0210176124166828,1.0995574287564276,-3.063568268493378,0,-3.0901510013874125,rare_mutant_rejected
4,1.5707963267948966,0.0,1.5707963267948966,1.0210176124166828,1.1780972450961724,-2.795988508398489,0,-2.8176507166660034,rare_mutant_rejected
4,1.5707963267948966,0.0,1.5707963267948966,1.0210176124166828,1.2566370614359172,-2.565109654329947,0,-2.58491348670215,rare_mutant_rejected
4,1.5707963267948966,0.0,1.5707963267948966,1.0210176124166828,1.335176877775662,-2.377786420009582,0,-2.3976700745081487,rare_mutant_rejected
4,1.5707963267948966,0.0,1.5707963267948966,1.0210176124166828,1.413716694115407,-2.2396946936342257,0,-2.26053103431747,rare_mutant_rejected
4,1.5707963267948966,0.0,1.5707963267948966,1.0210176124166828,1.4922565104551517,-2.1550834101101266,0,-2.1768731844379907,rare_mutant_rejected
4,1.5707963267948966,0.0,1.5707963267948966,1.0210176124166828,1.5707963267948966,-2.1265828745923665,0,-2.1487564587782293,rare_mutant_rejected
4,1.5707963267948966,0.0,1.5707963267948966,1.0995574287564276,0.0,-6.451216003168293,0,-6.81901425039068,rare_mutant_rejected
4,1.5707963267948966,0.0,1.5707963267948966,1.0995574287564276,0.07853981633974483,-6.4286624507866605,0,-6.792162696674631,rare_mutant_rejected
4,1.5707963267948966,0.0,1.5707963267948966,1.0995574287564276,0.15707963267948966,-6.361399771614543,0,-6.712269209894174,rare_mutant_rejected
4,1.5707963267948966,0.0,1.5707963267948966,1.0995574287564276,0.23561944901923448,-6.250626663678408,0,-6.581301032845122,rare_mutant_rejected
4,1.5707963267948966,0.0,1.5707963267948966,1.0995574287564276,0.3141592653589793,-6.098355461757844,0,-6.402483036704885,rare_mutant_rejected
4,1.5707963267948966,0.0,1.5707963267948966,1.0995574287564276,0.39269908169872414,-5.9074292433264475,0,-6.180218314001336,rare_mutant_rejected
4,1.5707963267948966,0.0,1.5707963267948966,1.0995574287564276,0.47123889803846897,-5.681536903162135,0,-5.919979759861763,rare_mutant_rejected
4,1.5707963267948966,0.0,1.5707963267948966,1.0995574287564276,0.5497787143782138,-5.425218283379399,0,-5.6281753111713275,rare_mutant_rejected
4,1.5707963267948966,0.0,1.5707963267948966,1.0995574287564276,0.6283185307179586,-5.143850519178966,0,-5.3119901619002245,rare_mutant_rejected
4,1.5707963267948966,0.0,1.5707963267948966,1.0995574287564276,0.7068583470577035,-4.843606757501751,0,-4.979209839781862,rare_mutant_rejected
4,1.5707963267948966,0.0,1.5707963267948966,1.0995574287564276,0.7853981633974483,-4.5313794248592965,0,-4.63802850078136,rare_mutant_rejected
4,1.5707963267948966,0.0,1.5707963267948966,1.0995574287564276,0.8639379797371931,-4.214662277713113,0,-4.296847161780857,rare_mutant_rejected
4,1.5707963267948966,0.0,1.5707963267948966,1.0995574287564276,0.9424777960769379,-3.901388476772566,0,-3.964066839662493,rare_mutant_rejected
4,1.5707963267948966,0.0,1.5707963267948966,1.0995574287564276,1.0210176124166828,-3.5997256840549934,0,-3.6478816903913946,rare_mutant_rejected
4,1.5707963267948966,0.0,1.5707963267948966,1.0995574287564276,1.0995574287564276,-3.3178333751970364,0,-3.3560772417009535,rare_mutant_rejected
4,1.5707963267948966,0.0,1.5707963267948966,1.0995574287564276,1.1780972450961724,-3.0635917838871762,0,-3.0958386875613817,rare_mutant_rejected
4,1.5707963267948966,0.0,1.5707963267948966,1.0995574287564276,1.2566370614359172,-2.8443156905906246,0,-2.873573964857835,rare_mutant_rejected
4,1.5707963267948966,0.0,1.5707963267948966,1.0995574287564276,1.335176877775662,-2.6664691725577914,0,-2.6947559687175975,rare_mutant_rejected
4,1.5707963267948966,0.0,1.5707963267948966,1.0995574287564276,1.413716694115407,-2.5353990447242847,0,-2.5637877916685428,rare_mutant_rejected
4,1.5707963267948966,0.0,1.5707963267948966,1.0995574287564276,1.4922565104551517,-2.455104759894817,0,-2.4838943048880866,rare_mutant_rejected
4,1.5707963267948966,0.0,1.5707963267948966,1.0995574287564276,1.5707963267948966,-2.428060889082671,0,-2.4570427511720396,rare_mutant_rejected
4,1.5707963267948966,0.0,1.5707963267948966,1.1780972450961724,0.0,-6.556554293254563,0,-6.925974851452365,rare_mutant_rejected
4,1.5707963267948966,0.0,1.5707963267948966,1.1780972450961724,0.07853981633974483,-6.535066205629234,0,-6.90044016022633,rare_mutant_rejected
4,1.5707963267948966,0.0,1.5707963267948966,1.1780972450961724,0.15707963267948966,-6.470988544379169,0,-6.824464835390982,rare_mutant_rejected
4,1.5707963267948966,0.0,1.5707963267948966,1.1780972450961724,0.23561944901923448,-6.365484822891583,0,-6.699919641591423,rare_mutant_rejected
4,1.5707963267948966,0.0,1.5707963267948966,1.1780972450961724,0.3141592653589793,-6.2205053454882595,0,-6.5298712948407935,rare_mutant_rejected
4,1.5707963267948966,0.0,1.5707963267948966,1.1780972450961724,0.39269908169872414,-6.038799680771633,0,-6.3185069497942,rare_mutant_rejected
4,1.5707963267948966,0.0,1.5707963267948966,1.1780972450961724,0.47123889803846897,-5.823926125276163,0,-6.071031098104738,rare_mutant_rejected
4,1.5707963267948966,0.0,1.5707963267948966,1.1780972450961724,0.5497787143782138,-5.5802510473866125,0,-5.793537416566261,rare_mutant_rejected
4,1.5707963267948966,0.0,1.5707963267948966,1.1780972450961724,0.6283185307179586,-5.312930200339764,0,-5.492858720566977,rare_mutant_rejected
4,1.5707963267948966,0.0,1.5707963267948966,1.1780972450961724,0.7068583470577035,-5.027864136071541,0,-5.176398717497765,rare_mutant_rejected
4,1.5707963267948966,0.0,1.5707963267948966,1.1780972450961724,0.7853981633974483,-4.731620822834978,0,-4.851949702904731,rare_mutant_rejected
4,1.5707963267948966,0.0,1.5707963267948966,1.1780972450961724,0.8639379797371931,-4.431320476195135,0,-4.5275006883116955,rare_mutant_rejected
4,1.5707963267948966,0.0,1.5707963267948966,1.1780972450961724,0.9424777960769379,-4.134480369036455,0,-4.211040685242486,rare_mutant_rejected
4,1.5707963267948966,0.0,1.5707963267948966,1.1780972450961724,1.0210176124166828,-3.8488208032130204,0,-3.910361989243203,rare_mutant_rejected
4,1.5707963267948966,0.0,1.5707963267948966,1.1780972450961724,1.0995574287564276,-3.5820372163925116,0,-3.632868307704725,rare_mutant_rejected
4,1.5707963267948966,0.0,1.5707963267948966,1.1780972450961724,1.1780972450961724,-3.341547195552238,0,-3.3853924560152615,rare_mutant_rejected
4,1.5707963267948966,0.0,1.5707963267948966,1.1780972450961724,1.2566370614359172,-3.134224560981849,0,-3.1740281109686723,rare_mutant_rejected
4,1.5707963267948966,0.0,1.5707963267948966,1.1780972450961724,1.335176877775662,-2.9661352606253386,0,-3.00397976421804,rare_mutant_rejected
4,1.5707963267948966,0.0,1.5707963267948966,1.1780972450961724,1.413716694115407,-2.842291218968205,0,-2.8794345704184803,rare_mutant_rejected
4,1.5707963267948966,0.0,1.5707963267948966,1.1780972450961724,1.4922565104551517,-2.7664382709055655,0,-2.803459245583136,rare_mutant_rejected
4,1.5707963267948966,0.0,1.5707963267948966,1.1780972450961724,1.5707963267948966,-2.7408927838421215,0,-2.777924554357096,rare_mutant_rejected
4,1.5707963267948966,0.0,1.5707963267948966,1.2566370614359172,0.0,-6.665458058707996,0,-7.036474508437578,rare_mutant_rejected
4,1.5707963267948966,0.0,1.5707963267948966,1.2566370614359172,0.07853981633974483,-6.645075059618421,0,-7.0123002513526975,rare_mutant_rejected
4,1.5707963267948966,0.0,1.5707963267948966,1.2566370614359172,0.15707963267948966,-6.584300050143214,0,-6.940372730537243,rare_mutant_rejected
4,1.5707963267948966,0.0,1.5707963267948966,1.2566370614359172,0.23561944901923448,-6.484257694473744,0,-6.822463040267447,rare_mutant_rejected
4,1.5707963267948966,0.0,1.5707963267948966,1.2566370614359172,0.3141592653589793,-6.346830317574698,0,-6.66147450843758,rare_mutant_rejected
4,1.5707963267948966,0.0,1.5707963267948966,1.2566370614359172,0.39269908169872414,-6.174665979604686,0,-6.461371206991595,rare_mutant_rejected
4,1.5707963267948966,0.0,1.5707963267948966,1.2566370614359172,0.47123889803846897,-5.9711826457851425,0,-6.22708034331588,rare_mutant_rejected
4,1.5707963267948966,0.0,1.5707963267948966,1.2566370614359172,0.5497787143782138,-5.740562132851292,0,-5.964370936040922,rare_mutant_rejected
4,1.5707963267948966,0.0,1.5707963267948966,1.2566370614359172,0.6283185307179586,-5.487726831881537,0,-5.67971176265637,rare_mutant_rejected
4,1.5707963267948966,0.0,1.5707963267948966,1.2566370614359172,0.7068583470577035,-5.218292290589211,0,-5.3801120767405815,rare_mutant_rejected
4,1.5707963267948966,0.0,1.5707963267948966,1.2566370614359172,0.7853981633974483,-4.938489656520821,0,-5.0729490168751585,rare_mutant_rejected
4,1.5707963267948966,0.0,1.5707963267948966,1.2566370614359172,0.8639379797371931,-4.6550537360228486,0,-4.765785957009734,rare_mutant_rejected
4,1.5707963267948966,0.0,1.5707963267948966,1.2566370614359172,0.9424777960769379,-4.375074928201635,0,-4.466186271093946,rare_mutant_rejected
4,1.5707963267948966,0.0,1.5707963267948966,1.2566370614359172,1.0210176124166828,-4.105816373776756,0,-4.181527097709394,rare_mutant_rejected
4,1.5707963267948966,0.0,1.5707963267948966,1.2566370614359172,1.0995574287564276,-3.8545010550220304,0,-3.9188176904344365,rare_mutant_rejected
4,1.5707963267948966,0.0,1.5707963267948966,1.2566370614359172,1.1780972450961724,-3.6280769657758842,0,-3.68452682675872,rare_mutant_rejected
4,1.5707963267948966,0.0,1.5707963267948966,1.2566370614359172,1.2566370614359172,-3.432971473177628,0,-3.484423525312738,rare_mutant_rejected
4,1.5707963267948966,0.0,1.5707963267948966,1.2566370614359172,1.335176877775662,-3.2748482529696483,0,-3.323434993482868,rare_mutant_rejected
4,1.5707963267948966,0.0,1.5707963267948966,1.2566370614359172,1.413716694115407,-3.1583813870740185,0,-3.205525303213072,rare_mutant_rejected
4,1.5707963267948966,0.0,1.5707963267948966,1.2566370614359172,1.4922565104551517,-3.0870611523014215,0,-3.133597782397617,rare_mutant_rejected
4,1.5707963267948966,0.0,1.5707963267948966,1.2566370614359172,1.5707963267948966,-3.063044623081397,0,-3.109423525312737,rare_mutant_rejected
4,1.5707963267948966,0.0,1.5707963267948966,1.335176877775662,0.0,-6.777262925565327,0,-7.149831954216142,rare_mutant_rejected
4,1.5707963267948966,0.0,1.5707963267948966,1.335176877775662,0.07853981633974483,-6.75801821558993,0,-7.127053315394692,rare_mutant_rejected
4,1.5707963267948966,0.0,1.5707963267948966,1.335176877775662,0.15707963267948966,-6.700644220407732,0,-7.059278284616092,rare_mutant_rejected
4,1.5707963267948966,0.0,1.5707963267948966,1.335176877775662,0.23561944901923448,-6.606223099835844,0,-6.948175708070545,rare_mutant_rejected
4,1.5707963267948966,0.0,1.5707963267948966,1.335176877775662,0.3141592653589793,-6.476563313356726,0,-6.796481299920911,rare_mutant_rejected
4,1.5707963267948966,0.0,1.5707963267948966,1.335176877775662,0.39269908169872414,-6.314203594716444,0,-6.607930279940714,rare_mutant_rejected
4,1.5707963267948966,0.0,1.5707963267948966,1.335176877775662,0.47123889803846897,-6.122412226513864,0,-6.387165400006823,rare_mutant_rejected
4,1.5707963267948966,0.0,1.5707963267948966,1.335176877775662,0.5497787143782138,-5.905176065651953,0,-6.13962262413984,rare_mutant_rejected
4,1.5707963267948966,0.0,1.5707963267948966,1.335176877775662,0.6283185307179586,-5.667173202067877,0,-5.871397277028982,rare_mutant_rejected
4,1.5707963267948966,0.0,1.5707963267948966,1.335176877775662,0.7068583470577035,-5.413723250582916,0,-5.589093956909011,rare_mutant_rejected
4,1.5707963267948966,0.0,1.5707963267948966,1.335176877775662,0.7853981633974483,-5.150710136963118,0,-5.299663908432285,rare_mutant_rejected
4,1.5707963267948966,0.0,1.5707963267948966,1.335176877775662,0.8639379797371931,-4.884473838300173,0,-5.010233859955557,rare_mutant_rejected
4,1.5707963267948966,0.0,1.5707963267948966,1.335176877775662,0.9424777960769379,-4.621669793612845,0,-4.727930539835586,rare_mutant_rejected
4,1.5707963267948966,0.0,1.5707963267948966,1.335176877775662,1.0210176124166828,-4.369097452794668,0,-4.459705192724729,rare_mutant_rejected
4,1.5707963267948966,0.0,1.5707963267948966,1.335176877775662,1.0995574287564276,-4.13350244611755,0,-4.212162416857746,rare_mutant_rejected
4,1.5707963267948966,0.0,1.5707963267948966,1.335176877775662,1.1780972450961724,-3.921359840027818,0,-3.9913975369238557,rare_mutant_rejected
4,1.5707963267948966,0.0,1.5707963267948966,1.335176877775662,1.2566370614359172,-3.738648575308555,0,-3.8028465169436565,rare_mutant_rejected
4,1.5707963267948966,0.0,1.5707963267948966,1.335176877775662,1.335176877775662,-3.5906291445007685,0,-3.651152108794024,rare_mutant_rejected
4,1.5707963267948966,0.0,1.5707963267948966,1.335176877775662,1.413716694115407,-3.481637587688917,0,-3.5400495322484753,rare_mutant_rejected
4,1.5707963267948966,0.0,1.5707963267948966,1.335176877775662,1.4922565104551517,-3.414908786807712,0,-3.472274501469877,rare_mutant_rejected
4,1.5707963267948966,0.0,1.5707963267948966,1.335176877775662,1.5707963267948966,-3.3924407535129655,0,-3.449495862648427,rare_mutant_rejected
4,1.5707963267948966,0.0,1.5707963267948966,1.413716694115407,0.0,-6.891285254749551,0,-7.265348302439654,rare_mutant_rejected
4,1.5707963267948966,0.0,1.5707963267948966,1.413716694115407,0.07853981633974483,-6.873205332040735,0,-7.243991861553225,rare_mutant_rejected
4,1.5707963267948966,0.0,1.5707963267948966,1.413716694115407,0.15707963267948966,-6.819310626616587,0,-7.180448405346525,rare_mutant_rejected
4,1.5707963267948966,0.0,1.5707963267948966,1.413716694115407,0.23561944901923448,-6.730637212332866,0,-7.076282584600005,rare_mutant_rejected
4,1.5707963267948966,0.0,1.5707963267948966,1.413716694115407,0.3141592653589793,-6.608913961400729,0,-6.93405930752698,rare_mutant_rejected
4,1.5707963267948966,0.0,1.5707963267948966,1.413716694115407,0.39269908169872414,-6.456562775777641,0,-6.757280583220985,rare_mutant_rejected
4,1.5707963267948966,0.0,1.5707963267948966,1.413716694115407,0.47123889803846897,-6.276693435796522,0,-6.550299290569383,rare_mutant_rejected
4,1.5707963267948966,0.0,1.5707963267948966,1.413716694115407,0.5497787143782138,-6.073088256450667,0,-6.318211995928785,rare_mutant_rejected
4,1.5707963267948966,0.0,1.5707963267948966,1.413716694115407,0.6283185307179586,-5.850171278069968,0,-6.066733458746807,rare_mutant_rejected
4,1.5707963267948966,0.0,1.5707963267948966,1.413716694115407,0.7068583470577035,-5.612956863204623,0,-5.802055915218288,rare_mutant_rejected
4,1.5707963267948966,0.0,1.5707963267948966,1.413716694115407,0.7853981633974483,-5.366973372098302,0,-5.530696604879308,rare_mutant_rejected
4,1.5707963267948966,0.0,1.5707963267948966,1.413716694115407,0.8639379797371931,-5.118159034370304,0,-5.259337294540326,rare_mutant_rejected
4,1.5707963267948966,0.0,1.5707963267948966,1.413716694115407,0.9424777960769379,-4.8727291475312615,0,-4.994659751011809,rare_mutant_rejected
4,1.5707963267948966,0.0,1.5707963267948966,1.413716694115407,1.0210176124166828,-4.6370161680301685,0,-4.743181213829833,rare_mutant_rejected
4,1.5707963267948966,0.0,1.5707963267948966,1.413716694115407,1.0995574287564276,-4.41728690869042,0,-4.511093919189232,rare_mutant_rejected
4,1.5707963267948966,0.0,1.5707963267948966,1.413716694115407,1.1780972450961724,-4.219543660446395,0,-4.304112626537631,rare_mutant_rejected
4,1.5707963267948966,0.0,1.5707963267948966,1.413716694115407,1.2566370614359172,-4.049318335237786,0,-4.127333902231636,rare_mutant_rejected
4,1.5707963267948966,0.0,1.5707963267948966,1.413716694115407,1.335176877775662,-3.9114704075828106,0,-3.9851106251586135,rare_mutant_rejected
4,1.5707963267948966,0.0,1.5707963267948966,1.413716694115407,1.413716694115407,-3.8100002843994645,0,-3.880944804412092,rare_mutant_rejected
4,1.5707963267948966,0.0,1.5707963267948966,1.413716694115407,1.4922565104551517,-3.7478896018392582,0,-3.817401348205391,rare_mutant_rejected
4,1.5707963267948966,0.0,1.5707963267948966,1.413716694115407,1.5707963267948966,-3.7269787820646565,0,-3.7960449073189624,rare_mutant_rejected
4,1.5707963267948966,0.0,1.5707963267948966,1.4922565104551517,0.0,-7.006826217192213,0,-7.382311356408232,rare_mutant_rejected
4,1.5707963267948966,0.0,1.5707963267948966,1.4922565104551517,0.07853981633974483,-6.989930631680467,0,-7.362394924805217,rare_mutant_rejected
4,1.5707963267948966,0.0,1.5707963267948966,1.4922565104551517,0.15707963267948966,-6.939572690562326,0,-7.303136038641084,rare_mutant_rejected
4,1.5707963267948966,0.0,1.5707963267948966,1.4922565104551517,0.23561944901923448,-6.856738942373375,0,-7.205993848362162,rare_mutant_rejected
4,1.5707963267948966,0.0,1.5707963267948966,1.4922565104551517,0.3141592653589793,-6.7430732226321215,0,-7.073360317089563,rare_mutant_rejected
4,1.5707963267948966,0.0,1.5707963267948966,1.4922565104551517,0.39269908169872414,-6.600873546979713,0,-6.908501322548672,rare_mutant_rejected
4,1.5707963267948966,0.0,1.5707963267948966,1.4922565104551517,0.47123889803846897,-6.433083061933474,0,-6.715476240320721,rare_mutant_rejected
4,1.5707963267948966,0.0,1.5707963267948966,1.4922565104551517,0.5497787143782138,-6.243270945092082,0,-6.499037988543681,rare_mutant_rejected
4,1.5707963267948966,0.0,1.5707963267948966,1.4922565104551517,0.6283185307179586,-6.035598778674242,0,-6.264515995293678,rare_mutant_rejected
4,1.5707963267948966,0.0,1.5707963267948966,1.4922565104551517,0.7068583470577035,-5.814768086467506,0,-6.0176849703784,rare_mutant_rejected
4,1.5707963267948966,0.0,1.5707963267948966,1.4922565104551517,0.7853981633974483,-5.585945461436783,0,-5.7646227128164655,rare_mutant_rejected
4,1.5707963267948966,0.0,1.5707963267948966,1.4922565104551517,0.8639379797371931,-5.354663005076462,0,-5.51156045525453,rare_mutant_rejected
4,1.5707963267948966,0.0,1.5707963267948966,1.4922565104551517,0.9424777960769379,-5.12669357812452,0,-5.264729430339251,rare_mutant_rejected
4,1.5707963267948966,0.0,1.5707963267948966,1.4922565104551517,1.0210176124166828,-4.907902494563972,0,-5.030207437089249,rare_mutant_rejected
4,1.5707963267948966,0.0,1.5707963267948966,1.4922565104551517,1.0995574287564276,-4.704079592717519,0,-4.813769185312209,rare_mutant_rejected
4,1.5707963267948966,0.0,1.5707963267948966,1.4922565104551517,1.1780972450961724,-4.520757864905214,0,-4.620744103084259,rare_mutant_rejected
4,1.5707963267948966,0.0,1.5707963267948966,1.4922565104551517,1.2566370614359172,-4.36302677852023,0,-4.4558851085433675,rare_mutant_rejected
4,1.5707963267948966,0.0,1.5707963267948966,1.4922565104551517,1.335176877775662,-4.235349843250042,0,-4.32325157727077,rare_mutant_rejected
4,1.5707963267948966,0.0,1.5707963267948966,1.4922565104551517,1.413716694115407,-4.141396676710132,0,-4.226109386991848,rare_mutant_rejected
4,1.5707963267948966,0.0,1.5707963267948966,1.4922565104551517,1.4922565104551517,-4.083899665360176,0,-4.166850500827713,rare_mutant_rejected
4,1.5707963267948966,0.0,1.5707963267948966,1.4922565104551517,1.5707963267948966,-4.064544268286714,0,-4.146934069224697,rare_mutant_rejected
4,1.5707963267948966,0.0,1.5707963267948966,1.5707963267948966,0.0,-7.123176000000001,0,-7.5,rare_mutant_rejected
4,1.5707963267948966,0.0,1.5707963267948966,1.5707963267948966,0.07853981633974483,-7.107477144544221,0,-7.481532510892706,rare_mutant_rejected
4,1.5707963267948966,0.0,1.5707963267948966,1.5707963267948966,0.15707963267948966,-7.06069203938628,0,-7.4265847744427305,rare_mutant_rejected
4,1.5707963267948966,0.0,1.5707963267948966,1.5707963267948966,0.23561944901923448,-6.9837544821574085,0,-7.3365097862825515,rare_mutant_rejected
4,1.5707963267948966,0.0,1.5707963267948966,1.5707963267948966,0.3141592653589793,-6.878218206746373,0,-7.213525491562422,rare_mutant_rejected
4,1.5707963267948966,0.0,1.5707963267948966,1.5707963267948966,0.39269908169872414,-6.746250881270262,0,-7.060660171779822,rare_mutant_rejected
4,1.5707963267948966,0.0,1.5707963267948966,1.5707963267948966,0.47123889803846897,-6.590621734482363,0,-6.881677878438711,rare_mutant_rejected
4,1.5707963267948966,0.0,1.5707963267948966,1.5707963267948966,0.5497787143782138,-6.414679358800459,0,-6.68098574960932,rare_mutant_rejected
4,1.5707963267948966,0.0,1.5707963267948966,1.5707963267948966,0.6283185307179586,-6.222315956183961,0,-6.463525491562421,rare_mutant_rejected
4,1.5707963267948966,0.0,1.5707963267948966,1.5707963267948966,0.7068583470577035,-6.017914473993306,0,-6.234651697560347,rare_mutant_rejected
4,1.5707963267948966,0.0,1.5707963267948966,1.5707963267948966,0.7853981633974483,-5.80627575,0,-6.0,rare_mutant_rejected
4,1.5707963267948966,0.0,1.5707963267948966,1.5707963267948966,0.8639379797371931,-5.592523932240371,0,-5.765348302439653,rare_mutant_rejected
4,1.5707963267948966,0.0,1.5707963267948966,1.5707963267948966,0.9424777960769379,-5.381989994099024,0,-5.536474508437578,rare_mutant_rejected
4,1.5707963267948966,0.0,1.5707963267948966,1.5707963267948966,1.0210176124166828,-5.18007501162411,0,-5.31901425039068,rare_mutant_rejected
4,1.5707963267948966,0.0,1.5707963267948966,1.5707963267948966,1.0995574287564276,-4.992096848122653,0,-5.11832212156129,rare_mutant_rejected
4,1.5707963267948966,0.0,1.5707963267948966,1.5707963267948966,1.1780972450961724,-4.823125808069567,0,-4.939339828220178,rare_mutant_rejected
4,1.5707963267948966,0.0,1.5707963267948966,1.5707963267948966,1.2566370614359172,-4.677816472207989,0,-4.786474508437578,rare_mutant_rejected
4,1.5707963267948966,0.0,1.5707963267948966,1.5707963267948966,1.335176877775662,-4.560244111685235,0,-4.663490213717447,rare_mutant_rejected
4,1.5707963267948966,0.0,1.5707963267948966,1.5707963267948966,1.413716694115407,-4.473754638457722,0,-4.573415225557268,rare_mutant_rejected
4,1.5707963267948966,0.0,1.5707963267948966,1.5707963267948966,1.4922565104551517,-4.42083687627515,0,-4.518467489107294,rare_mutant_rejected
4,1.5707963267948966,0.0,1.5707963267948966,1.5707963267948966,1.5707963267948966,-4.4030249999999995,0,-4.499999999999999,rare_mutant_rejected
4,1.5707963267948966,0.0,1.5707963267948966,1.6493361431346414,0.0,-7.239618120253324,0,-7.617688643591768,rare_mutant_rejected
4,1.5707963267948966,0.0,1.5707963267948966,1.6493361431346414,0.07853981633974483,-7.2251210621802295,0,-7.600670096980196,rare_mutant_rejected
4,1.5707963267948966,0.0,1.5707963267948966,1.6493361431346414,0.15707963267948966,-7.1819229814187775,0,-7.550033510244377,rare_mutant_rejected
4,1.5707963267948966,0.0,1.5707963267948966,1.6493361431346414,0.23561944901923448,-7.110901985700551,0,-7.4670257242029425,rare_mutant_rejected
4,1.5707963267948966,0.0,1.5707963267948966,1.6493361431346414,0.3141592653589793,-7.01351714045979,0,-7.3536906660352805,rare_mutant_rejected
4,1.5707963267948966,0.0,1.5707963267948966,1.6493361431346414,0.39269908169872414,-6.8918000418201135,0,-7.21281902101097,rare_mutant_rejected
4,1.5707963267948966,0.0,1.5707963267948966,1.6493361431346414,0.47123889803846897,-6.74833972335883,0,-7.0478795165567,rare_mutant_rejected
4,1.5707963267948966,0.0,1.5707963267948966,1.6493361431346414,0.5497787143782138,-6.586258050284464,0,-6.862933510674959,rare_mutant_rejected
4,1.5707963267948966,0.0,1.5707963267948966,1.6493361431346414,0.6283185307179586,-6.409172548565502,0,-6.6625349878311635,rare_mutant_rejected
4,1.5707963267948966,0.0,1.5707963267948966,1.6493361431346414,0.7068583470577035,-6.221143806076155,0,-6.451618424742293,rare_mutant_rejected
4,1.5707963267948966,0.0,1.5707963267948966,1.6493361431346414,0.7853981633974483,-6.026605189001879,0,-6.2353772871835345,rare_mutant_rejected
4,1.5707963267948966,0.0,1.5707963267948966,1.6493361431346414,0.8639379797371931,-5.83027362167933,0,-6.019136149624778,rare_mutant_rejected
4,1.5707963267948966,0.0,1.5707963267948966,1.6493361431346414,0.9424777960769379,-5.637041521570901,0,-5.808219586535905,rare_mutant_rejected
4,1.5707963267948966,0.0,1.5707963267948966,1.6493361431346414,1.0210176124166828,-5.451851561321171,0,-5.607821063692111,rare_mutant_rejected
4,1.5707963267948966,0.0,1.5707963267948966,1.6493361431346414,1.0995574287564276,-5.279557608707298,0,-5.42287505781037,rare_mutant_rejected
4,1.5707963267948966,0.0,1.5707963267948966,1.6493361431346414,1.1780972450961724,-5.12477680925709,0,-5.2579355533560985,rare_mutant_rejected
4,1.5707963267948966,0.0,1.5707963267948966,1.6493361431346414,1.2566370614359172,-4.991739152121545,0,-5.117063908331788,rare_mutant_rejected
4,1.5707963267948966,0.0,1.5707963267948966,1.6493361431346414,1.335176877775662,-4.884141833643632,0,-5.003728850164127,rare_mutant_rejected
4,1.5707963267948966,0.0,1.5707963267948966,1.6493361431346414,1.413716694115407,-4.805016170919705,0,-4.920721064122692,rare_mutant_rejected
4,1.5707963267948966,0.0,1.5707963267948966,1.6493361431346414,1.4922565104551517,-4.756614633878794,0,-4.8700844773868734,rare_mutant_rejected
4,1.5707963267948966,0.0,1.5707963267948966,1.6493361431346414,1.5707963267948966,-4.740324735784875,0,-4.853065930775301,rare_mutant_rejected
4,1.5707963267948966,0.0,1.5707963267948966,1.7278759594743862,0.0,-7.355433821378237,0,-7.734651697560347,rare_mutant_rejected
4,1.5707963267948966,0.0,1.5707963267948966,1.7278759594743862,0.07853981633974483,-7.342136177706271,0,-7.719073160232188,rare_mutant_rejected
4,1.5707963267948966,0.0,1.5707963267948966,1.7278759594743862,0.15707963267948966,-7.302517077178845,0,-7.672721143538936,rare_mutant_rejected
4,1.5707963267948966,0.0,1.5707963267948966,1.7278759594743862,0.23561944901923448,-7.237396357572488,0,-7.5967369879651,rare_mutant_rejected
4,1.5707963267948966,0.0,1.5707963267948966,1.7278759594743862,0.3141592653589793,-7.148134459591356,0,-7.492991675597864,rare_mutant_rejected
4,1.5707963267948966,0.0,1.5707963267948966,1.7278759594743862,0.39269908169872414,-7.0366220605888445,0,-7.364039760338659,rare_mutant_rejected
4,1.5707963267948966,0.0,1.5707963267948966,1.7278759594743862,0.47123889803846897,-6.905262882677952,0,-7.213056466308037,rare_mutant_rejected
4,1.5707963267948966,0.0,1.5707963267948966,1.7278759594743862,0.5497787143782138,-6.756947378857101,0,-7.043759503289859,rare_mutant_rejected
4,1.5707963267948966,0.0,1.5707963267948966,1.7278759594743862,0.6283185307179586,-6.59501486022688,0,-6.860317524378036,rare_mutant_rejected
4,1.5707963267948966,0.0,1.5707963267948966,1.7278759594743862,0.7068583470577035,-6.423201819906621,0,-6.667247479902404,rare_mutant_rejected
4,1.5707963267948966,0.0,1.5707963267948966,1.7278759594743862,0.7853981633974483,-6.2455747499030245,0,-6.469303395120693,rare_mutant_rejected
4,1.5707963267948966,0.0,1.5707963267948966,1.7278759594743862,0.8639379797371931,-6.06644661772197,0,-6.2713593103389815,rare_mutant_rejected
4,1.5707963267948966,0.0,1.5707963267948966,1.7278759594743862,0.9424777960769379,-5.890277316278921,0,-6.078289265863349,rare_mutant_rejected
4,1.5707963267948966,0.0,1.5707963267948966,1.7278759594743862,1.0210176124166828,-5.721559735630018,0,-5.894847286951528,rare_mutant_rejected
4,1.5707963267948966,0.0,1.5707963267948966,1.7278759594743862,1.0995574287564276,-5.564694510980045,0,-5.725550323933348,rare_mutant_rejected
4,1.5707963267948966,0.0,1.5707963267948966,1.7278759594743862,1.1780972450961724,-5.423857841276275,0,-5.574567029902727,rare_mutant_rejected
4,1.5707963267948966,0.0,1.5707963267948966,1.7278759594743862,1.2566370614359172,-5.302867902802968,0,-5.445615114643521,rare_mutant_rejected
4,1.5707963267948966,0.0,1.5707963267948966,1.7278759594743862,1.335176877775662,-5.2050561680518355,0,-5.341869802276285,rare_mutant_rejected
4,1.5707963267948966,0.0,1.5707963267948966,1.7278759594743862,1.413716694115407,-5.1331502729343,0,-5.265885646702449,rare_mutant_rejected
4,1.5707963267948966,0.0,1.5707963267948966,1.7278759594743862,1.4922565104551517,-5.089174886909792,0,-5.219533630009197,rare_mutant_rejected
4,1.5707963267948966,0.0,1.5707963267948966,1.7278759594743862,1.5707963267948966,-5.074376314260958,0,-5.2039550926810385,rare_mutant_rejected
4,1.5707963267948966,0.0,1.5707963267948966,1.806415775814131,0.0,-7.469906525503263,0,-7.8501680457838585,rare_mutant_rejected
4,1.5707963267948966,0.0,1.5707963267948966,1.806415775814131,0.07853981633974483,-7.457798384923555,0,-7.836011706390722,rare_mutant_rejected
4,1.5707963267948966,0.0,1.5707963267948966,1.806415775814131,0.15707963267948966,-7.421727778035739,0,-7.793891264269369,rare_mutant_rejected
4,1.5707963267948966,0.0,1.5707963267948966,1.806415775814131,0.23561944901923448,-7.362454121653601,0,-7.724843864494559,rare_mutant_rejected
4,1.5707963267948966,0.0,1.5707963267948966,1.806415775814131,0.3141592653589793,-7.2812359945034855,0,-7.630569683203932,rare_mutant_rejected
4,1.5707963267948966,0.0,1.5707963267948966,1.806415775814131,0.39269908169872414,-7.179819321104021,0,-7.51339006361893,rare_mutant_rejected
4,1.5707963267948966,0.0,1.5707963267948966,1.806415775814131,0.47123889803846897,-7.060418703370182,0,-7.3761903568706,rare_mutant_rejected
4,1.5707963267948966,0.0,1.5707963267948966,1.806415775814131,0.5497787143782138,-6.925690094868868,0,-7.2223488750788025,rare_mutant_rejected
4,1.5707963267948966,0.0,1.5707963267948966,1.806415775814131,0.6283185307179586,-6.778692927410503,0,-7.055653706095861,rare_mutant_rejected
4,1.5707963267948966,0.0,1.5707963267948966,1.806415775814131,0.7068583470577035,-6.622839990175573,0,-6.880209438211683,rare_mutant_rejected
4,1.5707963267948966,0.0,1.5707963267948966,1.806415775814131,0.7853981633974483,-6.461833838032211,0,-6.700336091567717,rare_mutant_rejected
4,1.5707963267948966,0.0,1.5707963267948966,1.806415775814131,0.8639379797371931,-6.2995892503447255,0,-6.520462744923751,rare_mutant_rejected
4,1.5707963267948966,0.0,1.5707963267948966,1.806415775814131,0.9424777960769379,-6.14014222736186,0,-6.345018477039572,rare_mutant_rejected
4,1.5707963267948966,0.0,1.5707963267948966,1.806415775814131,1.0210176124166828,-5.987547123313755,0,-6.178323308056631,rare_mutant_rejected
4,1.5707963267948966,0.0,1.5707963267948966,1.806415775814131,1.0995574287564276,-5.845764675584044,0,-6.024481826264834,rare_mutant_rejected
4,1.5707963267948966,0.0,1.5707963267948966,1.806415775814131,1.1780972450961724,-5.718544784577473,0,-5.887282119516502,rare_mutant_rejected
4,1.5707963267948966,0.0,1.5707963267948966,1.806415775814131,1.2566370614359172,-5.609308811796158,0,-5.770102499931502,rare_mutant_rejected
4,1.5707963267948966,0.0,1.5707963267948966,1.806415775814131,1.335176877775662,-5.521036785406311,0,-5.675828318640873,rare_mutant_rejected
4,1.5707963267948966,0.0,1.5707963267948966,1.806415775814131,1.413716694115407,-5.456165146267398,0,-5.606780918866065,rare_mutant_rejected
4,1.5707963267948966,0.0,1.5707963267948966,1.806415775814131,1.4922565104551517,-5.416500479637133,0,-5.564660476744713,rare_mutant_rejected
4,1.5707963267948966,0.0,1.5707963267948966,1.806415775814131,1.5707963267948966,-5.403154047319806,0,-5.550504137351574,rare_mutant_rejected
4,1.5707963267948966,0.0,1.5707963267948966,1.8849555921538759,0.0,-7.582326313834194,0,-7.963525491562422,rare_mutant_rejected
4,1.5707963267948966,0.0,1.5707963267948966,1.8849555921538759,0.07853981633974483,-7.571390208222643,0,-7.950764770432716,rare_mutant_rejected
4,1.5707963267948966,0.0,1.5707963267948966,1.8849555921538759,0.15707963267948966,-7.538815103368383,0,-7.912796818348218,rare_mutant_rejected
4,1.5707963267948966,0.0,1.5707963267948966,1.8849555921538759,0.23561944901923448,-7.485298339242267,0,-7.850556532297657,rare_mutant_rejected
4,1.5707963267948966,0.0,1.5707963267948966,1.8849555921538759,0.3141592653589793,-7.411994216129241,0,-7.765576474687263,rare_mutant_rejected
4,1.5707963267948966,0.0,1.5707963267948966,1.8849555921538759,0.39269908169872414,-7.320501210000685,0,-7.6599491365680485,rare_mutant_rejected
4,1.5707963267948966,0.0,1.5707963267948966,1.8849555921538759,0.47123889803846897,-7.212842435922937,0,-7.536275413561542,rare_mutant_rejected
4,1.5707963267948966,0.0,1.5707963267948966,1.8849555921538759,0.5497787143782138,-7.091437985202704,0,-7.39760056317772,rare_mutant_rejected
4,1.5707963267948966,0.0,1.5707963267948966,1.8849555921538759,0.6283185307179586,-6.9590677220921116,0,-7.247339220468475,rare_mutant_rejected
4,1.5707963267948966,0.0,1.5707963267948966,1.8849555921538759,0.7068583470577035,-6.8188233100297335,0,-7.089191318380111,rare_mutant_rejected
4,1.5707963267948966,0.0,1.5707963267948966,1.8849555921538759,0.7853981633974483,-6.674048651973853,0,-6.927050983124842,rare_mutant_rejected
4,1.5707963267948966,0.0,1.5707963267948966,1.8849555921538759,0.8639379797371931,-6.528268557705021,0,-6.7649106478695735,rare_mutant_rejected
4,1.5707963267948966,0.0,1.5707963267948966,1.8849555921538759,0.9424777960769379,-6.38510625257449,0,-6.60676274578121,rare_mutant_rejected
4,1.5707963267948966,0.0,1.5707963267948966,1.8849555921538759,1.0210176124166828,-6.248191254395207,0,-6.456501403071965,rare_mutant_rejected
4,1.5707963267948966,0.0,1.5707963267948966,1.8849555921538759,1.0995574287564276,-6.12106008732934,0,-6.3178265526881425,rare_mutant_rejected
4,1.5707963267948966,0.0,1.5707963267948966,1.8849555921538759,1.1780972450961724,-6.007053181754381,0,-6.194152829681636,rare_mutant_rejected
4,1.5707963267948966,0.0,1.5707963267948966,1.8849555921538759,1.2566370614359172,-5.909212032842664,0,-6.088525491562421,rare_mutant_rejected
4,1.5707963267948966,0.0,1.5707963267948966,1.8849555921538759,1.335176877775662,-5.83018117147242,0,-6.003545433952028,rare_mutant_rejected
4,1.5707963267948966,0.0,1.5707963267948966,1.8849555921538759,1.413716694115407,-5.772119670828138,0,-5.941305147901465,rare_mutant_rejected
4,1.5707963267948966,0.0,1.5707963267948966,1.8849555921538759,1.4922565104551517,-5.736626729713702,0,-5.903337195816969,rare_mutant_rejected
4,1.5707963267948966,0.0,1.5707963267948966,1.8849555921538759,1.5707963267948966,-5.7246853321040225,0,-5.890576474687263,rare_mutant_rejected
4,1.5707963267948966,0.0,1.5707963267948966,1.9634954084936207,0.0,-7.691994405886538,0,-8.074025148547634,rare_mutant_rejected
4,1.5707963267948966,0.0,1.5707963267948966,1.9634954084936207,0.07853981633974483,-7.682205333748449,0,-8.062624861559085,rare_mutant_rejected
4,1.5707963267948966,0.0,1.5707963267948966,1.9634954084936207,0.15707963267948966,-7.653050325584509,0,-8.028704713494479,rare_mutant_rejected
4,1.5707963267948966,0.0,1.5707963267948966,1.9634954084936207,0.23561944901923448,-7.605163544077058,0,-7.973099930973682,rare_mutant_rejected
4,1.5707963267948966,0.0,1.5707963267948966,1.9634954084936207,0.3141592653589793,-7.53959350773348,0,-7.897179688284051,rare_mutant_rejected
4,1.5707963267948966,0.0,1.5707963267948966,1.9634954084936207,0.39269908169872414,-7.457789799545156,0,-7.802813393765443,rare_mutant_rejected
4,1.5707963267948966,0.0,1.5707963267948966,1.9634954084936207,0.47123889803846897,-7.361583242197701,0,-7.692324658772684,rare_mutant_rejected
4,1.5707963267948966,0.0,1.5707963267948966,1.9634954084936207,0.5497787143782138,-7.253158535352616,0,-7.568434082652381,rare_mutant_rejected
4,1.5707963267948966,0.0,1.5707963267948966,1.9634954084936207,0.6283185307179586,-7.135018346554797,0,-7.434192262557868,rare_mutant_rejected
4,1.5707963267948966,0.0,1.5707963267948966,1.9634954084936207,0.7068583470577035,-7.00993802151158,0,-7.292904677622927,rare_mutant_rejected
4,1.5707963267948966,0.0,1.5707963267948966,1.9634954084936207,0.7853981633974483,-6.880910435363011,0,-7.148050297095269,rare_mutant_rejected
4,1.5707963267948966,0.0,1.5707963267948966,1.9634954084936207,0.8639379797371931,-6.751081028953136,0,-7.003195916567611,rare_mutant_rejected
4,1.5707963267948966,0.0,1.5707963267948966,1.9634954084936207,0.9424777960769379,-6.62367372891093,0,-6.86190833163267,rare_mutant_rejected
4,1.5707963267948966,0.0,1.5707963267948966,1.9634954084936207,1.0210176124166828,-6.501909186100029,0,-6.727666511538156,rare_mutant_rejected
4,1.5707963267948966,0.0,1.5707963267948966,1.9634954084936207,1.0995574287564276,-6.388917518497573,0,-6.603775935417854,rare_mutant_rejected
4,1.5707963267948966,0.0,1.5707963267948966,1.9634954084936207,1.1780972450961724,-6.287648438416532,0,-6.493287200425096,rare_mutant_rejected
4,1.5707963267948966,0.0,1.5707963267948966,1.9634954084936207,1.2566370614359172,-6.200782205721061,0,-6.398920905906489,rare_mutant_rejected
4,1.5707963267948966,0.0,1.5707963267948966,1.9634954084936207,1.335176877775662,-6.130645210776255,0,-6.323000663216857,rare_mutant_rejected
4,1.5707963267948966,0.0,1.5707963267948966,1.9634954084936207,1.413716694115407,-6.0791341007487,0,-6.26739588069606,rare_mutant_rejected
4,1.5707963267948966,0.0,1.5707963267948966,1.9634954084936207,1.4922565104551517,-6.047652189842024,0,-6.233475732631453,rare_mutant_rejected
4,1.5707963267948966,0.0,1.5707963267948966,1.9634954084936207,1.5707963267948966,-6.037061434143198,0,-6.222075445642903,rare_mutant_rejected
4,1.5707963267948966,0.0,1.5707963267948966,2.0420352248333655,0.0,-7.7982276074395145,0,-8.18098574960932,rare_mutant_rejected
4,1.5707963267948966,0.0,1.5707963267948966,2.0420352248333655,0.07853981633974483,-7.789553111244883,0,-8.17090232511078,rare_mutant_rejected
4,1.5707963267948966,0.0,1.5707963267948966,2.0420352248333655,0.15707963267948966,-7.763720631118546,0,-8.140900338991287,rare_mutant_rejected
4,1.5707963267948966,0.0,1.5707963267948966,2.0420352248333655,0.23561944901923448,-7.721300660319011,0,-8.091718539719983,rare_mutant_rejected
4,1.5707963267948966,0.0,1.5707963267948966,2.0420352248333655,0.3141592653589793,-7.663235425750296,0,-8.024567946419959,rare_mutant_rejected
4,1.5707963267948966,0.0,1.5707963267948966,2.0420352248333655,0.39269908169872414,-7.590825521352336,0,-7.941102029558308,rare_mutant_rejected
4,1.5707963267948966,0.0,1.5707963267948966,2.0420352248333655,0.47123889803846897,-7.505710333215658,0,-7.843375997015658,rare_mutant_rejected
4,1.5707963267948966,0.0,1.5707963267948966,2.0420352248333655,0.5497787143782138,-7.409841561762917,0,-7.733796188047316,rare_mutant_rejected
4,1.5707963267948966,0.0,1.5707963267948966,2.0420352248333655,0.6283185307179586,-7.305449169497228,0,-7.61506082122462,rare_mutant_rejected
4,1.5707963267948966,0.0,1.5707963267948966,2.0420352248333655,0.7068583470577035,-7.194999244208526,0,-7.490093555338833,rare_mutant_rejected
4,1.5707963267948966,0.0,1.5707963267948966,2.0420352248333655,0.7853981633974483,-7.081143568602741,0,-7.36197149921864,rare_mutant_rejected
4,1.5707963267948966,0.0,1.5707963267948966,2.0420352248333655,0.8639379797371931,-6.9666611147134745,0,-7.233849443098448,rare_mutant_rejected
4,1.5707963267948966,0.0,1.5707963267948966,2.0420352248333655,0.9424777960769379,-6.854392207044203,0,-7.108882177212661,rare_mutant_rejected
4,1.5707963267948966,0.0,1.5707963267948966,2.0420352248333655,1.0210176124166828,-6.747166680772965,0,-6.990146810389965,rare_mutant_rejected
4,1.5707963267948966,0.0,1.5707963267948966,2.0420352248333655,1.0995574287564276,-6.6477279488933,0,-6.880567001421623,rare_mutant_rejected
4,1.5707963267948966,0.0,1.5707963267948966,2.0420352248333655,1.1780972450961724,-6.558655427453017,0,-6.782840968878974,rare_mutant_rejected
4,1.5707963267948966,0.0,1.5707963267948966,2.0420352248333655,1.2566370614359172,-6.4822881934812475,0,-6.699375052017322,rare_mutant_rejected
4,1.5707963267948966,0.0,1.5707963267948966,2.0420352248333655,1.335176877775662,-6.4206530141324265,0,-6.632224458717299,rare_mutant_rejected
4,1.5707963267948966,0.0,1.5707963267948966,2.0420352248333655,1.413716694115407,-6.375399948416044,0,-6.583042659445994,rare_mutant_rejected
4,1.5707963267948966,0.0,1.5707963267948966,2.0420352248333655,1.4922565104551517,-6.347748562198983,0,-6.553040673326498,rare_mutant_rejected
4,1.5707963267948966,0.0,1.5707963267948966,2.0420352248333655,1.5707963267948966,-6.338447411243488,0,-6.542957248827961,rare_mutant_rejected
4,1.5707963267948966,0.0,1.5707963267948966,2.1205750411731104,0.0,-7.90036269634764,0,-8.283747847073924,rare_mutant_rejected
4,1.5707963267948966,0.0,1.5707963267948966,2.1205750411731104,0.07853981633974483,-7.89276299520642,0,-8.274929594519099,rare_mutant_rejected
4,1.5707963267948966,0.0,1.5707963267948966,2.1205750411731104,0.15707963267948966,-7.870133724553379,0,-8.248691971498625,rare_mutant_rejected
4,1.5707963267948966,0.0,1.5707963267948966,2.1205750411731104,0.23561944901923448,-7.832981868314313,0,-8.205681035368945,rare_mutant_rejected
4,1.5707963267948966,0.0,1.5707963267948966,2.1205750411731104,0.3141592653589793,-7.782143911561109,0,-8.146955858122686,rare_mutant_rejected
4,1.5707963267948966,0.0,1.5707963267948966,2.1205750411731104,0.39269908169872414,-7.71877278985551,0,-8.073962448521339,rare_mutant_rejected
4,1.5707963267948966,0.0,1.5707963267948966,2.1205750411731104,0.47123889803846897,-7.644319048150377,0,-7.988498146560528,rare_mutant_rejected
4,1.5707963267948966,0.0,1.5707963267948966,2.1205750411731104,0.5497787143782138,-7.560505766693906,0,-7.892667366994283,rare_mutant_rejected
4,1.5707963267948966,0.0,1.5707963267948966,2.1205750411731104,0.6283185307179586,-7.469296853676941,0,-7.788829781659649,rare_mutant_rejected
4,1.5707963267948966,0.0,1.5707963267948966,2.1205750411731104,0.7068583470577035,-7.372858450876229,0,-7.6795422165247516,rare_mutant_rejected
4,1.5707963267948966,0.0,1.5707963267948966,2.1205750411731104,0.7853981633974483,-7.273513449305945,0,-7.567495694147848,rare_mutant_rejected
4,1.5707963267948966,0.0,1.5707963267948966,2.1205750411731104,0.8639379797371931,-7.173689455481283,0,-7.455449171770942,rare_mutant_rejected
4,1.5707963267948966,0.0,1.5707963267948966,2.1205750411731104,0.9424777960769379,-7.075860962674013,0,-7.346161606636045,rare_mutant_rejected
4,1.5707963267948966,0.0,1.5707963267948966,2.1205750411731104,1.0210176124166828,-6.9824869329520345,0,-7.24232402130141,rare_mutant_rejected
4,1.5707963267948966,0.0,1.5707963267948966,2.1205750411731104,1.0995574287564276,-6.895945444865468,0,-7.146493241735165,rare_mutant_rejected
4,1.5707963267948966,0.0,1.5707963267948966,2.1205750411731104,1.1780972450961724,-6.818467464471674,0,-7.061028939774354,rare_mutant_rejected
4,1.5707963267948966,0.0,1.5707963267948966,2.1205750411731104,1.2566370614359172,-6.752072110434268,0,-6.988035530173007,rare_mutant_rejected
4,1.5707963267948966,0.0,1.5707963267948966,2.1205750411731104,1.335176877775662,-6.698505968625972,0,-6.9293103529267475,rare_mutant_rejected
4,1.5707963267948966,0.0,1.5707963267948966,2.1205750411731104,1.413716694115407,-6.659189038910299,0,-6.886299416797068,rare_mutant_rejected
4,1.5707963267948966,0.0,1.5707963267948966,2.1205750411731104,1.4922565104551517,-6.6351697506791645,0,-6.8600617937765955,rare_mutant_rejected
4,1.5707963267948966,0.0,1.5707963267948966,2.1205750411731104,1.5707963267948966,-6.62709116409515,0,-6.85124354122177,rare_mutant_rejected
4,1.5707963267948966,0.0,1.5707963267948966,2.199114857512855,0.0,-7.997760714893032,0,-8.38167787843871,rare_mutant_rejected
4,1.5707963267948966,0.0,1.5707963267948966,2.199114857512855,0.07853981633974483,-7.991188893452711,0,-8.374065307075556,rare_mutant_rejected
4,1.5707963267948966,0.0,1.5707963267948966,2.199114857512855,0.15707963267948966,-7.971622342339977,0,-8.351415039757729,rare_mutant_rejected
4,1.5707963267948966,0.0,1.5707963267948966,2.199114857512855,0.23561944901923448,-7.939505382067534,0,-8.314284801238522,rare_mutant_rejected
4,1.5707963267948966,0.0,1.5707963267948966,2.199114857512855,0.3141592653589793,-7.895570414974465,0,-8.263588861218475,rare_mutant_rejected
4,1.5707963267948966,0.0,1.5707963267948966,2.199114857512855,0.39269908169872414,-7.840825532854359,0,-8.20057552199106,rare_mutant_rejected
4,1.5707963267948966,0.0,1.5707963267948966,2.199114857512855,0.47123889803846897,-7.7765368285661225,0,-8.12679638109734,rare_mutant_rejected
4,1.5707963267948966,0.0,1.5707963267948966,2.199114857512855,0.5497787143782138,-7.70420516694775,0,-8.044068125845047,rare_mutant_rejected
4,1.5707963267948966,0.0,1.5707963267948966,2.199114857512855,0.6283185307179586,-7.625537224713132,0,-7.954427800437831,rare_mutant_rejected
4,1.5707963267948966,0.0,1.5707963267948966,2.199114857512855,0.7068583470577035,-7.5424107392950575,0,-7.860082647186401,rare_mutant_rejected
4,1.5707963267948966,0.0,1.5707963267948966,2.199114857512855,0.7853981633974483,-7.4568341119412676,0,-7.76335575687742,rare_mutant_rejected
4,1.5707963267948966,0.0,1.5707963267948966,2.199114857512855,0.8639379797371931,-7.370900781320738,0,-7.666628866568438,rare_mutant_rejected
4,1.5707963267948966,0.0,1.5707963267948966,2.199114857512855,0.9424777960769379,-7.286739102695654,0,-7.572283713317008,rare_mutant_rejected
4,1.5707963267948966,0.0,1.5707963267948966,2.199114857512855,1.0210176124166828,-7.206458809424079,0,-7.482643387909792,rare_mutant_rejected
4,1.5707963267948966,0.0,1.5707963267948966,2.199114857512855,1.0995574287564276,-7.132095468018211,0,-7.399915132657498,rare_mutant_rejected
4,1.5707963267948966,0.0,1.5707963267948966,2.199114857512855,1.1780972450961724,-7.065554632486999,0,-7.326135991763778,rare_mutant_rejected
4,1.5707963267948966,0.0,1.5707963267948966,2.199114857512855,1.2566370614359172,-7.008557626176234,0,-7.263122652536364,rare_mutant_rejected
4,1.5707963267948966,0.0,1.5707963267948966,2.199114857512855,1.335176877775662,-6.9625910017568255,0,-7.212426712516316,rare_mutant_rejected
4,1.5707963267948966,0.0,1.5707963267948966,2.199114857512855,1.413716694115407,-6.928861731633463,0,-7.1752964739971095,rare_mutant_rejected
4,1.5707963267948966,0.0,1.5707963267948966,2.199114857512855,1.4922565104551517,-6.908260050992976,0,-7.152646206679283,rare_mutant_rejected
4,1.5707963267948966,0.0,1.5707963267948966,2.199114857512855,1.5707963267948966,-6.901331614759492,0,-7.145033635316128,rare_mutant_rejected
4,1.5707963267948966,0.0,1.5707963267948966,2.2776546738526,0.0,-8.089811137207088,0,-8.474172072495275,rare_mutant_rejected
4,1.5707963267948966,0.0,1.5707963267948966,2.2776546738526,0.07853981633974483,-8.084213391038329,0,-8.467698258146273,rare_mutant_rejected
4,1.5707963267948966,0.0,1.5707963267948966,2.2776546738526,0.15707963267948966,-8.067548642250104,0,-8.448436221893894,rare_mutant_rejected
4,1.5707963267948966,0.0,1.5707963267948966,2.2776546738526,0.23561944901923448,-8.040200101836291,0,-8.416860258997708,rare_mutant_rejected
4,1.5707963267948966,0.0,1.5707963267948966,2.2776546738526,0.3141592653589793,-8.002798889481591,0,-8.37374787445883,rare_mutant_rejected
4,1.5707963267948966,0.0,1.5707963267948966,2.2776546738526,0.39269908169872414,-7.956212585695468,0,-8.32016063826641,rare_mutant_rejected
4,1.5707963267948966,0.0,1.5707963267948966,2.2776546738526,0.47123889803846897,-7.90152904123858,0,-8.257418046021344,rare_mutant_rejected
4,1.5707963267948966,0.0,1.5707963267948966,2.2776546738526,0.5497787143782138,-7.840035347371649,0,-8.187065028575432,rare_mutant_rejected
4,1.5707963267948966,0.0,1.5707963267948966,2.2776546738526,0.6283185307179586,-7.773191930800354,0,-8.110833910706468,rare_mutant_rejected
4,1.5707963267948966,0.0,1.5707963267948966,2.2776546738526,0.7068583470577035,-7.702601850566452,0,-8.030601755532965,rare_mutant_rejected
4,1.5707963267948966,0.0,1.5707963267948966,2.2776546738526,0.7853981633974483,-7.6299755391991075,0,-7.948344144990551,rare_mutant_rejected
4,1.5707963267948966,0.0,1.5707963267948966,2.2776546738526,0.8639379797371931,-7.557091439608569,0,-7.866086534448136,rare_mutant_rejected
4,1.5707963267948966,0.0,1.5707963267948966,2.2776546738526,0.9424777960769379,-7.485753228957606,0,-7.785854379274633,rare_mutant_rejected
4,1.5707963267948966,0.0,1.5707963267948966,2.2776546738526,1.0210176124166828,-7.417744572534696,0,-7.709623261405671,rare_mutant_rejected
4,1.5707963267948966,0.0,1.5707963267948966,2.2776546738526,1.0995574287564276,-7.354782592389092,0,-7.639270243959758,rare_mutant_rejected
4,1.5707963267948966,0.0,1.5707963267948966,2.2776546738526,1.1780972450961724,-7.298471443525667,0,-7.576527651714692,rare_mutant_rejected
4,1.5707963267948966,0.0,1.5707963267948966,2.2776546738526,1.2566370614359172,-7.250257541901787,0,-7.522940415522271,rare_mutant_rejected
4,1.5707963267948966,0.0,1.5707963267948966,2.2776546738526,1.335176877775662,-7.211388063585952,0,-7.479828030983393,rare_mutant_rejected
4,1.5707963267948966,0.0,1.5707963267948966,2.2776546738526,1.413716694115407,-7.18287431891014,0,-7.448252068087207,rare_mutant_rejected
4,1.5707963267948966,0.0,1.5707963267948966,2.2776546738526,1.4922565104551517,-7.165461492191526,0,-7.428990031834829,rare_mutant_rejected
4,1.5707963267948966,0.0,1.5707963267948966,2.2776546738526,1.5707963267948966,-7.159606027914511,0,-7.422516217485827,rare_mutant_rejected
4,1.5707963267948966,0.0,1.5707963267948966,2.356194490192345,0.0,-8.175935880452993,0,-8.560660171779821,rare_mutant_rejected
4,1.5707963267948966,0.0,1.5707963267948966,2.356194490192345,0.07853981633974483,-8.17125181753337,0,-8.555251169451784,rare_mutant_rejected
4,1.5707963267948966,0.0,1.5707963267948966,2.356194490192345,0.15707963267948966,-8.157308434715627,0,-8.539157350056437,rare_mutant_rejected
4,1.5707963267948966,0.0,1.5707963267948966,2.356194490192345,0.23561944901923448,-8.134430105139359,0,-8.51277499683962,rare_mutant_rejected
4,1.5707963267948966,0.0,1.5707963267948966,2.356194490192345,0.3141592653589793,-8.103150619126176,0,-8.476753730895537,rare_mutant_rejected
4,1.5707963267948966,0.0,1.5707963267948966,2.356194490192345,0.39269908169872414,-8.064202905367726,0,-8.431980515339465,rare_mutant_rejected
4,1.5707963267948966,0.0,1.5707963267948966,2.356194490192345,0.47123889803846897,-8.018504602726766,0,-8.379557815332172,rare_mutant_rejected
4,1.5707963267948966,0.0,1.5707963267948966,2.356194490192345,0.5497787143782138,-7.9671394901815145,0,-8.320776451728808,rare_mutant_rejected
4,1.5707963267948966,0.0,1.5707963267948966,2.356194490192345,0.6283185307179586,-7.911334843727296,0,-8.257083816785448,rare_mutant_rejected
4,1.5707963267948966,0.0,1.5707963267948966,2.356194490192345,0.7068583470577035,-7.852434885447906,0,-8.190048234558132,rare_mutant_rejected
4,1.5707963267948966,0.0,1.5707963267948966,2.356194490192345,0.7853981633974483,-7.791870619953766,0,-8.121320343559642,rare_mutant_rejected
4,1.5707963267948966,0.0,1.5707963267948966,2.356194490192345,0.8639379797371931,-7.73112651107723,0,-8.052592452561152,rare_mutant_rejected
4,1.5707963267948966,0.0,1.5707963267948966,2.356194490192345,0.9424777960769379,-7.671704627162493,0,-7.985556870333837,rare_mutant_rejected
4,1.5707963267948966,0.0,1.5707963267948966,2.356194490192345,1.0210176124166828,-7.615087063152057,0,-7.921864235390476,rare_mutant_rejected
4,1.5707963267948966,0.0,1.5707963267948966,2.356194490192345,1.0995574287564276,-7.562697616329325,0,-7.863082871787112,rare_mutant_rejected
4,1.5707963267948966,0.0,1.5707963267948966,2.356194490192345,1.1780972450961724,-7.515863833526235,0,-7.810660171779821,rare_mutant_rejected
4,1.5707963267948966,0.0,1.5707963267948966,2.356194490192345,1.2566370614359172,-7.475780645080772,0,-7.765886956223747,rare_mutant_rejected
4,1.5707963267948966,0.0,1.5707963267948966,2.356194490192345,1.335176877775662,-7.443476841457324,0,-7.7298656902796665,rare_mutant_rejected
4,1.5707963267948966,0.0,1.5707963267948966,2.356194490192345,1.413716694115407,-7.419785622759927,0,-7.703483337062848,rare_mutant_rejected
4,1.5707963267948966,0.0,1.5707963267948966,2.356194490192345,1.4922565104551517,-7.405320355028608,0,-7.687389517667501,rare_mutant_rejected
4,1.5707963267948966,0.0,1.5707963267948966,2.356194490192345,1.5707963267948966,-7.400456501718518,0,-7.681980515339463,rare_mutant_rejected
4,1.5707963267948966,0.0,1.5707963267948966,2.4347343065320897,0.0,-8.255593128954722,0,-8.640608948400047,rare_mutant_rejected
4,1.5707963267948966,0.0,1.5707963267948966,2.4347343065320897,0.07853981633974483,-8.25175612617721,0,-8.636184248179593,rare_mutant_rejected
4,1.5707963267948966,0.0,1.5707963267948966,2.4347343065320897,0.15707963267948966,-8.240335222601795,0,-8.623019098322397,rare_mutant_rejected
4,1.5707963267948966,0.0,1.5707963267948966,2.4347343065320897,0.23561944901923448,-8.221598939775614,0,-8.60143766851057,rare_mutant_rejected
4,1.5707963267948966,0.0,1.5707963267948966,2.4347343065320897,0.3141592653589793,-8.195988837069757,0,-8.57197136517074,rare_mutant_rejected
4,1.5707963267948966,0.0,1.5707963267948966,2.4347343065320897,0.39269908169872414,-8.164110561050913,0,-8.535345746484184,rare_mutant_rejected
4,1.5707963267948966,0.0,1.5707963267948966,2.4347343065320897,0.47123889803846897,-8.12672135925631,0,-8.492462656736429,rare_mutant_rejected
4,1.5707963267948966,0.0,1.5707963267948966,2.4347343065320897,0.5497787143782138,-8.084714131835739,0,-8.444378019917878,rare_mutant_rejected
4,1.5707963267948966,0.0,1.5707963267948966,2.4347343065320897,0.6283185307179586,-8.039098152757143,0,-8.392275839370763,rare_mutant_rejected
4,1.5707963267948966,0.0,1.5707963267948966,2.4347343065320897,0.7068583470577035,-7.990976672146024,0,-8.337439043697378,rare_mutant_rejected
4,1.5707963267948966,0.0,1.5707963267948966,2.4347343065320897,0.7853981633974483,-7.941521711340908,0,-8.281217896800094,rare_mutant_rejected
4,1.5707963267948966,0.0,1.5707963267948966,2.4347343065320897,0.8639379797371931,-7.891946478005932,0,-8.224996749902807,rare_mutant_rejected
4,1.5707963267948966,0.0,1.5707963267948966,2.4347343065320897,0.9424777960769379,-7.843475953092098,0,-8.170159954229424,rare_mutant_rejected
4,1.5707963267948966,0.0,1.5707963267948966,2.4347343065320897,1.0210176124166828,-7.797316325366858,0,-8.118057773682308,rare_mutant_rejected
4,1.5707963267948966,0.0,1.5707963267948966,2.4347343065320897,1.0995574287564276,-7.754624062030116,0,-8.069973136863757,rare_mutant_rejected
4,1.5707963267948966,0.0,1.5707963267948966,2.4347343065320897,1.1780972450961724,-7.716475494565616,0,-8.027090047116001,rare_mutant_rejected
4,1.5707963267948966,0.0,1.5707963267948966,2.4347343065320897,1.2566370614359172,-7.68383785705109,0,-7.990464428429447,rare_mutant_rejected
4,1.5707963267948966,0.0,1.5707963267948966,2.4347343065320897,1.335176877775662,-7.657542731017575,0,-7.960998125089615,rare_mutant_rejected
4,1.5707963267948966,0.0,1.5707963267948966,2.4347343065320897,1.413716694115407,-7.63826282067919,0,-7.939416695277789,rare_mutant_rejected
4,1.5707963267948966,0.0,1.5707963267948966,2.4347343065320897,1.4922565104551517,-7.626492902506867,0,-7.926251545420593,rare_mutant_rejected
4,1.5707963267948966,0.0,1.5707963267948966,2.4347343065320897,1.5707963267948966,-7.622535665186797,0,-7.921826845200139,rare_mutant_rejected
4,1.5707963267948966,0.0,1.5707963267948966,2.5132741228718345,0.0,-8.328280941292007,0,-8.713525491562422,rare_mutant_rejected
4,1.5707963267948966,0.0,1.5707963267948966,2.5132741228718345,0.07853981633974483,-8.32521855422655,0,-8.709998514986362,rare_mutant_rejected
4,1.5707963267948966,0.0,1.5707963267948966,2.5132741228718345,0.15707963267948966,-8.316104016743772,0,-8.699504431126853,rare_mutant_rejected
4,1.5707963267948966,0.0,1.5707963267948966,2.5132741228718345,0.23561944901923448,-8.30115368319587,0,-8.68230163915638,rare_mutant_rejected
4,1.5707963267948966,0.0,1.5707963267948966,2.5132741228718345,0.3141592653589793,-8.280723096673945,0,-8.658813728906052,rare_mutant_rejected
4,1.5707963267948966,0.0,1.5707963267948966,2.5132741228718345,0.39269908169872414,-8.255299458458472,0,-8.629619050678137,rare_mutant_rejected
4,1.5707963267948966,0.0,1.5707963267948966,2.5132741228718345,0.47123889803846897,-8.225491176440451,0,-8.595436474342186,rare_mutant_rejected
4,1.5707963267948966,0.0,1.5707963267948966,2.5132741228718345,0.5497787143782138,-8.192014600442914,0,-8.55710768837306,rare_mutant_rejected
4,1.5707963267948966,0.0,1.5707963267948966,2.5132741228718345,0.6283185307179586,-8.15567810460241,0,-8.515576474687263,rare_mutant_rejected
4,1.5707963267948966,0.0,1.5707963267948966,2.5132741228718345,0.7068583470577035,-8.117363741214037,0,-8.471865469599937,rare_mutant_rejected
4,1.5707963267948966,0.0,1.5707963267948966,2.5132741228718345,0.7853981633974483,-8.078006765354182,0,-8.427050983124843,rare_mutant_rejected
4,1.5707963267948966,0.0,1.5707963267948966,2.5132741228718345,0.8639379797371931,-8.038573412023807,0,-8.382236496649746,rare_mutant_rejected
4,1.5707963267948966,0.0,1.5707963267948966,2.5132741228718345,0.9424777960769379,-8.000037392717285,0,-8.338525491562422,rare_mutant_rejected
4,1.5707963267948966,0.0,1.5707963267948966,2.5132741228718345,1.0210176124166828,-7.963355660146296,0,-8.296994277876625,rare_mutant_rejected
4,1.5707963267948966,0.0,1.5707963267948966,2.5132741228718345,1.0995574287564276,-7.929444061482637,0,-8.258665491907497,rare_mutant_rejected
4,1.5707963267948966,0.0,1.5707963267948966,2.5132741228718345,1.1780972450961724,-7.899153554917051,0,-8.224482915571548,rare_mutant_rejected
4,1.5707963267948966,0.0,1.5707963267948966,2.5132741228718345,1.2566370614359172,-7.873247695080883,0,-8.195288237343632,rare_mutant_rejected
4,1.5707963267948966,0.0,1.5707963267948966,2.5132741228718345,1.335176877775662,-7.852382094669489,0,-8.171800327093305,rare_mutant_rejected
4,1.5707963267948966,0.0,1.5707963267948966,2.5132741228718345,1.413716694115407,-7.837086538979692,0,-8.154597535122832,rare_mutant_rejected
4,1.5707963267948966,0.0,1.5707963267948966,2.5132741228718345,1.4922565104551517,-7.827750365840447,0,-8.144103451263321,rare_mutant_rejected
4,1.5707963267948966,0.0,1.5707963267948966,2.5132741228718345,1.5707963267948966,-7.824611626918604,0,-8.140576474687263,rare_mutant_rejected
4,1.5707963267948966,0.0,1.5707963267948966,2.5918139392115793,0.0,-8.393540611557265,0,-8.778960246531138,rare_mutant_rejected
4,1.5707963267948966,0.0,1.5707963267948966,2.5918139392115793,0.07853981633974483,-8.391175034993857,0,-8.776238880371494,rare_mutant_rejected
4,1.5707963267948966,0.0,1.5707963267948966,2.5918139392115793,0.15707963267948966,-8.384134895751053,0,-8.768141790959112,rare_mutant_rejected
4,1.5707963267948966,0.0,1.5707963267948966,2.5918139392115793,0.23561944901923448,-8.372588733762067,0,-8.754868355508021,rare_mutant_rejected
4,1.5707963267948966,0.0,1.5707963267948966,2.5918139392115793,0.3141592653589793,-8.356813357166528,0,-8.736745410051034,rare_mutant_rejected
4,1.5707963267948966,0.0,1.5707963267948966,2.5918139392115793,0.39269908169872414,-8.337187756673254,0,-8.714219201651911,rare_mutant_rejected
4,1.5707963267948966,0.0,1.5707963267948966,2.5918139392115793,0.47123889803846897,-8.314184694911104,0,-8.687844400321637,rare_mutant_rejected
4,1.5707963267948966,0.0,1.5707963267948966,2.5918139392115793,0.5497787143782138,-8.28836008850684,0,-8.65827044120191,rare_mutant_rejected
4,1.5707963267948966,0.0,1.5707963267948966,2.5918139392115793,0.6283185307179586,-8.260340344904616,0,-8.626225533316603,rare_mutant_rejected
4,1.5707963267948966,0.0,1.5707963267948966,2.5918139392115793,0.7068583470577035,-8.230807865806575,0,-8.592498728648803,rare_mutant_rejected
4,1.5707963267948966,0.0,1.5707963267948966,2.5918139392115793,0.7853981633974483,-8.200484983448206,0,-8.557920493062277,rare_mutant_rejected
4,1.5707963267948966,0.0,1.5707963267948966,2.5918139392115793,0.8639379797371931,-8.170116652568687,0,-8.52334225747575,rare_mutant_rejected
4,1.5707963267948966,0.0,1.5707963267948966,2.5918139392115793,0.9424777960769379,-8.140452276816355,0,-8.48961545280795,rare_mutant_rejected
4,1.5707963267948966,0.0,1.5707963267948966,2.5918139392115793,1.0210176124166828,-8.11222709966512,0,-8.457570544922643,rare_mutant_rejected
4,1.5707963267948966,0.0,1.5707963267948966,2.5918139392115793,1.0995574287564276,-8.086143632545046,0,-8.427996585802916,rare_mutant_rejected
4,1.5707963267948966,0.0,1.5707963267948966,2.5918139392115793,1.1780972450961724,-8.062853622637174,0,-8.401621784472642,rare_mutant_rejected
4,1.5707963267948966,0.0,1.5707963267948966,2.5918139392115793,1.2566370614359172,-8.042941075877177,0,-8.379095576073519,rare_mutant_rejected
4,1.5707963267948966,0.0,1.5707963267948966,2.5918139392115793,1.335176877775662,-8.02690684418069,0,-8.360972630616532,rare_mutant_rejected
4,1.5707963267948966,0.0,1.5707963267948966,2.5918139392115793,1.413716694115407,-8.01515525791835,0,-8.347699195165442,rare_mutant_rejected
4,1.5707963267948966,0.0,1.5707963267948966,2.5918139392115793,1.4922565104551517,-8.00798323480741,0,-8.339602105753057,rare_mutant_rejected
4,1.5707963267948966,0.0,1.5707963267948966,2.5918139392115793,1.5707963267948966,-8.005572225767867,0,-8.336880739593415,rare_mutant_rejected
4,1.5707963267948966,0.0,1.5707963267948966,2.670353755551324,0.0,-8.450959757486123,0,-8.836509786282551,rare_mutant_rejected
4,1.5707963267948966,0.0,1.5707963267948966,2.670353755551324,0.07853981633974483,-8.449208333600106,0,-8.834496950455234,rare_mutant_rejected
4,1.5707963267948966,0.0,1.5707963267948966,2.670353755551324,0.15707963267948966,-8.443996280151246,0,-8.82850800567157,rare_mutant_rejected
4,1.5707963267948966,0.0,1.5707963267948966,2.670353755551324,0.23561944901923448,-8.435449301066939,0,-8.8186904196283,rare_mutant_rejected
4,1.5707963267948966,0.0,1.5707963267948966,2.670353755551324,0.3141592653589793,-8.423773747710014,0,-8.805285933876512,rare_mutant_rejected
4,1.5707963267948966,0.0,1.5707963267948966,2.670353755551324,0.39269908169872414,-8.409251938086202,0,-8.78862461134235,rare_mutant_rejected
4,1.5707963267948966,0.0,1.5707963267948966,2.670353755551324,0.47123889803846897,-8.392235710051883,0,-8.769116709082365,rare_mutant_rejected
4,1.5707963267948966,0.0,1.5707963267948966,2.670353755551324,0.5497787143782138,-8.373138318184761,0,-8.747242576393214,rare_mutant_rejected
4,1.5707963267948966,0.0,1.5707963267948966,2.670353755551324,0.6283185307179586,-8.352424819286307,0,-8.723540827017787,rare_mutant_rejected
4,1.5707963267948966,0.0,1.5707963267948966,2.670353755551324,0.7068583470577035,-8.330601128499,0,-8.698595076687306,rare_mutant_rejected
4,1.5707963267948966,0.0,1.5707963267948966,2.670353755551324,0.7853981633974483,-8.308201965876222,0,-8.673019572565103,rare_mutant_rejected
4,1.5707963267948966,0.0,1.5707963267948966,2.670353755551324,0.8639379797371931,-8.285777950537224,0,-8.647444068442901,rare_mutant_rejected
4,1.5707963267948966,0.0,1.5707963267948966,2.670353755551324,0.9424777960769379,-8.26388213441287,0,-8.62249831811242,rare_mutant_rejected
4,1.5707963267948966,0.0,1.5707963267948966,2.670353755551324,1.0210176124166828,-8.243056297850567,0,-8.598796568736994,rare_mutant_rejected
4,1.5707963267948966,0.0,1.5707963267948966,2.670353755551324,1.0995574287564276,-8.223817352657072,0,-8.576922436047843,rare_mutant_rejected
4,1.5707963267948966,0.0,1.5707963267948966,2.670353755551324,1.1780972450961724,-8.206644212234943,0,-8.557414533787858,rare_mutant_rejected
4,1.5707963267948966,0.0,1.5707963267948966,2.670353755551324,1.2566370614359172,-8.191965491312564,0,-8.540753211253696,rare_mutant_rejected
4,1.5707963267948966,0.0,1.5707963267948966,2.670353755551324,1.335176877775662,-8.18014838787739,0,-8.527348725501906,rare_mutant_rejected
4,1.5707963267948966,0.0,1.5707963267948966,2.670353755551324,1.413716694115407,-8.171489076475174,0,-8.517531139458637,rare_mutant_rejected
4,1.5707963267948966,0.0,1.5707963267948966,2.670353755551324,1.4922565104551517,-8.166204905024774,0,-8.511542194674973,rare_mutant_rejected
4,1.5707963267948966,0.0,1.5707963267948966,2.670353755551324,1.5707963267948966,-8.16442863758588,0,-8.509529358847654,rare_mutant_rejected
4,1.5707963267948966,0.0,1.5707963267948966,2.748893571891069,0.0,-8.500175110018725,0,-8.88581929876693,rare_mutant_rejected
4,1.5707963267948966,0.0,1.5707963267948966,2.748893571891069,0.07853981633974483,-8.498950880337432,0,-8.88441354486274,rare_mutant_rejected
4,1.5707963267948966,0.0,1.5707963267948966,2.748893571891069,0.15707963267948966,-8.495307892894125,0,-8.880230897476721,rare_mutant_rejected
4,1.5707963267948966,0.0,1.5707963267948966,2.748893571891069,0.23561944901923448,-8.48933456456354,0,-8.873374347268928,rare_mutant_rejected
4,1.5707963267948966,0.0,1.5707963267948966,2.748893571891069,0.3141592653589793,-8.481175975937655,0,-8.864012725261063,rare_mutant_rejected
4,1.5707963267948966,0.0,1.5707963267948966,2.748893571891069,0.39269908169872414,-8.471030494499258,0,-8.8523765456564,rare_mutant_rejected
4,1.5707963267948966,0.0,1.5707963267948966,2.748893571891069,0.47123889803846897,-8.459145136701942,0,-8.838752329815073,rare_mutant_rejected
4,1.5707963267948966,0.0,1.5707963267948966,2.748893571891069,0.5497787143782138,-8.44580975913838,0,-8.823475551147274,rare_mutant_rejected
4,1.5707963267948966,0.0,1.5707963267948966,2.748893571891069,0.6283185307179586,-8.431350195152266,0,-8.806922374644527,rare_mutant_rejected
4,1.5707963267948966,0.0,1.5707963267948966,2.748893571891069,0.7068583470577035,-8.416120479147702,0,-8.789500394449174,rare_mutant_rejected
4,1.5707963267948966,0.0,1.5707963267948966,2.748893571891069,0.7853981633974483,-8.400494325850527,0,-8.77163859753386,rare_mutant_rejected
4,1.5707963267948966,0.0,1.5707963267948966,2.748893571891069,0.8639379797371931,-8.384856055026034,0,-8.753776800618546,rare_mutant_rejected
4,1.5707963267948966,0.0,1.5707963267948966,2.748893571891069,0.9424777960769379,-8.369591172615856,0,-8.736354820423193,rare_mutant_rejected
4,1.5707963267948966,0.0,1.5707963267948966,2.748893571891069,1.0210176124166828,-8.355076835763182,0,-8.719801643920446,rare_mutant_rejected
4,1.5707963267948966,0.0,1.5707963267948966,2.748893571891069,1.0995574287564276,-8.341672440561236,0,-8.70452486525265,rare_mutant_rejected
4,1.5707963267948966,0.0,1.5707963267948966,2.748893571891069,1.1780972450961724,-8.329710576472483,0,-8.690900649411322,rare_mutant_rejected
4,1.5707963267948966,0.0,1.5707963267948966,2.748893571891069,1.2566370614359172,-8.319488589297961,0,-8.679264469806657,rare_mutant_rejected
4,1.5707963267948966,0.0,1.5707963267948966,2.748893571891069,1.335176877775662,-8.31126098468767,0,-8.669902847798792,rare_mutant_rejected
4,1.5707963267948966,0.0,1.5707963267948966,2.748893571891069,1.413716694115407,-8.305232886206944,0,-8.663046297590999,rare_mutant_rejected
4,1.5707963267948966,0.0,1.5707963267948966,2.748893571891069,1.4922565104551517,-8.301554736075559,0,-8.65886365020498,rare_mutant_rejected
4,1.5707963267948966,0.0,1.5707963267948966,2.748893571891069,1.5707963267948966,-8.30031839349856,0,-8.65745789630079,rare_mutant_rejected
4,1.5707963267948966,0.0,1.5707963267948966,2.827433388230814,0.0,-8.540874981009159,0,-8.92658477444273,rare_mutant_rejected
4,1.5707963267948966,0.0,1.5707963267948966,2.827433388230814,0.07853981633974483,-8.540087277737276,0,-8.925680911190538,rare_mutant_rejected
4,1.5707963267948966,0.0,1.5707963267948966,2.827433388230814,0.15707963267948966,-8.537743380552211,0,-8.92299157754698,rare_mutant_rejected
4,1.5707963267948966,0.0,1.5707963267948966,2.827433388230814,0.23561944901923448,-8.533900472249305,0,-8.918582993831748,rare_mutant_rejected
4,1.5707963267948966,0.0,1.5707963267948966,2.827433388230814,0.3141592653589793,-8.52865234974347,0,-8.912563714007161,rare_mutant_rejected
4,1.5707963267948966,0.0,1.5707963267948966,2.827433388230814,0.39269908169872414,-8.522127195422465,0,-8.905081952719346,rare_mutant_rejected
4,1.5707963267948966,0.0,1.5707963267948966,2.827433388230814,0.47123889803846897,-8.514484522906386,0,-8.89632193576175,rare_mutant_rejected
4,1.5707963267948966,0.0,1.5707963267948966,2.827433388230814,0.5497787143782138,-8.505911362461472,0,-8.886499363824697,rare_mutant_rejected
4,1.5707963267948966,0.0,1.5707963267948966,2.827433388230814,0.6283185307179586,-8.496617768944281,0,-8.875856101228527,rare_mutant_rejected
4,1.5707963267948966,0.0,1.5707963267948966,2.827433388230814,0.7068583470577035,-8.486831751815865,0,-8.86465422042132,rare_mutant_rejected
4,1.5707963267948966,0.0,1.5707963267948966,2.827433388230814,0.7853981633974483,-8.4767937420581,0,-8.853169548885461,rare_mutant_rejected
4,1.5707963267948966,0.0,1.5707963267948966,2.827433388230814,0.8639379797371931,-8.466750724268534,0,-8.841684877349602,rare_mutant_rejected
4,1.5707963267948966,0.0,1.5707963267948966,2.827433388230814,0.9424777960769379,-8.456950173277983,0,-8.830482996542393,rare_mutant_rejected
4,1.5707963267948966,0.0,1.5707963267948966,2.827433388230814,1.0210176124166828,-8.447633942780412,0,-8.819839733946225,rare_mutant_rejected
4,1.5707963267948966,0.0,1.5707963267948966,2.827433388230814,1.0995574287564276,-8.43903225816203,0,-8.810017162009173,rare_mutant_rejected
4,1.5707963267948966,0.0,1.5707963267948966,2.827433388230814,1.1780972450961724,-8.431357966506097,0,-8.801257145051576,rare_mutant_rejected
4,1.5707963267948966,0.0,1.5707963267948966,2.827433388230814,1.2566370614359172,-8.424801193282565,0,-8.793775383763759,rare_mutant_rejected
4,1.5707963267948966,0.0,1.5707963267948966,2.827433388230814,1.335176877775662,-8.419524547309706,0,-8.787756103939174,rare_mutant_rejected
4,1.5707963267948966,0.0,1.5707963267948966,2.827433388230814,1.413716694115407,-8.415659003185336,0,-8.783347520223941,rare_mutant_rejected
4,1.5707963267948966,0.0,1.5707963267948966,2.827433388230814,1.4922565104551517,-8.413300573721951,0,-8.780658186580384,rare_mutant_rejected
4,1.5707963267948966,0.0,1.5707963267948966,2.827433388230814,1.5707963267948966,-8.412507864388749,0,-8.779754323328191,rare_mutant_rejected
4,1.5707963267948966,0.0,1.5707963267948966,2.9059732045705586,0.0,-8.572801388253751,0,-8.958554880596514,rare_mutant_rejected
4,1.5707963267948966,0.0,1.5707963267948966,2.9059732045705586,0.07853981633974483,-8.57235645994572,0,-8.958044622402426,rare_mutant_rejected
4,1.5707963267948966,0.0,1.5707963267948966,2.9059732045705586,0.15707963267948966,-8.571032572212138,0,-8.956526412070344,rare_mutant_rejected
4,1.5707963267948966,0.0,1.5707963267948966,2.9059732045705586,0.23561944901923448,-8.568862154037829,0,-8.9540376329773,rare_mutant_rejected
4,1.5707963267948966,0.0,1.5707963267948966,2.9059732045705586,0.3141592653589793,-8.565898384279203,0,-8.950639567124348,rare_mutant_rejected
4,1.5707963267948966,0.0,1.5707963267948966,2.9059732045705586,0.39269908169872414,-8.562213908047312,0,-8.946415886170321,rare_mutant_rejected
4,1.5707963267948966,0.0,1.5707963267948966,2.9059732045705586,0.47123889803846897,-8.557899080489562,0,-8.941470591157898,rare_mutant_rejected
4,1.5707963267948966,0.0,1.5707963267948966,2.9059732045705586,0.5497787143782138,-8.553059778033706,0,-8.935925451662783,rare_mutant_rejected
4,1.5707963267948966,0.0,1.5707963267948966,2.9059732045705586,0.6283185307179586,-8.547814827460712,0,-8.929917007422606,rare_mutant_rejected
4,1.5707963267948966,0.0,1.5707963267948966,2.9059732045705586,0.7068583470577035,-8.542293112580237,0,-8.923593206275443,rare_mutant_rejected
4,1.5707963267948966,0.0,1.5707963267948966,2.9059732045705586,0.7853981633974483,-8.536630426562764,0,-8.91710976119303,rare_mutant_rejected
4,1.5707963267948966,0.0,1.5707963267948966,2.9059732045705586,0.8639379797371931,-8.530966144899029,0,-8.910626316110617,rare_mutant_rejected
4,1.5707963267948966,0.0,1.5707963267948966,2.9059732045705586,0.9424777960769379,-8.525439799276748,0,-8.904302514963454,rare_mutant_rejected
4,1.5707963267948966,0.0,1.5707963267948966,2.9059732045705586,1.0210176124166828,-8.520187636167599,0,-8.898294070723276,rare_mutant_rejected
4,1.5707963267948966,0.0,1.5707963267948966,2.9059732045705586,1.0995574287564276,-8.515339245414097,0,-8.89274893122816,rare_mutant_rejected
4,1.5707963267948966,0.0,1.5707963267948966,2.9059732045705586,1.1780972450961724,-8.511014343449828,0,-8.88780363621574,rare_mutant_rejected
4,1.5707963267948966,0.0,1.5707963267948966,2.9059732045705586,1.2566370614359172,-8.507319792888898,0,-8.88357995526171,rare_mutant_rejected
4,1.5707963267948966,0.0,1.5707963267948966,2.9059732045705586,1.335176877775662,-8.504346935063188,0,-8.880181889408759,rare_mutant_rejected
4,1.5707963267948966,0.0,1.5707963267948966,2.9059732045705586,1.413716694115407,-8.502169304730778,0,-8.877693110315715,rare_mutant_rejected
4,1.5707963267948966,0.0,1.5707963267948966,2.9059732045705586,1.4922565104551517,-8.500840786771713,0,-8.876174899983635,rare_mutant_rejected
4,1.5707963267948966,0.0,1.5707963267948966,2.9059732045705586,1.5707963267948966,-8.500394263459382,0,-8.875664641789545,rare_mutant_rejected
4,1.5707963267948966,0.0,1.5707963267948966,2.9845130209103035,0.0,-8.595751819729168,0,-8.981532510892707,rare_mutant_rejected
4,1.5707963267948966,0.0,1.5707963267948966,2.9845130209103035,0.07853981633974483,-8.595553485792928,0,-8.981305145456755,rare_mutant_rejected
4,1.5707963267948966,0.0,1.5707963267948966,2.9845130209103035,0.15707963267948966,-8.594963356021033,0,-8.980628647640515,rare_mutant_rejected
4,1.5707963267948966,0.0,1.5707963267948966,2.9845130209103035,0.23561944901923448,-8.593995927698662,0,-8.97951967506539,rare_mutant_rejected
4,1.5707963267948966,0.0,1.5707963267948966,2.9845130209103035,0.3141592653589793,-8.592674969684033,0,-8.978005534316647,rare_mutant_rejected
4,1.5707963267948966,0.0,1.5707963267948966,2.9845130209103035,0.39269908169872414,-8.591032942271148,0,-8.976123508564669,rare_mutant_rejected
4,1.5707963267948966,0.0,1.5707963267948966,2.9845130209103035,0.47123889803846897,-8.589110204375418,0,-8.973919939529551,rare_mutant_rejected
4,1.5707963267948966,0.0,1.5707963267948966,2.9845130209103035,0.5497787143782138,-8.586954026931439,0,-8.971449086394168,rare_mutant_rejected
4,1.5707963267948966,0.0,1.5707963267948966,2.9845130209103035,0.6283185307179586,-8.584617436095115,0,-8.968771789763,rare_mutant_rejected
4,1.5707963267948966,0.0,1.5707963267948966,2.9845130209103035,0.7068583470577035,-8.58215791403276,0,-8.965953973564549,rare_mutant_rejected
4,1.5707963267948966,0.0,1.5707963267948966,2.9845130209103035,0.7853981633974483,-8.579635988654884,0,-8.963065021785413,rare_mutant_rejected
4,1.5707963267948966,0.0,1.5707963267948966,2.9845130209103035,0.8639379797371931,-8.577113746517211,0,-8.960176070006277,rare_mutant_rejected
4,1.5707963267948966,0.0,1.5707963267948966,2.9845130209103035,0.9424777960769379,-8.574653305182926,0,-8.957358253807826,rare_mutant_rejected
4,1.5707963267948966,0.0,1.5707963267948966,2.9845130209103035,1.0210176124166828,-8.572315282549692,0,-8.954680957176658,rare_mutant_rejected
4,1.5707963267948966,0.0,1.5707963267948966,2.9845130209103035,1.0995574287564276,-8.570157300942027,0,-8.952210104041274,rare_mutant_rejected
4,1.5707963267948966,0.0,1.5707963267948966,2.9845130209103035,1.1780972450961724,-8.568232563125347,0,-8.950006535006157,rare_mutant_rejected
4,1.5707963267948966,0.0,1.5707963267948966,2.9845130209103035,1.2566370614359172,-8.566588535807151,0,-8.948124509254178,rare_mutant_rejected
4,1.5707963267948966,0.0,1.5707963267948966,2.9845130209103035,1.335176877775662,-8.565265773675366,0,-8.946610368505437,rare_mutant_rejected
4,1.5707963267948966,0.0,1.5707963267948966,2.9845130209103035,1.413716694115407,-8.564296913632361,0,-8.945501395930313,rare_mutant_rejected
4,1.5707963267948966,0.0,1.5707963267948966,2.9845130209103035,1.4922565104551517,-8.563705864692686,0,-8.944824898114073,rare_mutant_rejected
4,1.5707963267948966,0.0,1.5707963267948966,2.9845130209103035,1.5707963267948966,-8.563507214126108,0,-8.94459753267812,rare_mutant_rejected
4,1.5707963267948966,0.0,1.5707963267948966,3.0630528372500483,0.0,-8.609580621886337,0,-8.995376000599691,rare_mutant_rejected
4,1.5707963267948966,0.0,1.5707963267948966,3.0630528372500483,0.07853981633974483,-8.609530949974308,0,-8.995319071493988,rare_mutant_rejected
4,1.5707963267948966,0.0,1.5707963267948966,3.0630528372500483,0.15707963267948966,-8.60938315659799,0,-8.995149685960392,rare_mutant_rejected
4,1.5707963267948966,0.0,1.5707963267948966,3.0630528372500483,0.23561944901923448,-8.609140878809688,0,-8.994872014832902,rare_mutant_rejected
4,1.5707963267948966,0.0,1.5707963267948966,3.0630528372500483,0.3141592653589793,-8.60881007900467,0,-8.994492895296213,rare_mutant_rejected
4,1.5707963267948966,0.0,1.5707963267948966,3.0630528372500483,0.39269908169872414,-8.608398898429025,0,-8.994021662531544,rare_mutant_rejected
4,1.5707963267948966,0.0,1.5707963267948966,3.0630528372500483,0.47123889803846897,-8.60791745712068,0,-8.993469919853494,rare_mutant_rejected
4,1.5707963267948966,0.0,1.5707963267948966,3.0630528372500483,0.5497787143782138,-8.607377605169983,0,-8.992851252997925,rare_mutant_rejected
4,1.5707963267948966,0.0,1.5707963267948966,3.0630528372500483,0.6283185307179586,-8.60679263138069,0,-8.992180895596059,rare_mutant_rejected
4,1.5707963267948966,0.0,1.5707963267948966,3.0630528372500483,0.7068583470577035,-8.606176936461033,0,-8.991475354071918,rare_mutant_rejected
4,1.5707963267948966,0.0,1.5707963267948966,3.0630528372500483,0.7853981633974483,-8.605545678752357,0,-8.990752001199384,rare_mutant_rejected
4,1.5707963267948966,0.0,1.5707963267948966,3.0630528372500483,0.8639379797371931,-8.604914401187099,0,-8.99002864832685,rare_mutant_rejected
4,1.5707963267948966,0.0,1.5707963267948966,3.0630528372500483,0.9424777960769379,-8.604298648641459,0,-8.98932310680271,rare_mutant_rejected
4,1.5707963267948966,0.0,1.5707963267948966,3.0630528372500483,1.0210176124166828,-8.603713585097761,0,-8.988652749400842,rare_mutant_rejected
4,1.5707963267948966,0.0,1.5707963267948966,3.0630528372500483,1.0995574287564276,-8.60317362005028,0,-8.988034082545274,rare_mutant_rejected
4,1.5707963267948966,0.0,1.5707963267948966,3.0630528372500483,1.1780972450961724,-8.602692053373808,0,-8.987482339867224,rare_mutant_rejected
4,1.5707963267948966,0.0,1.5707963267948966,3.0630528372500483,1.2566370614359172,-8.602280747431026,0,-8.987011107102555,rare_mutant_rejected
4,1.5707963267948966,0.0,1.5707963267948966,3.0630528372500483,1.335176877775662,-8.601949834532165,0,-8.986631987565866,rare_mutant_rejected
4,1.5707963267948966,0.0,1.5707963267948966,3.0630528372500483,1.413716694115407,-8.601707466994288,0,-8.986354316438376,rare_mutant_rejected
4,1.5707963267948966,0.0,1.5707963267948966,3.0630528372500483,1.4922565104551517,-8.601559615998578,0,-8.98618493090478,rare_mutant_rejected
4,1.5707963267948966,0.0,1.5707963267948966,3.0630528372500483,1.5707963267948966,-8.601509924238162,0,-8.986128001799075,rare_mutant_rejected
4,1.5707963267948966,0.0,1.5707963267948966,3.141592653589793,0.0,-8.614200000000002,0,-9.0,rare_mutant_rejected
4,1.5707963267948966,0.0,1.5707963267948966,3.141592653589793,0.07853981633974483,-8.614200000000002,0,-9.0,rare_mutant_rejected
4,1.5707963267948966,0.0,1.5707963267948966,3.141592653589793,0.15707963267948966,-8.614200000000002,0,-9.0,rare_mutant_rejected
4,1.5707963267948966,0.0,1.5707963267948966,3.141592653589793,0.23561944901923448,-8.614200000000002,0,-9.0,rare_mutant_rejected
4,1.5707963267948966,0.0,1.5707963267948966,3.141592653589793,0.3141592653589793,-8.614200000000002,0,-9.0,rare_mutant_rejected
4,1.5707963267948966,0.0,1.5707963267948966,3.141592653589793,0.39269908169872414,-8.614200000000002,0,-9.0,rare_mutant_rejected
4,1.5707963267948966,0.0,1.5707963267948966,3.141592653589793,0.47123889803846897,-8.614200000000002,0,-9.0,rare_mutant_rejected
4,1.5707963267948966,0.0,1.5707963267948966,3.141592653589793,0.5497787143782138,-8.614200000000002,0,-9.0,rare_mutant_rejected
4,1.5707963267948966,0.0,1.5707963267948966,3.141592653589793,0.6283185307179586,-8.614200000000002,0,-9.0,rare_mutant_rejected
4,1.5707963267948966,0.0,1.5707963267948966,3.141592653589793,0.7068583470577035,-8.614200000000002,0,-9.0,rare_mutant_rejected
4,1.5707963267948966,0.0,1.5707963267948966,3.141592653589793,0.7853981633974483,-8.614200000000002,0,-9.0,rare_mutant_rejected
4,1.5707963267948966,0.0,1.5707963267948966,3.141592653589793,0.8639379797371931,-8.614200000000002,0,-9.0,rare_mutant_rejected
4,1.5707963267948966,0.0,1.5707963267948966,3.141592653589793,0.9424777960769379,-8.614200000000002,0,-9.0,rare_mutant_rejected
4,1.5707963267948966,0.0,1.5707963267948966,3.141592653589793,1.0210176124166828,-8.614200000000002,0,-9.0,rare_mutant_rejected
4,1.5707963267948966,0.0,1.5707963267948966,3.141592653589793,1.0995574287564276,-8.614200000000002,0,-9.0,rare_mutant_rejected
4,1.5707963267948966,0.0,1.5707963267948966,3.141592653589793,1.1780972450961724,-8.614200000000002,0,-9.0,rare_mutant_rejected
4,1.5707963267948966,0.0,1.5707963267948966,3.141592653589793,1.2566370614359172,-8.614200000000002,0,-9.0,rare_mutant_rejected
4,1.5707963267948966,0.0,1.5707963267948966,3.141592653589793,1.335176877775662,-8.614200000000002,0,-9.0,rare_mutant_rejected
4,1.5707963267948966,0.0,1.5707963267948966,3.141592653589793,1.413716694115407,-8.614200000000002,0,-9.0,rare_mutant_rejected
4,1.5707963267948966,0.0,1.5707963267948966,3.141592653589793,1.4922565104551517,-8.614200000000002,0,-9.0,rare_mutant_rejected
4,1.5707963267948966,0.0,1.5707963267948966,3.141592653589793,1.5707963267948966,-8.614200000000002,0,-9.0,rare_mutant_rejected
5,1.5707963267948966,0.0,1.2566370614359172,0.0,0.0,-6.7773833027727655,0,-7.236067977499792,rare_mutant_rejected
5,1.5707963267948966,0.0,1.2566370614359172,0.0,0.07853981633974483,-6.447946737610567,0,-6.828427124746193,rare_mutant_rejected
5,1.5707963267948966,0.0,1.2566370614359172,0.0,0.15707963267948966,-6.054666394342705,0,-6.351141009169893,rare_mutant_rejected
5,1.5707963267948966,0.0,1.2566370614359172,0.0,0.23561944901923448,-5.603875900580002,0,-5.8159619989581905,rare_mutant_rejected
5,1.5707963267948966,0.0,1.2566370614359172,0.0,0.3141592653589793,-5.103571895366053,0,-5.236067977499792,rare_mutant_rejected
5,1.5707963267948966,0.0,1.2566370614359172,0.0,0.39269908169872414,-4.563518118082503,0,-4.62573786016093,rare_mutant_rejected
5,1.5707963267948966,0.0,1.2566370614359172,0.0,0.47123889803846897,-3.995263840000006,0,-4.000000000000005,rare_mutant_rejected
5,1.5707963267948966,0.0,1.2566370614359172,0.0,0.5497787143782138,-3.412049110366203,0,-3.3742621398390824,rare_mutant_rejected
5,1.5707963267948966,0.0,1.2566370614359172,0.0,0.6283185307179586,-2.828576697227236,0,-2.76393202250021,rare_mutant_rejected
5,1.5707963267948966,0.0,1.2566370614359172,0.0,0.7068583470577035,-2.260641501997851,0,-2.18403800104182,rare_mutant_rejected
5,1.5707963267948966,0.0,1.2566370614359172,0.0,0.7853981633974483,-1.724621928124634,0,-1.6488589908301137,rare_mutant_rejected
5,1.5707963267948966,0.0,1.2566370614359172,0.0,0.8639379797371931,-1.2368529423894454,0,-1.1715728752538173,rare_mutant_rejected
5,1.5707963267948966,0.0,1.2566370614359172,0.0,0.9424777960769379,-0.8129156646339482,0,-0.7639320225002084,rare_mutant_rejected
5,1.5707963267948966,0.0,1.2566370614359172,0.0,1.0210176124166828,-0.4668912686771609,0,-0.4359739032465413,rare_mutant_rejected
5,1.5707963267948966,0.0,1.2566370614359172,0.0,1.0995574287564276,-0.21063580782513114,0,-0.19577393481938898,rare_mutant_rejected
5,1.5707963267948966,0.0,1.2566370614359172,0.0,1.1780972450961724,-0.0531356899849893,0,-0.04924663761945247,rare_mutant_rejected
5,1.5707963267948966,0.0,1.2566370614359172,0.0,1.2566370614359172,0.0,,0.0,neutral
5,1.5707963267948966,0.0,1.2566370614359172,0.0,1.335176877775662,-0.053135689984985746,0,-0.049246637619450695,rare_mutant_rejected
5,1.5707963267948966,0.0,1.2566370614359172,0.0,1.413716694115407,-0.21063580782513291,0,-0.19577393481938898,rare_mutant_rejected
5,1.5707963267948966,0.0,1.2566370614359172,0.0,1.4922565104551517,-0.46689126867715025,0,-0.4359739032465306,rare_mutant_rejected
5,1.5707963267948966,0.0,1.2566370614359172,0.0,1.5707963267948966,-0.8129156646339482,0,-0.7639320225002084,rare_mutant_rejected
5,1.5707963267948966,0.0,1.2566370614359172,0.07853981633974483,0.0,-6.781609159985838,0,-7.24046709942658,rare_mutant_rejected
5,1.5707963267948966,0.0,1.2566370614359172,0.07853981633974483,0.07853981633974483,-6.4527032996849645,0,-6.833454557025869,rare_mutant_rejected
5,1.5707963267948966,0.0,1.2566370614359172,0.07853981633974483,0.15707963267948966,-6.06005395477078,0,-6.356904098353638,rare_mutant_rejected
5,1.5707963267948966,0.0,1.2566370614359172,0.07853981633974483,0.23561944901923448,-5.609989524124077,0,-5.8225499772826925,rare_mutant_rejected
5,1.5707963267948966,0.0,1.2566370614359172,0.07853981633974483,0.3141592653589793,-5.110498400398155,0,-5.243549765693451,rare_mutant_rejected
5,1.5707963267948966,0.0,1.2566370614359172,0.07853981633974483,0.39269908169872414,-4.571332332825988,0,-4.634160370386769,rare_mutant_rejected
5,1.5707963267948966,0.0,1.2566370614359172,0.07853981633974483,0.47123889803846897,-4.004024329076646,0,-4.00938698072256,rare_mutant_rejected
5,1.5707963267948966,0.0,1.2566370614359172,0.07853981633974483,0.5497787143782138,-3.421793669424167,0,-3.3846135910583417,rare_mutant_rejected
5,1.5707963267948966,0.0,1.2566370614359172,0.07853981633974483,0.6283185307179586,-2.8393179986896637,0,-2.775224195751667,rare_mutant_rejected
5,1.5707963267948966,0.0,1.2566370614359172,0.07853981633974483,0.7068583470577035,-2.2723633307071136,0,-2.196223984162428,rare_mutant_rejected
5,1.5707963267948966,0.0,1.2566370614359172,0.07853981633974483,0.7853981633974483,-1.7372764595304488,0,-1.6618698630914839,rare_mutant_rejected
5,1.5707963267948966,0.0,1.2566370614359172,0.07853981633974483,0.8639379797371931,-1.250359479133495,0,-1.185319404419248,rare_mutant_rejected
5,1.5707963267948966,0.0,1.2566370614359172,0.07853981633974483,0.9424777960769379,-0.8271611569687174,0,-0.7783068620185443,rare_mutant_rejected
5,1.5707963267948966,0.0,1.2566370614359172,0.07853981633974483,1.0210176124166828,-0.48173280466454393,0,-0.4508542354804437,rare_mutant_rejected
5,1.5707963267948966,0.0,1.2566370614359172,0.07853981633974483,1.0995574287564276,-0.22590508320111446,0,-0.2110244952232918,rare_mutant_rejected
5,1.5707963267948966,0.0,1.2566370614359172,0.07853981633974483,1.1780972450961724,-0.06864527441178403,0,-0.06472304540148066,rare_mutant_rejected
5,1.5707963267948966,0.0,1.2566370614359172,0.07853981633974483,1.2566370614359172,-0.015551030094636431,0,-0.015552313256309347,rare_mutant_rejected
5,1.5707963267948966,0.0,1.2566370614359172,0.07853981633974483,1.335176877775662,-0.06852646480929714,0,-0.06472304540148066,rare_mutant_rejected
5,1.5707963267948966,0.0,1.2566370614359172,0.07853981633974483,1.413716694115407,-0.22567066102766908,0,-0.2110244952232918,rare_mutant_rejected
5,1.5707963267948966,0.0,1.2566370614359172,0.07853981633974483,1.4922565104551517,-0.48138905780250596,0,-0.4508542354804419,rare_mutant_rejected
5,1.5707963267948966,0.0,1.2566370614359172,0.07853981633974483,1.5707963267948966,-0.8267172572859565,0,-0.778306862018546,rare_mutant_rejected
5,1.5707963267948966,0.0,1.2566370614359172,0.15707963267948966,0.0,-6.794261814052286,0,-7.253637343157399,rare_mutant_rejected
5,1.5707963267948966,0.0,1.2566370614359172,0.15707963267948966,0.07853981633974483,-6.466944373413529,0,-6.848505858073103,rare_mutant_rejected
5,1.5707963267948966,0.0,1.2566370614359172,0.15707963267948966,0.15707963267948966,-6.076183676898414,0,-6.374157834543629,rare_mutant_rejected
5,1.5707963267948966,0.0,1.2566370614359172,0.15707963267948966,0.23561944901923448,-5.628292385932318,0,-5.842273295179102,rare_mutant_rejected
5,1.5707963267948966,0.0,1.2566370614359172,0.15707963267948966,0.3141592653589793,-5.131234128151912,0,-5.265949002562265,rare_mutant_rejected
5,1.5707963267948966,0.0,1.2566370614359172,0.15707963267948966,0.39269908169872414,-4.594724696889724,0,-4.659375973487997,rare_mutant_rejected
5,1.5707963267948966,0.0,1.2566370614359172,0.15707963267948966,0.47123889803846897,-4.030248377026975,0,-4.037490049032593,rare_mutant_rejected
5,1.5707963267948966,0.0,1.2566370614359172,0.15707963267948966,0.5497787143782138,-3.4509622727864766,0,-3.415604124577177,rare_mutant_rejected
5,1.5707963267948966,0.0,1.2566370614359172,0.15707963267948966,0.6283185307179586,-2.8714688569827835,0,-2.8090310955029203,rare_mutant_rejected
5,1.5707963267948966,0.0,1.2566370614359172,0.15707963267948966,0.7068583470577035,-2.3074477422954285,0,-2.2327068028860726,rare_mutant_rejected
5,1.5707963267948966,0.0,1.2566370614359172,0.15707963267948966,0.7853981633974483,-1.7751512096384818,0,-1.7008222635215517,rare_mutant_rejected
5,1.5707963267948966,0.0,1.2566370614359172,0.15707963267948966,0.8639379797371931,-1.2907830851023743,0,-1.226474239992072,rare_mutant_rejected
5,1.5707963267948966,0.0,1.2566370614359172,0.15707963267948966,0.9424777960769379,-0.8697954407107744,0,-0.8213427549077803,rare_mutant_rejected
5,1.5707963267948966,0.0,1.2566370614359172,0.15707963267948966,1.0210176124166828,-0.5261503459201009,0,-0.4954034899857529,rare_mutant_rejected
5,1.5707963267948966,0.0,1.2566370614359172,0.15707963267948966,1.0995574287564276,-0.27160258195744014,0,-0.25668215165877584,rare_mutant_rejected
5,1.5707963267948966,0.0,1.2566370614359172,0.15707963267948966,1.1780972450961724,-0.11506227474507469,0,-0.11105685154716127,rare_mutant_rejected
5,1.5707963267948966,0.0,1.2566370614359172,0.15707963267948966,1.2566370614359172,-0.062092902075919554,0,-0.06211336784231314,rare_mutant_rejected
5,1.5707963267948966,0.0,1.2566370614359172,0.15707963267948966,1.335176877775662,-0.1145900798616335,0,-0.11105685154715772,rare_mutant_rejected
5,1.5707963267948966,0.0,1.2566370614359172,0.15707963267948966,1.413716694115407,-0.27067089351532125,0,-0.2566821516587776,rare_mutant_rejected
5,1.5707963267948966,0.0,1.2566370614359172,0.15707963267948966,1.4922565104551517,-0.5247841451984279,0,-0.4954034899857529,rare_mutant_rejected
5,1.5707963267948966,0.0,1.2566370614359172,0.15707963267948966,1.5707963267948966,-0.8680311679729247,0,-0.8213427549077785,rare_mutant_rejected
5,1.5707963267948966,0.0,1.2566370614359172,0.23561944901923448,0.0,-6.815266637900913,0,-7.275497509760104,rare_mutant_rejected
5,1.5707963267948966,0.0,1.2566370614359172,0.23561944901923448,0.07853981633974483,-6.490584280138022,0,-6.873488231611876,rare_mutant_rejected
5,1.5707963267948966,0.0,1.2566370614359172,0.23561944901923448,0.15707963267948966,-6.102956880032977,0,-6.402795842718808,rare_mutant_rejected
5,1.5707963267948966,0.0,1.2566370614359172,0.23561944901923448,0.23561944901923448,-5.658670701397446,0,-5.875010351833923,rare_mutant_rejected
5,1.5707963267948966,0.0,1.2566370614359172,0.23561944901923448,0.3141592653589793,-5.165648012798816,0,-5.303127589362433,rare_mutant_rejected
5,1.5707963267948966,0.0,1.2566370614359172,0.23561944901923448,0.39269908169872414,-4.633544731059968,0,-4.701229206886451,rare_mutant_rejected
5,1.5707963267948966,0.0,1.2566370614359172,0.23561944901923448,0.47123889803846897,-4.0737641636926964,0,-4.0841359401687445,rare_mutant_rejected
5,1.5707963267948966,0.0,1.2566370614359172,0.23561944901923448,0.5497787143782138,-3.499360223702949,0,-3.4670426734510364,rare_mutant_rejected
5,1.5707963267948966,0.0,1.2566370614359172,0.23561944901923448,0.6283185307179586,-2.924810753976937,0,-2.8651442909750475,rare_mutant_rejected
5,1.5707963267948966,0.0,1.2566370614359172,0.23561944901923448,0.7068583470577035,-2.36565223358115,0,-2.293261528503562,rare_mutant_rejected
5,1.5707963267948966,0.0,1.2566370614359172,0.23561944901923448,0.7853981633974483,-1.8379804666350967,0,-1.7654760376186776,rare_mutant_rejected
5,1.5707963267948966,0.0,1.2566370614359172,0.23561944901923448,0.8639379797371931,-1.3578366618209596,0,-1.294783648725609,rare_mutant_rejected
5,1.5707963267948966,0.0,1.2566370614359172,0.23561944901923448,0.9424777960769379,-0.940512931293723,0,-0.8927743705773707,rare_mutant_rejected
5,1.5707963267948966,0.0,1.2566370614359172,0.23561944901923448,1.0210176124166828,-0.5998237490309943,0,-0.5693470057943006,rare_mutant_rejected
5,1.5707963267948966,0.0,1.2566370614359172,0.23561944901923448,1.0995574287564276,-0.347398415022127,0,-0.33246540949121517,rare_mutant_rejected
5,1.5707963267948966,0.0,1.2566370614359172,0.23561944901923448,1.1780972450961724,-0.19205253209972817,0,-0.18796239273405213,rare_mutant_rejected
5,1.5707963267948966,0.0,1.2566370614359172,0.23561944901923448,1.2566370614359172,-0.13929303621613087,0,-0.1393960993733927,rare_mutant_rejected
5,1.5707963267948966,0.0,1.2566370614359172,0.23561944901923448,1.335176877775662,-0.19100142566991174,0,-0.1879623927340539,rare_mutant_rejected
5,1.5707963267948966,0.0,1.2566370614359172,0.23561944901923448,1.413716694115407,-0.3453244572070808,0,-0.3324654094912116,rare_mutant_rejected
5,1.5707963267948966,0.0,1.2566370614359172,0.23561944901923448,1.4922565104551517,-0.5967825142849978,0,-0.5693470057942918,rare_mutant_rejected
5,1.5707963267948966,0.0,1.2566370614359172,0.23561944901923448,1.5707963267948966,-0.9365854904041715,0,-0.8927743705773725,rare_mutant_rejected
5,1.5707963267948966,0.0,1.2566370614359172,0.3141592653589793,0.0,-6.844499671817529,0,-7.305912824038346,rare_mutant_rejected
5,1.5707963267948966,0.0,1.2566370614359172,0.3141592653589793,0.07853981633974483,-6.5234807509681545,0,-6.908247653001839,rare_mutant_rejected
5,1.5707963267948966,0.0,1.2566370614359172,0.3141592653589793,0.15707963267948966,-6.140209751227694,0,-6.442641560035666,rare_mutant_rejected
5,1.5707963267948966,0.0,1.2566370614359172,0.3141592653589793,0.23561944901923448,-5.7009356340608095,0,-5.920559312406698,rare_mutant_rejected
5,1.5707963267948966,0.0,1.2566370614359172,0.3141592653589793,0.3141592653589793,-5.2135225961739735,0,-5.354856307743193,rare_mutant_rejected
5,1.5707963267948966,0.0,1.2566370614359172,0.3141592653589793,0.39269908169872414,-4.687542837472804,0,-4.759462031480609,rare_mutant_rejected
5,1.5707963267948966,0.0,1.2566370614359172,0.3141592653589793,0.47123889803846897,-4.1342867763345,0,-4.149037066700824,rare_mutant_rejected
5,1.5707963267948966,0.0,1.2566370614359172,0.3141592653589793,0.5497787143782138,-3.566664770238731,0,-3.53861210192105,rare_mutant_rejected
5,1.5707963267948966,0.0,1.2566370614359172,0.3141592653589793,0.6283185307179586,-2.998981551863185,0,-2.9432178256584542,rare_mutant_rejected
5,1.5707963267948966,0.0,1.2566370614359172,0.3141592653589793,0.7068583470577035,-2.446575023971077,0,-2.377514820994957,rare_mutant_rejected
5,1.5707963267948966,0.0,1.2566370614359172,0.3141592653589793,0.7853981633974483,-1.9253241004273463,0,-1.8554325733659809,rare_mutant_rejected
5,1.5707963267948966,0.0,1.2566370614359172,0.3141592653589793,0.8639379797371931,-1.4510447454755848,0,-1.3898264803998206,rare_mutant_rejected
5,1.5707963267948966,0.0,1.2566370614359172,0.3141592653589793,0.9424777960769379,-1.038807622742615,0,-0.9921613093633024,rare_mutant_rejected
5,1.5707963267948966,0.0,1.2566370614359172,0.3141592653589793,1.0210176124166828,-0.7022229469719719,0,-0.6722288965424053,rare_mutant_rejected
5,1.5707963267948966,0.0,1.2566370614359172,0.3141592653589793,1.0995574287564276,-0.4527463930500506,0,-0.43790703973556866,rare_mutant_rejected
5,1.5707963267948966,0.0,1.2566370614359172,0.3141592653589793,1.1780972450961724,-0.29906276385074904,0,-0.2949655207270503,rare_mutant_rejected
5,1.5707963267948966,0.0,1.2566370614359172,0.3141592653589793,1.2566370614359172,-0.24660070002770063,0,-0.24692403411052055,rare_mutant_rejected
5,1.5707963267948966,0.0,1.2566370614359172,0.3141592653589793,1.335176877775662,-0.29722203375572676,0,-0.29496552072704674,rare_mutant_rejected
5,1.5707963267948966,0.0,1.2566370614359172,0.3141592653589793,1.413716694115407,-0.4491143698011779,0,-0.43790703973556866,rare_mutant_rejected
5,1.5707963267948966,0.0,1.2566370614359172,0.3141592653589793,1.4922565104551517,-0.6968968716301465,0,-0.6722288965424053,rare_mutant_rejected
5,1.5707963267948966,0.0,1.2566370614359172,0.3141592653589793,1.5707963267948966,-1.0319293585901619,0,-0.9921613093633024,rare_mutant_rejected
5,1.5707963267948966,0.0,1.2566370614359172,0.39269908169872414,0.0,-6.881788251235151,0,-7.344695765465483,rare_mutant_rejected
5,1.5707963267948966,0.0,1.2566370614359172,0.39269908169872414,0.07853981633974483,-6.5654357181753324,0,-6.952569818851436,rare_mutant_rejected
5,1.5707963267948966,0.0,1.2566370614359172,0.39269908169872414,0.15707963267948966,-6.187714323922347,0,-6.493449324396909,rare_mutant_rejected
5,1.5707963267948966,0.0,1.2566370614359172,0.39269908169872414,0.23561944901923448,-5.754824496639185,0,-5.978639352408937,rare_mutant_rejected
5,1.5707963267948966,0.0,1.2566370614359172,0.39269908169872414,0.3141592653589793,-5.2745554965617405,0,-5.420816232954198,rare_mutant_rejected
5,1.5707963267948966,0.0,1.2566370614359172,0.39269908169872414,0.39269908169872414,-4.756372088783517,0,-4.833715422542472,rare_mutant_rejected
5,1.5707963267948966,0.0,1.2566370614359172,0.39269908169872414,0.47123889803846897,-4.211420374393924,0,-4.231793291601966,rare_mutant_rejected
5,1.5707963267948966,0.0,1.2566370614359172,0.39269908169872414,0.5497787143782138,-3.6524276973126852,0,-3.6298711606614606,rare_mutant_rejected
5,1.5707963267948966,0.0,1.2566370614359172,0.39269908169872414,0.6283185307179586,-3.093478553565868,0,-3.0427703502497288,rare_mutant_rejected
5,1.5707963267948966,0.0,1.2566370614359172,0.39269908169872414,0.7068583470577035,-2.549658607457676,0,-2.484947230795001,rare_mutant_rejected
5,1.5707963267948966,0.0,1.2566370614359172,0.39269908169872414,0.7853981633974483,-2.0365716048891116,0,-1.970137258807025,rare_mutant_rejected
5,1.5707963267948966,0.0,1.2566370614359172,0.39269908169872414,0.8639379797371931,-1.5697480084548268,0,-1.5110167643524974,rare_mutant_rejected
5,1.5707963267948966,0.0,1.2566370614359172,0.39269908169872414,0.9424777960769379,-1.163977985318919,0,-1.1188908177384427,rare_mutant_rejected
5,1.5707963267948966,0.0,1.2566370614359172,0.39269908169872414,1.0210176124166828,-0.8326131479091039,0,-0.8034148611619276,rare_mutant_rejected
5,1.5707963267948966,0.0,1.2566370614359172,0.39269908169872414,1.0995574287564276,-0.58688940355451,0,-0.5723569596784959,rare_mutant_rejected
5,1.5707963267948966,0.0,1.2566370614359172,0.39269908169872414,1.1780972450961724,-0.43532597548328233,0,-0.4314065256599271,rare_mutant_rejected
5,1.5707963267948966,0.0,1.2566370614359172,0.39269908169872414,1.2566370614359172,-0.3832523001829351,0,-0.38403422657939323,rare_mutant_rejected
5,1.5707963267948966,0.0,1.2566370614359172,0.39269908169872414,1.335176877775662,-0.43250509430673034,0,-0.4314065256599271,rare_mutant_rejected
5,1.5707963267948966,0.0,1.2566370614359172,0.39269908169872414,1.413716694115407,-0.5813233159602067,0,-0.5723569596784976,rare_mutant_rejected
5,1.5707963267948966,0.0,1.2566370614359172,0.39269908169872414,1.4922565104551517,-0.8244507122685238,0,-0.8034148611619205,rare_mutant_rejected
5,1.5707963267948966,0.0,1.2566370614359172,0.39269908169872414,1.5707963267948966,-1.1534363883867496,0,-1.1188908177384427,rare_mutant_rejected
5,1.5707963267948966,0.0,1.2566370614359172,0.47123889803846897,0.0,-6.92691188494854,0,-7.391607224310977,rare_mutant_rejected
5,1.5707963267948966,0.0,1.2566370614359172,0.47123889803846897,0.07853981633974483,-6.616196419284879,0,-7.006181468269592,rare_mutant_rejected
5,1.5707963267948966,0.0,1.2566370614359172,0.47123889803846897,0.15707963267948966,-6.24517984070646,0,-6.554905889039944,rare_mutant_rejected
5,1.5707963267948966,0.0,1.2566370614359172,0.47123889803846897,0.23561944901923448,-5.820002420904304,0,-6.048892389080436,rare_mutant_rejected
5,1.5707963267948966,0.0,1.2566370614359172,0.47123889803846897,0.3141592653589793,-5.348361448022964,0,-5.500600700122611,rare_mutant_rejected
5,1.5707963267948966,0.0,1.2566370614359172,0.47123889803846897,0.39269908169872414,-4.839590709045104,0,-4.923531583224383,rare_mutant_rejected
5,1.5707963267948966,0.0,1.2566370614359172,0.47123889803846897,0.47123889803846897,-4.3046611873915905,0,-4.331894395226402,rare_mutant_rejected
5,1.5707963267948966,0.0,1.2566370614359172,0.47123889803846897,0.5497787143782138,-3.756078912094729,0,-3.740257207228412,rare_mutant_rejected
5,1.5707963267948966,0.0,1.2566370614359172,0.47123889803846897,0.6283185307179586,-3.2076627314981057,0,-3.163188090330186,rare_mutant_rejected
5,1.5707963267948966,0.0,1.2566370614359172,0.47123889803846897,0.7068583470577035,-2.6741946560392904,0,-2.6148964013723557,rare_mutant_rejected
5,1.5707963267948966,0.0,1.2566370614359172,0.47123889803846897,0.7853981633974483,-2.1709476736641165,0,-2.1088829014128585,rare_mutant_rejected
5,1.5707963267948966,0.0,1.2566370614359172,0.47123889803846897,0.8639379797371931,-1.7131094648034466,0,-1.657607322183198,rare_mutant_rejected
5,1.5707963267948966,0.0,1.2566370614359172,0.47123889803846897,0.9424777960769379,-1.3151337139275974,0,-1.2721815661418177,rare_mutant_rejected
5,1.5707963267948966,0.0,1.2566370614359172,0.47123889803846897,1.0210176124166828,-0.990061996592912,0,-0.962096094557193,rare_mutant_rejected
5,1.5707963267948966,0.0,1.2566370614359172,0.47123889803846897,1.0995574287564276,-0.7488668173433304,0,-0.7349862408544077,rare_mutant_rejected
5,1.5707963267948966,0.0,1.2566370614359172,0.47123889803846897,1.1780972450961724,-0.5998689158328414,0,-0.5964442033660209,rare_mutant_rejected
5,1.5707963267948966,0.0,1.2566370614359172,0.47123889803846897,1.2566370614359172,-0.548278675268671,0,-0.5498813468496699,rare_mutant_rejected
5,1.5707963267948966,0.0,1.2566370614359172,0.47123889803846897,1.335176877775662,-0.5959023755618169,0,-0.5964442033660209,rare_mutant_rejected
5,1.5707963267948966,0.0,1.2566370614359172,0.47123889803846897,1.413716694115407,-0.7410399988147152,0,-0.7349862408544059,rare_mutant_rejected
5,1.5707963267948966,0.0,1.2566370614359172,0.47123889803846897,1.4922565104551517,-0.9785839398531575,0,-0.9620960945571859,rare_mutant_rejected
5,1.5707963267948966,0.0,1.2566370614359172,0.47123889803846897,1.5707963267948966,-1.3003094455994813,0,-1.2721815661418194,rare_mutant_rejected
5,1.5707963267948966,0.0,1.2566370614359172,0.5497787143782138,0.0,-6.979603382926428,0,-7.4463579758314,rare_mutant_rejected
5,1.5707963267948966,0.0,1.2566370614359172,0.5497787143782138,0.07853981633974483,-6.675456809947638,0,-7.0687520676099656,rare_mutant_rejected
5,1.5707963267948966,0.0,1.2566370614359172,0.5497787143782138,0.15707963267948966,-6.3122544928898785,0,-6.626632353807368,rare_mutant_rejected
5,1.5707963267948966,0.0,1.2566370614359172,0.5497787143782138,0.23561944901923448,-5.896064484971213,0,-6.130885289088626,rare_mutant_rejected
5,1.5707963267948966,0.0,1.2566370614359172,0.5497787143782138,0.3141592653589793,-5.434474893532445,0,-5.59371781147731,rare_mutant_rejected
5,1.5707963267948966,0.0,1.2566370614359172,0.5497787143782138,0.39269908169872414,-4.936665222753035,0,-5.028356767028843,rare_mutant_rejected
5,1.5707963267948966,0.0,1.2566370614359172,0.5497787143782138,0.47123889803846897,-4.413401313844617,0,-4.448723220983292,rare_mutant_rejected
5,1.5707963267948966,0.0,1.2566370614359172,0.5497787143782138,0.5497787143782138,-3.876930980260063,0,-3.869089674937726,rare_mutant_rejected
5,1.5707963267948966,0.0,1.2566370614359172,0.5497787143782138,0.6283185307179586,-3.34076407016277,0,-3.303728630489264,rare_mutant_rejected
5,1.5707963267948966,0.0,1.2566370614359172,0.5497787143782138,0.7068583470577035,-2.8193302069370727,0,-2.766561152877948,rare_mutant_rejected
5,1.5707963267948966,0.0,1.2566370614359172,0.5497787143782138,0.7853981633974483,-2.327519228387958,0,-2.2708140881592165,rare_mutant_rejected
5,1.5707963267948966,0.0,1.2566370614359172,0.5497787143782138,0.8639379797371931,-1.8801222855357551,0,-1.8286943743566084,rare_mutant_rejected
5,1.5707963267948966,0.0,1.2566370614359172,0.5497787143782138,0.9424777960769379,-1.4912042220331543,0,-1.4510884661351753,rare_mutant_rejected
5,1.5707963267948966,0.0,1.2566370614359172,0.5497787143782138,1.0210176124166828,-1.173448584744877,0,-1.147294274157474,rare_mutant_rejected
5,1.5707963267948966,0.0,1.2566370614359172,0.5497787143782138,1.0995574287564276,-0.9375238061961007,0,-0.9247922196651253,rare_mutant_rejected
5,1.5707963267948966,0.0,1.2566370614359172,0.5497787143782138,1.1780972450961724,-0.7915214578220144,0,-0.7890610416816877,rare_mutant_rejected
5,1.5707963267948966,0.0,1.2566370614359172,0.5497787143782138,1.2566370614359172,-0.7405142766771888,0,-0.7434428922751053,rare_mutant_rejected
5,1.5707963267948966,0.0,1.2566370614359172,0.5497787143782138,1.335176877775662,-0.786272942375918,0,-0.789061041681693,rare_mutant_rejected
5,1.5707963267948966,0.0,1.2566370614359172,0.5497787143782138,1.413716694115407,-0.9271671538765833,0,-0.9247922196651217,rare_mutant_rejected
5,1.5707963267948966,0.0,1.2566370614359172,0.5497787143782138,1.4922565104551517,-1.1582599718952213,0,-1.147294274157474,rare_mutant_rejected
5,1.5707963267948966,0.0,1.2566370614359172,0.5497787143782138,1.5707963267948966,-1.4715866913789295,0,-1.451088466135177,rare_mutant_rejected
5,1.5707963267948966,0.0,1.2566370614359172,0.6283185307179586,0.0,-7.03955023247062,0,-7.508610463437159,rare_mutant_rejected
5,1.5707963267948966,0.0,1.2566370614359172,0.6283185307179586,0.07853981633974483,-6.7428592804693555,0,-7.1398958483207835,rare_mutant_rejected
5,1.5707963267948966,0.0,1.2566370614359172,0.6283185307179586,0.15707963267948966,-6.388527527502908,0,-6.708186501192417,rare_mutant_rejected
5,1.5707963267948966,0.0,1.2566370614359172,0.6283185307179586,0.23561944901923448,-5.982538283443003,0,-6.224112538939551,rare_mutant_rejected
5,1.5707963267948966,0.0,1.2566370614359172,0.6283185307179586,0.3141592653589793,-5.532353110754918,0,-5.699593469062214,rare_mutant_rejected
5,1.5707963267948966,0.0,1.2566370614359172,0.6283185307179586,0.39269908169872414,-5.046974242372212,0,-5.1475446918397845,rare_mutant_rejected
5,1.5707963267948966,0.0,1.2566370614359172,0.6283185307179586,0.47123889803846897,-4.5369332808240115,0,-4.5815594803123165,rare_mutant_rejected
5,1.5707963267948966,0.0,1.2566370614359172,0.6283185307179586,0.5497787143782138,-4.014184559793627,0,-4.01557426878486,rare_mutant_rejected
5,1.5707963267948966,0.0,1.2566370614359172,0.6283185307179586,0.6283185307179586,-3.4918879543863177,0,-3.4635254915624234,rare_mutant_rejected
5,1.5707963267948966,0.0,1.2566370614359172,0.6283185307179586,0.7068583470577035,-2.9840750491074655,0,-2.9390064216850913,rare_mutant_rejected
5,1.5707963267948966,0.0,1.2566370614359172,0.6283185307179586,0.7853981633974483,-2.5052037980869137,0,-2.454932459432216,rare_mutant_rejected
5,1.5707963267948966,0.0,1.2566370614359172,0.6283185307179586,0.8639379797371931,-2.069619106580788,0,-2.02322311230386,rare_mutant_rejected
5,1.5707963267948966,0.0,1.2566370614359172,0.6283185307179586,0.9424777960769379,-1.690948750004603,0,-1.6545084971874733,rare_mutant_rejected
5,1.5707963267948966,0.0,1.2566370614359172,0.6283185307179586,1.0210176124166828,-1.3814741690370234,0,-1.357867591600904,rare_mutant_rejected
5,1.5707963267948966,0.0,1.2566370614359172,0.6283185307179586,1.0995574287564276,-1.1515224248455436,0,-1.1406046791343822,rare_mutant_rejected
5,1.5707963267948966,0.0,1.2566370614359172,0.6283185307179586,1.1780972450961724,-1.0089277579354796,0,-1.008069493747131,rare_mutant_rejected
5,1.5707963267948966,0.0,1.2566370614359172,0.6283185307179586,1.2566370614359172,-0.9586080972471098,0,-0.9635254915624305,rare_mutant_rejected
5,1.5707963267948966,0.0,1.2566370614359172,0.6283185307179586,1.335176877775662,-1.0022935460779099,0,-1.008069493747131,rare_mutant_rejected
5,1.5707963267948966,0.0,1.2566370614359172,0.6283185307179586,1.413716694115407,-1.1384311154817741,0,-1.140604679134384,rare_mutant_rejected
5,1.5707963267948966,0.0,1.2566370614359172,0.6283185307179586,1.4922565104551517,-1.3622742425994598,0,-1.3578675916009004,rare_mutant_rejected
5,1.5707963267948966,0.0,1.2566370614359172,0.6283185307179586,1.5707963267948966,-1.6661488426829223,0,-1.6545084971874733,rare_mutant_rejected
5,1.5707963267948966,0.0,1.2566370614359172,0.7068583470577035,0.0,-7.1063962209141875,0,-7.577980879841115,rare_mutant_rejected
5,1.5707963267948966,0.0,1.2566370614359172,0.7068583470577035,0.07853981633974483,-6.81799666961643,0,-7.2191741853362545,rare_mutant_rejected
5,1.5707963267948966,0.0,1.2566370614359172,0.7068583470577035,0.15707963267948966,-6.473531710308187,0,-6.799065522756964,rare_mutant_rejected
5,1.5707963267948966,0.0,1.2566370614359172,0.7068583470577035,0.23561944901923448,-6.07888692287069,0,-6.3279993616366585,rare_mutant_rejected
5,1.5707963267948966,0.0,1.2566370614359172,0.7068583470577035,0.3141592653589793,-5.641379845095866,0,-5.817574914241084,rare_mutant_rejected
5,1.5707963267948966,0.0,1.2566370614359172,0.7068583470577035,0.39269908169872414,-5.16981285894485,0,-5.2803605244667295,rare_mutant_rejected
5,1.5707963267948966,0.0,1.2566370614359172,0.7068583470577035,0.47123889803846897,-4.674455316171157,0,-4.7295841935021885,rare_mutant_rejected
5,1.5707963267948966,0.0,1.2566370614359172,0.7068583470577035,0.5497787143782138,-4.166934669195035,0,-4.178807862537641,rare_mutant_rejected
5,1.5707963267948966,0.0,1.2566370614359172,0.7068583470577035,0.6283185307179586,-3.660022522586175,0,-3.6415934727632866,rare_mutant_rejected
5,1.5707963267948966,0.0,1.2566370614359172,0.7068583470577035,0.7068583470577035,-3.167310209421297,0,-3.1311690253677096,rare_mutant_rejected
5,1.5707963267948966,0.0,1.2566370614359172,0.7068583470577035,0.7853981633974483,-2.702779130599474,0,-2.6601028642474063,rare_mutant_rejected
5,1.5707963267948966,0.0,1.2566370614359172,0.7068583470577035,0.8639379797371931,-2.2802826915851835,0,-2.2399942016681145,rare_mutant_rejected
5,1.5707963267948966,0.0,1.2566370614359172,0.7068583470577035,0.9424777960769379,-1.9129679339928298,0,-1.8811875071632578,rare_mutant_rejected
5,1.5707963267948966,0.0,1.2566370614359172,0.7068583470577035,1.0210176124166828,-1.6126744307566376,0,-1.5925177923626848,rare_mutant_rejected
5,1.5707963267948966,0.0,1.2566370614359172,0.7068583470577035,1.0995574287564276,-1.389354284893269,0,-1.3810930636846468,rare_mutant_rejected
5,1.5707963267948966,0.0,1.2566370614359172,0.7068583470577035,1.1780972450961724,-1.2505590222254899,0,-1.252119299627628,rare_mutant_rejected
5,1.5707963267948966,0.0,1.2566370614359172,0.7068583470577035,1.2566370614359172,-1.2010361827815963,0,-1.2087722623021246,rare_mutant_rejected
5,1.5707963267948966,0.0,1.2566370614359172,0.7068583470577035,1.335176877775662,-1.2424705351874632,0,-1.2521192996276334,rare_mutant_rejected
5,1.5707963267948966,0.0,1.2566370614359172,0.7068583470577035,1.413716694115407,-1.3733928061584244,0,-1.381093063684645,rare_mutant_rejected
5,1.5707963267948966,0.0,1.2566370614359172,0.7068583470577035,1.4922565104551517,-1.5892639996281126,0,-1.5925177923626794,rare_mutant_rejected
5,1.5707963267948966,0.0,1.2566370614359172,0.7068583470577035,1.5707963267948966,-1.8827275734585225,0,-1.8811875071632578,rare_mutant_rejected
5,1.5707963267948966,0.0,1.2566370614359172,0.7853981633974483,0.0,-7.179743302340989,0,-7.654041533358129,rare_mutant_rejected
5,1.5707963267948966,0.0,1.2566370614359172,0.7853981633974483,0.07853981633974483,-6.900414567992377,0,-7.30609830134596,rare_mutant_rejected
5,1.5707963267948966,0.0,1.2566370614359172,0.7853981633974483,0.15707963267948966,-6.566746131395313,0,-6.898709119112719,rare_mutant_rejected
5,1.5707963267948966,0.0,1.2566370614359172,0.7853981633974483,0.23561944901923448,-6.184512422141116,0,-6.441905260372165,rare_mutant_rejected
5,1.5707963267948966,0.0,1.2566370614359172,0.7853981633974483,0.3141592653589793,-5.7608694207666025,0,-5.9469347521715825,rare_mutant_rejected
5,1.5707963267948966,0.0,1.2566370614359172,0.7853981633974483,0.39269908169872414,-5.304397595163122,0,-5.425985411135799,rare_mutant_rejected
5,1.5707963267948966,0.0,1.2566370614359172,0.7853981633974483,0.47123889803846897,-4.825077278568213,0,-4.891884738972865,rare_mutant_rejected
5,1.5707963267948966,0.0,1.2566370614359172,0.7853981633974483,0.5497787143782138,-4.334177718221744,0,-4.35778406680993,rare_mutant_rejected
5,1.5707963267948966,0.0,1.2566370614359172,0.7853981633974483,0.6283185307179586,-3.8440468936410284,0,-3.8368347257741497,rare_mutant_rejected
5,1.5707963267948966,0.0,1.2566370614359172,0.7853981633974483,0.7068583470577035,-3.367797425791224,0,-3.3418642175735638,rare_mutant_rejected
5,1.5707963267948966,0.0,1.2566370614359172,0.7853981633974483,0.7853981633974483,-2.9188939015058946,0,-2.8850603588330177,rare_mutant_rejected
5,1.5707963267948966,0.0,1.2566370614359172,0.7853981633974483,0.8639379797371931,-2.5106577943068213,0,-2.477671176599774,rare_mutant_rejected
5,1.5707963267948966,0.0,1.2566370614359172,0.7853981633974483,0.9424777960769379,-2.1557166621217014,0,-2.129727944587602,rare_mutant_rejected
5,1.5707963267948966,0.0,1.2566370614359172,0.7853981633974483,1.0210176124166828,-1.8654330905618792,0,-1.8497981799260312,rare_mutant_rejected
5,1.5707963267948966,0.0,1.2566370614359172,0.7853981633974483,1.0995574287564276,-1.649354626846156,0,-1.6447746824546456,rare_mutant_rejected
5,1.5707963267948966,0.0,1.2566370614359172,0.7853981633974483,1.1780972450961724,-1.514727685149854,0,-1.519705811115168,rare_mutant_rejected
5,1.5707963267948966,0.0,1.2566370614359172,0.7853981633974483,1.2566370614359172,-1.4661155408016633,0,-1.4776711765997703,rare_mutant_rejected
5,1.5707963267948966,0.0,1.2566370614359172,0.7853981633974483,1.335176877775662,-1.5051531172716555,0,-1.519705811115168,rare_mutant_rejected
5,1.5707963267948966,0.0,1.2566370614359172,0.7853981633974483,1.413716694115407,-1.6304600022203282,0,-1.6447746824546474,rare_mutant_rejected
5,1.5707963267948966,0.0,1.2566370614359172,0.7853981633974483,1.4922565104551517,-1.8377192768062098,0,-1.849798179926026,rare_mutant_rejected
5,1.5707963267948966,0.0,1.2566370614359172,0.7853981633974483,1.5707963267948966,-2.119914971078815,0,-2.1297279445876036,rare_mutant_rejected
5,1.5707963267948966,0.0,1.2566370614359172,0.8639379797371931,0.0,-7.259153704929691,0,-7.736323484766535,rare_mutant_rejected
5,1.5707963267948966,0.0,1.2566370614359172,0.8639379797371931,0.07853981633974483,-6.989613901886152,0,-7.400132280269498,rare_mutant_rejected
5,1.5707963267948966,0.0,1.2566370614359172,0.8639379797371931,0.15707963267948966,-6.667599337955252,0,-7.006502954353289,rare_mutant_rejected
5,1.5707963267948966,0.0,1.2566370614359172,0.8639379797371931,0.23561944901923448,-6.298759494725839,0,-6.565127967402802,rare_mutant_rejected
5,1.5707963267948966,0.0,1.2566370614359172,0.8639379797371931,0.3141592653589793,-5.8900712970439635,0,-6.086875436436349,rare_mutant_rejected
5,1.5707963267948966,0.0,1.2566370614359172,0.8639379797371931,0.39269908169872414,-5.449871875645876,0,-5.5835215259954945,rare_mutant_rejected
5,1.5707963267948966,0.0,1.2566370614359172,0.8639379797371931,0.47123889803846897,-4.987827184713188,0,-5.067460479891121,rare_mutant_rejected
5,1.5707963267948966,0.0,1.2566370614359172,0.8639379797371931,0.5497787143782138,-4.51481922186657,0,-4.551399433786753,rare_mutant_rejected
5,1.5707963267948966,0.0,1.2566370614359172,0.8639379797371931,0.6283185307179586,-4.0427401668460465,0,-4.0480455233458885,rare_mutant_rejected
5,1.5707963267948966,0.0,1.2566370614359172,0.8639379797371931,0.7068583470577035,-3.58418948371912,0,-3.569792992379446,rare_mutant_rejected
5,1.5707963267948966,0.0,1.2566370614359172,0.8639379797371931,0.7853981633974483,-3.152079373535143,0,-3.1284180054289497,rare_mutant_rejected
5,1.5707963267948966,0.0,1.2566370614359172,0.8639379797371931,0.8639379797371931,-2.7591640512336877,0,-2.7347886795127465,rare_mutant_rejected
5,1.5707963267948966,0.0,1.2566370614359172,0.8639379797371931,0.9424777960769379,-2.4175180293297327,0,-2.3985974750157038,rare_mutant_rejected
5,1.5707963267948966,0.0,1.2566370614359172,0.8639379797371931,1.0210176124166828,-2.137996675283537,0,-2.1281225351471953,rare_mutant_rejected
5,1.5707963267948966,0.0,1.2566370614359172,0.8639379797371931,1.0995574287564276,-1.929717579435426,0,-1.9300238505816285,rare_mutant_rejected
5,1.5707963267948966,0.0,1.2566370614359172,0.8639379797371931,1.1780972450961724,-1.7996027904423464,0,-1.8091792683848702,rare_mutant_rejected
5,1.5707963267948966,0.0,1.2566370614359172,0.8639379797371931,1.2566370614359172,-1.752019244247533,0,-1.768564383230748,rare_mutant_rejected
5,1.5707963267948966,0.0,1.2566370614359172,0.8639379797371931,1.335176877775662,-1.7885477865713622,0,-1.8091792683848649,rare_mutant_rejected
5,1.5707963267948966,0.0,1.2566370614359172,0.8639379797371931,1.413716694115407,-1.907900714732202,0,-1.9300238505816285,rare_mutant_rejected
5,1.5707963267948966,0.0,1.2566370614359172,0.8639379797371931,1.4922565104551517,-2.1059949125603534,0,-2.1281225351471935,rare_mutant_rejected
5,1.5707963267948966,0.0,1.2566370614359172,0.8639379797371931,1.5707963267948966,-2.3761739526212615,0,-2.3985974750157,rare_mutant_rejected
5,1.5707963267948966,0.0,1.2566370614359172,0.9424777960769379,0.0,-7.344152274467745,0,-7.824319438474376,rare_mutant_rejected
5,1.5707963267948966,0.0,1.2566370614359172,0.9424777960769379,0.07853981633974483,-7.085053787030443,0,-7.50069637135733,rare_mutant_rejected
5,1.5707963267948966,0.0,1.2566370614359172,0.9424777960769379,0.15707963267948966,-6.77547277690325,0,-7.1217824436393276,rare_mutant_rejected
5,1.5707963267948966,0.0,1.2566370614359172,0.9424777960769379,0.23561944901923448,-6.420919687232035,0,-6.696907773764014,rare_mutant_rejected
5,1.5707963267948966,0.0,1.2566370614359172,0.9424777960769379,0.3141592653589793,-6.028175033721186,0,-6.236534186181903,rare_mutant_rejected
5,1.5707963267948966,0.0,1.2566370614359172,0.9424777960769379,0.39269908169872414,-5.605311965143474,0,-5.751997606511612,rare_mutant_rejected
5,1.5707963267948966,0.0,1.2566370614359172,0.9424777960769379,0.47123889803846897,-5.161658267869054,0,-5.255228933429328,rare_mutant_rejected
5,1.5707963267948966,0.0,1.2566370614359172,0.9424777960769379,0.5497787143782138,-4.707682112211361,0,-4.758460260347048,rare_mutant_rejected
5,1.5707963267948966,0.0,1.2566370614359172,0.9424777960769379,0.6283185307179586,-4.254791087239333,0,-4.27392368067675,rare_mutant_rejected
5,1.5707963267948966,0.0,1.2566370614359172,0.9424777960769379,0.7068583470577035,-3.8150412843854244,0,-3.813550093094646,rare_mutant_rejected
5,1.5707963267948966,0.0,1.2566370614359172,0.9424777960769379,0.7853981633974483,-3.4007618499619205,0,-3.3886754232193326,rare_mutant_rejected
5,1.5707963267948966,0.0,1.2566370614359172,0.9424777960769379,0.8639379797371931,-3.0241097246069426,0,-3.0097614955013317,rare_mutant_rejected
5,1.5707963267948966,0.0,1.2566370614359172,0.9424777960769379,0.9424777960769379,-2.6965781909054076,0,-2.686138428384277,rare_mutant_rejected
5,1.5707963267948966,0.0,1.2566370614359172,0.9424777960769379,1.0210176124166828,-2.428490221807426,0,-2.4257748958239915,rare_mutant_rejected
5,1.5707963267948966,0.0,1.2566370614359172,0.9424777960769379,1.0995574287564276,-2.2285123830776765,0,-2.23508191208912,rare_mutant_rejected
5,1.5707963267948966,0.0,1.2566370614359172,0.9424777960769379,1.1780972450961724,-2.103226350807107,0,-2.11875497131296,rare_mutant_rejected
5,1.5707963267948966,0.0,1.2566370614359172,0.9424777960769379,1.2566370614359172,-2.056792515615946,0,-2.0796584288443825,rare_mutant_rejected
5,1.5707963267948966,0.0,1.2566370614359172,0.9424777960769379,1.335176877775662,-2.090733720283044,0,-2.11875497131296,rare_mutant_rejected
5,1.5707963267948966,0.0,1.2566370614359172,0.9424777960769379,1.413716694115407,-2.203857514021985,0,-2.2350819120891288,rare_mutant_rejected
5,1.5707963267948966,0.0,1.2566370614359172,0.9424777960769379,1.4922565104551517,-2.3923234739619836,0,-2.4257748958239915,rare_mutant_rejected
5,1.5707963267948966,0.0,1.2566370614359172,0.9424777960769379,1.5707963267948966,-2.649849536947075,0,-2.686138428384279,rare_mutant_rejected
5,1.5707963267948966,0.0,1.2566370614359172,1.0210176124166828,0.0,-7.434229048340216,0,-7.91748687016542,rare_mutant_rejected
5,1.5707963267948966,0.0,1.2566370614359172,1.0210176124166828,0.07853981633974483,-7.1861546401773975,0,-7.6071705635469495,rare_mutant_rejected
5,1.5707963267948966,0.0,1.2566370614359172,1.0210176124166828,0.15707963267948966,-6.889704528146231,0,-7.243836850585068,rare_mutant_rejected
5,1.5707963267948966,0.0,1.2566370614359172,1.0210176124166828,0.23561944901923448,-6.5502358464102075,0,-6.836432213128355,rare_mutant_rejected
5,1.5707963267948966,0.0,1.2566370614359172,1.0210176124166828,0.3141592653589793,-6.174315626969027,0,-6.39498830544947,rare_mutant_rejected
5,1.5707963267948966,0.0,1.2566370614359172,1.0210176124166828,0.39269908169872414,-5.769733322054433,0,-5.930374941623804,rare_mutant_rejected
5,1.5707963267948966,0.0,1.2566370614359172,1.0210176124166828,0.47123889803846897,-5.3454564981026715,0,-5.454032444632086,rare_mutant_rejected
5,1.5707963267948966,0.0,1.2566370614359172,1.0210176124166828,0.5497787143782138,-4.911515558211214,0,-4.97768994764037,rare_mutant_rejected
5,1.5707963267948966,0.0,1.2566370614359172,1.0210176124166828,0.6283185307179586,-4.478808263382525,0,-4.513076583814694,rare_mutant_rejected
5,1.5707963267948966,0.0,1.2566370614359172,1.0210176124166828,0.7068583470577035,-4.058821506632502,0,-4.071632676135811,rare_mutant_rejected
5,1.5707963267948966,0.0,1.2566370614359172,1.0210176124166828,0.7853981633974483,-3.6632757592445966,0,-3.664228038679102,rare_mutant_rejected
5,1.5707963267948966,0.0,1.2566370614359172,1.0210176124166828,0.8639379797371931,-3.3037061093598457,0,-3.3008943257172163,rare_mutant_rejected
5,1.5707963267948966,0.0,1.2566370614359172,1.0210176124166828,0.9424777960769379,-2.991001907774251,0,-2.990578019098745,rare_mutant_rejected
5,1.5707963267948966,0.0,1.2566370614359172,1.0210176124166828,1.0210176124166828,-2.7349336958430754,0,-2.7409201361734095,rare_mutant_rejected
5,1.5707963267948966,0.0,1.2566370614359172,1.0210176124166828,1.0995574287564276,-2.543700346926201,0,-2.5580680825858373,rare_mutant_rejected
5,1.5707963267948966,0.0,1.2566370614359172,1.0210176124166828,1.1780972450961724,-2.423530455681366,0,-2.4465242827465357,rare_mutant_rejected
5,1.5707963267948966,0.0,1.2566370614359172,1.0210176124166828,1.2566370614359172,-2.3783695693842652,0,-2.409035315200187,rare_mutant_rejected
5,1.5707963267948966,0.0,1.2566370614359172,1.0210176124166828,1.335176877775662,-2.4096789387102593,0,-2.446524282746532,rare_mutant_rejected
5,1.5707963267948966,0.0,1.2566370614359172,1.0210176124166828,1.413716694115407,-2.516362618288859,0,-2.558068082585839,rare_mutant_rejected
5,1.5707963267948966,0.0,1.2566370614359172,1.0210176124166828,1.4922565104551517,-2.6948289387752595,0,-2.740920136173413,rare_mutant_rejected
5,1.5707963267948966,0.0,1.2566370614359172,1.0210176124166828,1.5707963267948966,-2.9391808613714296,0,-2.990578019098743,rare_mutant_rejected
5,1.5707963267948966,0.0,1.2566370614359172,1.0995574287564276,0.0,-7.52884205287747,0,-8.015251371641975,rare_mutant_rejected
5,1.5707963267948966,0.0,1.2566370614359172,1.0995574287564276,0.07853981633974483,-7.292301534807478,0,-7.718898408037244,rare_mutant_rejected
5,1.5707963267948966,0.0,1.2566370614359172,1.0995574287564276,0.15707963267948966,-7.0095933074847006,0,-7.371913669184481,rare_mutant_rejected
5,1.5707963267948966,0.0,1.2566370614359172,1.0995574287564276,0.23561944901923448,-6.685906884711726,0,-6.982841070930564,rare_mutant_rejected
5,1.5707963267948966,0.0,1.2566370614359172,1.0995574287564276,0.3141592653589793,-6.327579174480408,0,-6.561260871902429,rare_mutant_rejected
5,1.5707963267948966,0.0,1.2566370614359172,1.0995574287564276,0.39269908169872414,-5.942097312005526,0,-6.11755377574461,rare_mutant_rejected
5,1.5707963267948966,0.0,1.2566370614359172,1.0995574287564276,0.47123889803846897,-5.53804849164425,0,-5.662645323743946,rare_mutant_rejected
5,1.5707963267948966,0.0,1.2566370614359172,1.0995574287564276,0.5497787143782138,-5.125004200394561,0,-5.207736871743276,rare_mutant_rejected
5,1.5707963267948966,0.0,1.2566370614359172,1.0995574287564276,0.6283185307179586,-4.713330821521674,0,-4.764029775585457,rare_mutant_rejected
5,1.5707963267948966,0.0,1.2566370614359172,1.0995574287564276,0.7068583470577035,-4.313924722059001,0,-4.342449576557322,rare_mutant_rejected
5,1.5707963267948966,0.0,1.2566370614359172,1.0995574287564276,0.7853981633974483,-3.93787720514076,0,-3.953376978303412,rare_mutant_rejected
5,1.5707963267948966,0.0,1.2566370614359172,1.0995574287564276,0.8639379797371931,-3.596082414654857,0,-3.606392239450642,rare_mutant_rejected
5,1.5707963267948966,0.0,1.2566370614359172,1.0995574287564276,0.9424777960769379,-3.298808573959356,0,-3.3100392758459094,rare_mutant_rejected
5,1.5707963267948966,0.0,1.2566370614359172,1.0995574287564276,1.0210176124166828,-3.0552589008840716,0,-3.0716152809922637,rare_mutant_rejected
5,1.5707963267948966,0.0,1.2566370614359172,1.0995574287564276,1.0995574287564276,-2.8731523064730293,0,-2.8969910449268585,rare_mutant_rejected
5,1.5707963267948966,0.0,1.2566370614359172,1.0995574287564276,1.1780972450961724,-2.7583548936639257,0,-2.790466395886245,rare_mutant_rejected
5,1.5707963267948966,0.0,1.2566370614359172,1.0995574287564276,1.2566370614359172,-2.7145909875717624,0,-2.754664324264855,rare_mutant_rejected
5,1.5707963267948966,0.0,1.2566370614359172,1.0995574287564276,1.335176877775662,-2.743257020963778,0,-2.7904663958862486,rare_mutant_rejected
5,1.5707963267948966,0.0,1.2566370614359172,1.0995574287564276,1.413716694115407,-2.8433535626546114,0,-2.896991044926853,rare_mutant_rejected
5,1.5707963267948966,0.0,1.2566370614359172,1.0995574287564276,1.4922565104551517,-3.01154098298991,0,-3.07161528099226,rare_mutant_rejected
5,1.5707963267948966,0.0,1.2566370614359172,1.0995574287564276,1.5707963267948966,-3.2423138261185773,0,-3.310039275845911,rare_mutant_rejected
5,1.5707963267948966,0.0,1.2566370614359172,1.1780972450961724,0.0,-7.627420315353059,0,-8.117010192242443,rare_mutant_rejected
5,1.5707963267948966,0.0,1.2566370614359172,1.1780972450961724,0.07853981633974483,-7.402847785643994,0,-7.835191065513654,rare_mutant_rejected
5,1.5707963267948966,0.0,1.2566370614359172,1.1780972450961724,0.15707963267948966,-7.134402716411539,0,-7.505223263261036,rare_mutant_rejected
5,1.5707963267948966,0.0,1.2566370614359172,1.1780972450961724,0.23561944901923448,-6.8270928126655095,0,-7.1352316878764,rare_mutant_rejected
5,1.5707963267948966,0.0,1.2566370614359172,1.1780972450961724,0.3141592653589793,-6.487008826875178,0,-6.734326759877355,rare_mutant_rejected
5,1.5707963267948966,0.0,1.2566370614359172,1.1780972450961724,0.39269908169872414,-6.121318224344995,0,-6.312380089118409,rare_mutant_rejected
5,1.5707963267948966,0.0,1.2566370614359172,1.1780972450961724,0.47123889803846897,-5.738209735003239,0,-5.879781402994363,rare_mutant_rejected
5,1.5707963267948966,0.0,1.2566370614359172,1.1780972450961724,0.5497787143782138,-5.34677770592925,0,-5.4471827168703175,rare_mutant_rejected
5,1.5707963267948966,0.0,1.2566370614359172,1.1780972450961724,0.6283185307179586,-4.956839378951045,0,-5.025236046111371,rare_mutant_rejected
5,1.5707963267948966,0.0,1.2566370614359172,1.1780972450961724,0.7068583470577035,-4.578683821932845,0,-4.624331118112322,rare_mutant_rejected
5,1.5707963267948966,0.0,1.2566370614359172,1.1780972450961724,0.7853981633974483,-4.222757816739425,0,-4.254339542727691,rare_mutant_rejected
5,1.5707963267948966,0.0,1.2566370614359172,1.1780972450961724,0.8639379797371931,-3.8993009316546576,0,-3.9243717404750704,rare_mutant_rejected
5,1.5707963267948966,0.0,1.2566370614359172,1.1780972450961724,0.9424777960769379,-3.617948518274659,0,-3.6425526137462825,rare_mutant_rejected
5,1.5707963267948966,0.0,1.2566370614359172,1.1780972450961724,1.0210176124166828,-3.387326654801152,0,-3.4158214847454396,rare_mutant_rejected
5,1.5707963267948966,0.0,1.2566370614359172,1.1780972450961724,1.0995574287564276,-3.2146663509994156,0,-3.2497612263460294,rare_mutant_rejected
5,1.5707963267948966,0.0,1.2566370614359172,1.1780972450961724,1.1780972450961724,-3.105465058364638,0,-3.1484607932322337,rare_mutant_rejected
5,1.5707963267948966,0.0,1.2566370614359172,1.1780972450961724,1.2566370614359172,-3.063221404846546,0,-3.1144145382641835,rare_mutant_rejected
5,1.5707963267948966,0.0,1.2566370614359172,1.1780972450961724,1.335176877775662,-3.089264168445073,0,-3.1484607932322337,rare_mutant_rejected
5,1.5707963267948966,0.0,1.2566370614359172,1.1780972450961724,1.413716694115407,-3.1826892642275,0,-3.249761226346026,rare_mutant_rejected
5,1.5707963267948966,0.0,1.2566370614359172,1.1780972450961724,1.4922565104551517,-3.3404097189963444,0,-3.4158214847454396,rare_mutant_rejected
5,1.5707963267948966,0.0,1.2566370614359172,1.1780972450961724,1.5707963267948966,-3.5573142458265146,0,-3.6425526137462807,rare_mutant_rejected
5,1.5707963267948966,0.0,1.2566370614359172,1.2566370614359172,0.0,-7.7293670801739305,0,-8.22213595499958,rare_mutant_rejected
5,1.5707963267948966,0.0,1.2566370614359172,1.2566370614359172,0.07853981633974483,-7.517118744965043,0,-7.955331553071602,rare_mutant_rejected
5,1.5707963267948966,0.0,1.2566370614359172,1.2566370614359172,0.15707963267948966,-7.263365714433884,0,-7.64294373483731,rare_mutant_rejected
5,1.5707963267948966,0.0,1.2566370614359172,1.2566370614359172,0.23561944901923448,-6.972920004770471,0,-7.29266452513737,rare_mutant_rejected
5,1.5707963267948966,0.0,1.2566370614359172,1.2566370614359172,0.3141592653589793,-6.651610980905329,0,-6.913118960624635,rare_mutant_rejected
5,1.5707963267948966,0.0,1.2566370614359172,1.2566370614359172,0.39269908169872414,-6.306270533231208,0,-6.513652712736917,rare_mutant_rejected
5,1.5707963267948966,0.0,1.2566370614359172,1.2566370614359172,0.47123889803846897,-5.944673048768653,0,-6.104101966249685,rare_mutant_rejected
5,1.5707963267948966,0.0,1.2566370614359172,1.2566370614359172,0.5497787143782138,-5.575420549485064,0,-5.694551219762458,rare_mutant_rejected
5,1.5707963267948966,0.0,1.2566370614359172,1.2566370614359172,0.6283185307179586,-5.207767220310355,0,-5.295084971874738,rare_mutant_rejected
5,1.5707963267948966,0.0,1.2566370614359172,1.2566370614359172,0.7068583470577035,-4.851382616674147,0,-4.915539407362001,rare_mutant_rejected
5,1.5707963267948966,0.0,1.2566370614359172,1.2566370614359172,0.7853981633974483,-4.516058736159781,0,-4.565260197662058,rare_mutant_rejected
5,1.5707963267948966,0.0,1.2566370614359172,1.2566370614359172,0.8639379797371931,-4.211372303751825,0,-4.252872379427775,rare_mutant_rejected
5,1.5707963267948966,0.0,1.2566370614359172,1.2566370614359172,0.9424777960769379,-3.946319378036354,0,-3.986067977499795,rare_mutant_rejected
5,1.5707963267948966,0.0,1.2566370614359172,1.2566370614359172,1.0210176124166828,-3.7289440180683506,0,-3.7714166017266333,rare_mutant_rejected
5,1.5707963267948966,0.0,1.2566370614359172,1.2566370614359172,1.0995574287564276,-3.565985597108508,0,-3.614203681366904,rare_mutant_rejected
5,1.5707963267948966,0.0,1.2566370614359172,1.2566370614359172,1.1780972450961724,-3.462569913173306,0,-3.5183003202796357,rare_mutant_rejected
5,1.5707963267948966,0.0,1.2566370614359172,1.2566370614359172,1.2566370614359172,-3.421967285513258,0,-3.48606797749979,rare_mutant_rejected
5,1.5707963267948966,0.0,1.2566370614359172,1.2566370614359172,1.335176877775662,-3.445436412849844,0,-3.5183003202796304,rare_mutant_rejected
5,1.5707963267948966,0.0,1.2566370614359172,1.2566370614359172,1.413716694115407,-3.5321663013102977,0,-3.6142036813669005,rare_mutant_rejected
5,1.5707963267948966,0.0,1.2566370614359172,1.2566370614359172,1.4922565104551517,-3.6793207298227966,0,-3.7714166017266333,rare_mutant_rejected
5,1.5707963267948966,0.0,1.2566370614359172,1.2566370614359172,1.5707963267948966,-3.882181385168039,0,-3.9860679774997916,rare_mutant_rejected
5,1.5707963267948966,0.0,1.2566370614359172,1.335176877775662,0.0,-7.834063216920811,0,-8.329980524628128,rare_mutant_rejected
5,1.5707963267948966,0.0,1.2566370614359172,1.335176877775662,0.07853981633974483,-7.63441579200318,0,-8.078579164654531,rare_mutant_rejected
5,1.5707963267948966,0.0,1.2566370614359172,1.335176877775662,0.15707963267948966,-7.3956892880127265,0,-7.784225991409343,rare_mutant_rejected
5,1.5707963267948966,0.0,1.2566370614359172,1.335176877775662,0.23561944901923448,-7.122486664287591,0,-7.454168956920033,rare_mutant_rejected
5,1.5707963267948966,0.0,1.2566370614359172,1.335176877775662,0.3141592653589793,-6.820361669028092,0,-7.096535160772223,rare_mutant_rejected
5,1.5707963267948966,0.0,1.2566370614359172,1.335176877775662,0.39269908169872414,-6.495796344561574,0,-6.720130733945595,rare_mutant_rejected
5,1.5707963267948966,0.0,1.2566370614359172,1.335176877775662,0.47123889803846897,-6.15613721637748,0,-6.334224002643295,rare_mutant_rejected
5,1.5707963267948966,0.0,1.2566370614359172,1.335176877775662,0.5497787143782138,-5.809481926769857,0,-5.948317271340993,rare_mutant_rejected
5,1.5707963267948966,0.0,1.2566370614359172,1.335176877775662,0.6283185307179586,-5.464511563379602,0,-5.571912844514359,rare_mutant_rejected
5,1.5707963267948966,0.0,1.2566370614359172,1.335176877775662,0.7068583470577035,-5.130268473124385,0,-5.214279048366554,rare_mutant_rejected
5,1.5707963267948966,0.0,1.2566370614359172,1.335176877775662,0.7853981633974483,-4.815884587901245,0,-4.884222013877247,rare_mutant_rejected
5,1.5707963267948966,0.0,1.2566370614359172,1.335176877775662,0.8639379797371931,-4.530270723468373,0,-4.589868840632056,rare_mutant_rejected
5,1.5707963267948966,0.0,1.2566370614359172,1.335176877775662,0.9424777960769379,-4.281782352107664,0,-4.3384674806584576,rare_mutant_rejected
5,1.5707963267948966,0.0,1.2566370614359172,1.335176877775662,1.0210176124166828,-4.07788136828358,0,-4.136208269792283,rare_mutant_rejected
5,1.5707963267948966,0.0,1.2566370614359172,1.335176877775662,1.0995574287564276,-3.924815795770547,0,-3.9880715010648835,rare_mutant_rejected
5,1.5707963267948966,0.0,1.2566370614359172,1.335176877775662,1.1780972450961724,-3.827339801443312,0,-3.897704793360081,rare_mutant_rejected
5,1.5707963267948966,0.0,1.2566370614359172,1.335176877775662,1.2566370614359172,-3.7884945847104188,0,-3.867333274931479,rare_mutant_rejected
5,1.5707963267948966,0.0,1.2566370614359172,1.335176877775662,1.335176877775662,-3.8094667736357977,0,-3.897704793360081,rare_mutant_rejected
5,1.5707963267948966,0.0,1.2566370614359172,1.335176877775662,1.413716694115407,-3.889535230627258,0,-3.98807150106488,rare_mutant_rejected
5,1.5707963267948966,0.0,1.2566370614359172,1.335176877775662,1.4922565104551517,-4.026110247638207,0,-4.136208269792283,rare_mutant_rejected
5,1.5707963267948966,0.0,1.2566370614359172,1.335176877775662,1.5707963267948966,-4.214861755221551,0,-4.338467480658458,rare_mutant_rejected
5,1.5707963267948966,0.0,1.2566370614359172,1.413716694115407,0.0,-7.940870805903732,0,-8.439879003494365,rare_mutant_rejected
5,1.5707963267948966,0.0,1.2566370614359172,1.413716694115407,0.07853981633974483,-7.754020495021376,0,-8.204174037753038,rare_mutant_rejected
5,1.5707963267948966,0.0,1.2566370614359172,1.413716694115407,0.15707963267948966,-7.530559288802137,0,-7.928198980884235,rare_mutant_rejected
5,1.5707963267948966,0.0,1.2566370614359172,1.413716694115407,0.23561944901923448,-7.2748684512696355,0,-7.618749254696768,rare_mutant_rejected
5,1.5707963267948966,0.0,1.2566370614359172,1.413716694115407,0.3141592653589793,-6.992213099401092,0,-7.283444538454135,rare_mutant_rejected
5,1.5707963267948966,0.0,1.2566370614359172,1.413716694115407,0.39269908169872414,-6.6887129702563435,0,-6.930541147082776,rare_mutant_rejected
5,1.5707963267948966,0.0,1.2566370614359172,1.413716694115407,0.47123889803846897,-6.371275704507776,0,-6.568728733297471,rare_mutant_rejected
5,1.5707963267948966,0.0,1.2566370614359172,1.413716694115407,0.5497787143782138,-6.0474857104466935,0,-6.206916319512163,rare_mutant_rejected
5,1.5707963267948966,0.0,1.2566370614359172,1.413716694115407,0.6283185307179586,-5.725444805565438,0,-5.854012928140805,rare_mutant_rejected
5,1.5707963267948966,0.0,1.2566370614359172,1.413716694115407,0.7068583470577035,-5.413564861518333,0,-5.518708211898167,rare_mutant_rejected
5,1.5707963267948966,0.0,1.2566370614359172,1.413716694115407,0.7853981633974483,-5.120317282737876,0,-5.209258485710704,rare_mutant_rejected
5,1.5707963267948966,0.0,1.2566370614359172,1.413716694115407,0.8639379797371931,-4.853948891305241,0,-4.9332834288418965,rare_mutant_rejected
5,1.5707963267948966,0.0,1.2566370614359172,1.413716694115407,0.9424777960769379,-4.622178153550184,0,-4.6975784631005775,rare_mutant_rejected
5,1.5707963267948966,0.0,1.2566370614359172,1.413716694115407,1.0210176124166828,-4.431889129989788,0,-4.5079474270032085,rare_mutant_rejected
5,1.5707963267948966,0.0,1.2566370614359172,1.413716694115407,1.0995574287564276,-4.288842575327482,0,-4.369059666007848,rare_mutant_rejected
5,1.5707963267948966,0.0,1.2566370614359172,1.413716694115407,1.1780972450961724,-4.197423903402584,0,-4.284335057732248,rare_mutant_rejected
5,1.5707963267948966,0.0,1.2566370614359172,1.413716694115407,1.2566370614359172,-4.160446099815398,0,-4.255859803217007,rare_mutant_rejected
5,1.5707963267948966,0.0,1.2566370614359172,1.413716694115407,1.335176877775662,-4.179022181487107,0,-4.284335057732248,rare_mutant_rejected
5,1.5707963267948966,0.0,1.2566370614359172,1.413716694115407,1.413716694115407,-4.252516775136715,0,-4.369059666007849,rare_mutant_rejected
5,1.5707963267948966,0.0,1.2566370614359172,1.413716694115407,1.4922565104551517,-4.378580329908527,0,-4.507947427003209,rare_mutant_rejected
5,1.5707963267948966,0.0,1.2566370614359172,1.413716694115407,1.5707963267948966,-4.553263048554542,0,-4.697578463100573,rare_mutant_rejected
5,1.5707963267948966,0.0,1.2566370614359172,1.4922565104551517,0.0,-8.049136884829139,0,-8.551153830931126,rare_mutant_rejected
5,1.5707963267948966,0.0,1.2566370614359172,1.4922565104551517,0.07853981633974483,-7.875198923975222,0,-8.331341838209939,rare_mutant_rejected
5,1.5707963267948966,0.0,1.2566370614359172,1.4922565104551517,0.15707963267948966,-7.667145412590414,0,-8.073975061906005,rare_mutant_rejected
5,1.5707963267948966,0.0,1.2566370614359172,1.4922565104551517,0.23561944901923448,-7.429124237391028,0,-7.7853907262032855,rare_mutant_rejected
5,1.5707963267948966,0.0,1.2566370614359172,1.4922565104551517,0.3141592653589793,-7.1661003002884165,0,-7.47269473520328,rare_mutant_rejected
5,1.5707963267948966,0.0,1.2566370614359172,1.4922565104551517,0.39269908169872414,-6.883820572356933,0,-7.143586701982911,rare_mutant_rejected
5,1.5707963267948966,0.0,1.2566370614359172,1.4922565104551517,0.47123889803846897,-6.5887454040779,0,-6.806170358566996,rare_mutant_rejected
5,1.5707963267948966,0.0,1.2566370614359172,1.4922565104551517,0.5497787143782138,-6.287940362244126,0,-6.468754015151088,rare_mutant_rejected
5,1.5707963267948966,0.0,1.2566370614359172,1.4922565104551517,0.6283185307179586,-5.988925648532591,0,-6.1396459819307125,rare_mutant_rejected
5,1.5707963267948966,0.0,1.2566370614359172,1.4922565104551517,0.7068583470577035,-5.699483692775541,0,-5.826949990930708,rare_mutant_rejected
5,1.5707963267948966,0.0,1.2566370614359172,1.4922565104551517,0.7853981633974483,-5.427429520323387,0,-5.538365655227989,rare_mutant_rejected
5,1.5707963267948966,0.0,1.2566370614359172,1.4922565104551517,0.8639379797371931,-5.180352585588789,0,-5.280998878924057,rare_mutant_rejected
5,1.5707963267948966,0.0,1.2566370614359172,1.4922565104551517,0.9424777960769379,-4.965342498092114,0,-5.061186886202868,rare_mutant_rejected
5,1.5707963267948966,0.0,1.2566370614359172,1.4922565104551517,1.0210176124166828,-4.7887139863315875,0,-4.884342177839402,rare_mutant_rejected
5,1.5707963267948966,0.0,1.2566370614359172,1.4922565104551517,1.0995574287564276,-4.655748141218443,0,-4.7548192574675054,rare_mutant_rejected
5,1.5707963267948966,0.0,1.2566370614359172,1.4922565104551517,1.1780972450961724,-4.570467159227119,0,-4.675807409248663,rare_mutant_rejected
5,1.5707963267948966,0.0,1.2566370614359172,1.4922565104551517,1.2566370614359172,-4.535458334923718,0,-4.649252167111305,rare_mutant_rejected
5,1.5707963267948966,0.0,1.2566370614359172,1.4922565104551517,1.335176877775662,-4.551759998877773,0,-4.675807409248663,rare_mutant_rejected
5,1.5707963267948966,0.0,1.2566370614359172,1.4922565104551517,1.413716694115407,-4.618817726342741,0,-4.7548192574675054,rare_mutant_rejected
5,1.5707963267948966,0.0,1.2566370614359172,1.4922565104551517,1.4922565104551517,-4.734513894007459,0,-4.884342177839402,rare_mutant_rejected
5,1.5707963267948966,0.0,1.2566370614359172,1.4922565104551517,1.5707963267948966,-4.895268094036677,0,-5.061186886202867,rare_mutant_rejected
5,1.5707963267948966,0.0,1.2566370614359172,1.5707963267948966,0.0,-8.158197338066888,0,-8.663118960624633,rare_mutant_rejected
5,1.5707963267948966,0.0,1.2566370614359172,1.5707963267948966,0.07853981633974483,-7.997206090040866,0,-8.459298534247832,rare_mutant_rejected
5,1.5707963267948966,0.0,1.2566370614359172,1.5707963267948966,0.15707963267948966,-7.804606289212741,0,-8.220655476459685,rare_mutant_rejected
5,1.5707963267948966,0.0,1.2566370614359172,1.5707963267948966,0.23561944901923448,-7.584301950635488,0,-7.953065971353832,rare_mutant_rejected
5,1.5707963267948966,0.0,1.2566370614359172,1.5707963267948966,0.3141592653589793,-7.340947823230955,0,-7.663118960624634,rare_mutant_rejected
5,1.5707963267948966,0.0,1.2566370614359172,1.5707963267948966,0.39269908169872414,-7.079909820971866,0,-7.357953901955201,rare_mutant_rejected
5,1.5707963267948966,0.0,1.2566370614359172,1.5707963267948966,0.47123889803846897,-6.807195324025053,0,-7.04508497187474,rare_mutant_rejected
5,1.5707963267948966,0.0,1.2566370614359172,1.5707963267948966,0.5497787143782138,-6.529348720314317,0,-6.7322160417942785,rare_mutant_rejected
5,1.5707963267948966,0.0,1.2566370614359172,1.5707963267948966,0.6283185307179586,-6.253310006122438,0,-6.427050983124844,rare_mutant_rejected
5,1.5707963267948966,0.0,1.2566370614359172,1.5707963267948966,0.7068583470577035,-5.986237337152967,0,-6.1371039723956455,rare_mutant_rejected
5,1.5707963267948966,0.0,1.2566370614359172,1.5707963267948966,0.7853981633974483,-5.735297867952883,0,-5.869514467289794,rare_mutant_rejected
5,1.5707963267948966,0.0,1.2566370614359172,1.5707963267948966,0.8639379797371931,-5.50743470838939,0,-5.630871409501645,rare_mutant_rejected
5,1.5707963267948966,0.0,1.2566370614359172,1.5707963267948966,0.9424777960769379,-5.309120983030839,0,-5.427050983124842,rare_mutant_rejected
5,1.5707963267948966,0.0,1.2566370614359172,1.5707963267948966,1.0210176124166828,-5.146114419233596,0,-5.263071923498003,rare_mutant_rejected
5,1.5707963267948966,0.0,1.2566370614359172,1.5707963267948966,1.0995574287564276,-5.023227274210969,0,-5.142971939284433,rare_mutant_rejected
5,1.5707963267948966,0.0,1.2566370614359172,1.5707963267948966,1.1780972450961724,-4.944126498559586,0,-5.0697082906844635,rare_mutant_rejected
5,1.5707963267948966,0.0,1.2566370614359172,1.5707963267948966,1.2566370614359172,-4.911177720801142,0,-5.045084971874736,rare_mutant_rejected
5,1.5707963267948966,0.0,1.2566370614359172,1.5707963267948966,1.335176877775662,-4.925343985928141,0,-5.069708290684463,rare_mutant_rejected
5,1.5707963267948966,0.0,1.2566370614359172,1.5707963267948966,1.413716694115407,-4.986146418668783,0,-5.142971939284429,rare_mutant_rejected
5,1.5707963267948966,0.0,1.2566370614359172,1.5707963267948966,1.4922565104551517,-5.091689480504922,0,-5.2630719234980035,rare_mutant_rejected
5,1.5707963267948966,0.0,1.2566370614359172,1.5707963267948966,1.5707963267948966,-5.2387487171000515,0,-5.427050983124841,rare_mutant_rejected
5,1.5707963267948966,0.0,1.2566370614359172,1.6493361431346414,0.0,-8.267380907898684,0,-8.77508409031814,rare_mutant_rejected
5,1.5707963267948966,0.0,1.2566370614359172,1.6493361431346414,0.07853981633974483,-8.119290486733913,0,-8.587255230285729,rare_mutant_rejected
5,1.5707963267948966,0.0,1.2566370614359172,1.6493361431346414,0.15707963267948966,-7.942094652733989,0,-8.367335891013365,rare_mutant_rejected
5,1.5707963267948966,0.0,1.2566370614359172,1.6493361431346414,0.23561944901923448,-7.7394444726630525,0,-8.120741216504381,rare_mutant_rejected
5,1.5707963267948966,0.0,1.2566370614359172,1.6493361431346414,0.3141592653589793,-7.5156764601033705,0,-7.853543186045987,rare_mutant_rejected
5,1.5707963267948966,0.0,1.2566370614359172,1.6493361431346414,0.39269908169872414,-7.27576951224916,0,-7.572321101927492,rare_mutant_rejected
5,1.5707963267948966,0.0,1.2566370614359172,1.6493361431346414,0.47123889803846897,-7.025275173995413,0,-7.28399958518248,rare_mutant_rejected
5,1.5707963267948966,0.0,1.2566370614359172,1.6493361431346414,0.5497787143782138,-6.770217587117057,0,-6.9956780684374715,rare_mutant_rejected
5,1.5707963267948966,0.0,1.2566370614359172,1.6493361431346414,0.6283185307179586,-6.516961609590742,0,-6.714455984318976,rare_mutant_rejected
5,1.5707963267948966,0.0,1.2566370614359172,1.6493361431346414,0.7068583470577035,-6.272050227142019,0,-6.447257953860585,rare_mutant_rejected
5,1.5707963267948966,0.0,1.2566370614359172,1.6493361431346414,0.7853981633974483,-6.042015307821642,0,-6.200663279351595,rare_mutant_rejected
5,1.5707963267948966,0.0,1.2566370614359172,1.6493361431346414,0.8639379797371931,-5.833168690398183,0,-5.980743940079235,rare_mutant_rejected
5,1.5707963267948966,0.0,1.2566370614359172,1.6493361431346414,0.9424777960769379,-5.651383231512362,0,-5.79291508004682,rare_mutant_rejected
5,1.5707963267948966,0.0,1.2566370614359172,1.6493361431346414,1.0210176124166828,-5.501875446955266,0,-5.641801669156606,rare_mutant_rejected
5,1.5707963267948966,0.0,1.2566370614359172,1.6493361431346414,1.0995574287564276,-5.389002492023638,0,-5.531124621101355,rare_mutant_rejected
5,1.5707963267948966,0.0,1.2566370614359172,1.6493361431346414,1.1780972450961724,-5.31608623970019,0,-5.4636091721202655,rare_mutant_rejected
5,1.5707963267948966,0.0,1.2566370614359172,1.6493361431346414,1.2566370614359172,-5.285276054317781,0,-5.440917776638171,rare_mutant_rejected
5,1.5707963267948966,0.0,1.2566370614359172,1.6493361431346414,1.335176877775662,-5.297459578858287,0,-5.4636091721202655,rare_mutant_rejected
5,1.5707963267948966,0.0,1.2566370614359172,1.6493361431346414,1.413716694115407,-5.352227649014317,0,-5.531124621101355,rare_mutant_rejected
5,1.5707963267948966,0.0,1.2566370614359172,1.6493361431346414,1.4922565104551517,-5.447895626526475,0,-5.641801669156604,rare_mutant_rejected
5,1.5707963267948966,0.0,1.2566370614359172,1.6493361431346414,1.5707963267948966,-5.581579397396107,0,-5.79291508004682,rare_mutant_rejected
5,1.5707963267948966,0.0,1.2566370614359172,1.7278759594743862,0.0,-8.376013305067094,0,-8.886358917754904,rare_mutant_rejected
5,1.5707963267948966,0.0,1.2566370614359172,1.7278759594743862,0.07853981633974483,-8.24069870589462,0,-8.714423030742632,rare_mutant_rejected
5,1.5707963267948966,0.0,1.2566370614359172,1.7278759594743862,0.15707963267948966,-8.078762560403723,0,-8.513111972035137,rare_mutant_rejected
5,1.5707963267948966,0.0,1.2566370614359172,1.7278759594743862,0.23561944901923448,-7.893595551704651,0,-8.287382688010897,rare_mutant_rejected
5,1.5707963267948966,0.0,1.2566370614359172,1.7278759594743862,0.3141592653589793,-7.689209930322958,0,-8.042793382795136,rare_mutant_rejected
5,1.5707963267948966,0.0,1.2566370614359172,1.7278759594743862,0.39269908169872414,-7.470194095204868,0,-7.785366656827628,rare_mutant_rejected
5,1.5707963267948966,0.0,1.2566370614359172,1.7278759594743862,0.47123889803846897,-7.2416437766894015,0,-7.521441210452009,rare_mutant_rejected
5,1.5707963267948966,0.0,1.2566370614359172,1.7278759594743862,0.5497787143782138,-7.009067050136272,0,-7.2575157640763965,rare_mutant_rejected
5,1.5707963267948966,0.0,1.2566370614359172,1.7278759594743862,0.6283185307179586,-6.778262234039688,0,-7.000089038108887,rare_mutant_rejected
5,1.5707963267948966,0.0,1.2566370614359172,1.7278759594743862,0.7068583470577035,-6.555169960419403,0,-6.7554997328931226,rare_mutant_rejected
5,1.5707963267948966,0.0,1.2566370614359172,1.7278759594743862,0.7853981633974483,-6.345703161209682,0,-6.529770448868884,rare_mutant_rejected
5,1.5707963267948966,0.0,1.2566370614359172,1.7278759594743862,0.8639379797371931,-6.1555611567383215,0,-6.328459390161388,rare_mutant_rejected
5,1.5707963267948966,0.0,1.2566370614359172,1.7278759594743862,0.9424777960769379,-5.990036198797399,0,-6.156523503149117,rare_mutant_rejected
5,1.5707963267948966,0.0,1.2566370614359172,1.7278759594743862,1.0210176124166828,-5.8538224514306325,0,-6.018196419992802,rare_mutant_rejected
5,1.5707963267948966,0.0,1.2566370614359172,1.7278759594743862,1.0995574287564276,-5.750838263745087,0,-5.916884212561017,rare_mutant_rejected
5,1.5707963267948966,0.0,1.2566370614359172,1.7278759594743862,1.1780972450961724,-5.684072546087783,0,-5.8550815236366835,rare_mutant_rejected
5,1.5707963267948966,0.0,1.2566370614359172,1.7278759594743862,1.2566370614359172,-5.655465044451954,0,-5.834310140532473,rare_mutant_rejected
5,1.5707963267948966,0.0,1.2566370614359172,1.7278759594743862,1.335176877775662,-5.66582836893322,0,-5.8550815236366835,rare_mutant_rejected
5,1.5707963267948966,0.0,1.2566370614359172,1.7278759594743862,1.413716694115407,-5.714816931653151,0,-5.916884212561017,rare_mutant_rejected
5,1.5707963267948966,0.0,1.2566370614359172,1.7278759594743862,1.4922565104551517,-5.8009447431953625,0,-6.018196419992799,rare_mutant_rejected
5,1.5707963267948966,0.0,1.2566370614359172,1.7278759594743862,1.5707963267948966,-5.9216506234077615,0,-6.156523503149115,rare_mutant_rejected
5,1.5707963267948966,0.0,1.2566370614359172,1.806415775814131,0.0,-8.483421393971085,0,-8.996257396621143,rare_mutant_rejected
5,1.5707963267948966,0.0,1.2566370614359172,1.806415775814131,0.07853981633974483,-8.360680100498765,0,-8.84001790384114,rare_mutant_rejected
5,1.5707963267948966,0.0,1.2566370614359172,1.806415775814131,0.15707963267948966,-8.213766628276286,0,-8.657084961510032,rare_mutant_rejected
5,1.5707963267948966,0.0,1.2566370614359172,1.806415775814131,0.23561944901923448,-8.045805694114318,0,-8.451962985787636,rare_mutant_rejected
5,1.5707963267948966,0.0,1.2566370614359172,1.806415775814131,0.3141592653589793,-7.860481495955735,0,-8.229702760477048,rare_mutant_rejected
5,1.5707963267948966,0.0,1.2566370614359172,1.806415775814131,0.39269908169872414,-7.661991059319675,0,-7.995777069964809,rare_mutant_rejected
5,1.5707963267948966,0.0,1.2566370614359172,1.806415775814131,0.47123889803846897,-7.454977255744432,0,-7.755945941106189,rare_mutant_rejected
5,1.5707963267948966,0.0,1.2566370614359172,1.806415775814131,0.5497787143782138,-7.244439475381311,0,-7.516114812247569,rare_mutant_rejected
5,1.5707963267948966,0.0,1.2566370614359172,1.806415775814131,0.6283185307179586,-7.0356214804518356,0,-7.282189121735329,rare_mutant_rejected
5,1.5707963267948966,0.0,1.2566370614359172,1.806415775814131,0.7068583470577035,-6.8338778323267455,0,-7.059928896424742,rare_mutant_rejected
5,1.5707963267948966,0.0,1.2566370614359172,1.806415775814131,0.7853981633974483,-6.644522314872199,0,-6.854806920702346,rare_mutant_rejected
5,1.5707963267948966,0.0,1.2566370614359172,1.806415775814131,0.8639379797371931,-6.4726637755433565,0,-6.671873978371236,rare_mutant_rejected
5,1.5707963267948966,0.0,1.2566370614359172,1.806415775814131,0.9424777960769379,-6.3230365595471545,0,-6.515634485591233,rare_mutant_rejected
5,1.5707963267948966,0.0,1.2566370614359172,1.806415775814131,1.0210176124166828,-6.199834012104387,0,-6.389935577203731,rare_mutant_rejected
5,1.5707963267948966,0.0,1.2566370614359172,1.806415775814131,1.0995574287564276,-6.106554191728801,0,-6.297872377503986,rare_mutant_rejected
5,1.5707963267948966,0.0,1.2566370614359172,1.806415775814131,1.1780972450961724,-6.045866852865992,0,-6.241711788008845,rare_mutant_rejected
5,1.5707963267948966,0.0,1.2566370614359172,1.806415775814131,1.2566370614359172,-6.019509875876034,0,-6.222836668817999,rare_mutant_rejected
5,1.5707963267948966,0.0,1.2566370614359172,1.806415775814131,1.335176877775662,-6.028221691316457,0,-6.241711788008848,rare_mutant_rejected
5,1.5707963267948966,0.0,1.2566370614359172,1.806415775814131,1.413716694115407,-6.071713996697487,0,-6.297872377503984,rare_mutant_rejected
5,1.5707963267948966,0.0,1.2566370614359172,1.806415775814131,1.4922565104551517,-6.148686404908562,0,-6.389935577203731,rare_mutant_rejected
5,1.5707963267948966,0.0,1.2566370614359172,1.806415775814131,1.5707963267948966,-6.256881852373407,0,-6.515634485591233,rare_mutant_rejected
5,1.5707963267948966,0.0,1.2566370614359172,1.8849555921538759,0.0,-8.588937426016095,0,-9.104101966249686,rare_mutant_rejected
5,1.5707963267948966,0.0,1.2566370614359172,1.8849555921538759,0.07853981633974483,-8.478491465100491,0,-8.963265515424066,rare_mutant_rejected
5,1.5707963267948966,0.0,1.2566370614359172,1.8849555921538759,0.15707963267948966,-8.346273250978623,0,-8.798367218082056,rare_mutant_rejected
5,1.5707963267948966,0.0,1.2566370614359172,1.8849555921538759,0.23561944901923448,-8.195137998234976,0,-8.613467417570295,rare_mutant_rejected
5,1.5707963267948966,0.0,1.2566370614359172,1.8849555921538759,0.3141592653589793,-8.02844046424224,0,-8.413118960624633,rare_mutant_rejected
5,1.5707963267948966,0.0,1.2566370614359172,1.8849555921538759,0.39269908169872414,-7.84998813824757,0,-8.202255091173484,rare_mutant_rejected
5,1.5707963267948966,0.0,1.2566370614359172,1.8849555921538759,0.47123889803846897,-7.663976950571378,0,-7.9860679774997925,rare_mutant_rejected
5,1.5707963267948966,0.0,1.2566370614359172,1.8849555921538759,0.5497787143782138,-7.474908121691596,0,-7.7698808638261,rare_mutant_rejected
5,1.5707963267948966,0.0,1.2566370614359172,1.8849555921538759,0.6283185307179586,-7.287486058685934,0,-7.559016994374948,rare_mutant_rejected
5,1.5707963267948966,0.0,1.2566370614359172,1.8849555921538759,0.7068583470577035,-7.106498741407188,0,-7.358668537429289,rare_mutant_rejected
5,1.5707963267948966,0.0,1.2566370614359172,1.8849555921538759,0.7853981633974483,-6.936683692097257,0,-7.173768736917526,rare_mutant_rejected
5,1.5707963267948966,0.0,1.2566370614359172,1.8849555921538759,0.8639379797371931,-6.78258423124602,0,-7.008870439575519,rare_mutant_rejected
5,1.5707963267948966,0.0,1.2566370614359172,1.8849555921538759,0.9424777960769379,-6.64840211776484,0,-6.868033988749896,rare_mutant_rejected
5,1.5707963267948966,0.0,1.2566370614359172,1.8849555921538759,1.0210176124166828,-6.537853687401229,0,-6.754727245269374,rare_mutant_rejected
5,1.5707963267948966,0.0,1.2566370614359172,1.8849555921538759,1.0995574287564276,-6.454037101022598,0,-6.6717401972019585,rare_mutant_rejected
5,1.5707963267948966,0.0,1.2566370614359172,1.8849555921538759,1.1780972450961724,-6.399318201644941,0,-6.621116261089292,rare_mutant_rejected
5,1.5707963267948966,0.0,1.2566370614359172,1.8849555921538759,1.2566370614359172,-6.3752417252925095,0,-6.6041019662496865,rare_mutant_rejected
5,1.5707963267948966,0.0,1.2566370614359172,1.8849555921538759,1.335176877775662,-6.382473255149407,0,-6.621116261089297,rare_mutant_rejected
5,1.5707963267948966,0.0,1.2566370614359172,1.8849555921538759,1.413716694115407,-6.420775458984825,0,-6.671740197201957,rare_mutant_rejected
5,1.5707963267948966,0.0,1.2566370614359172,1.8849555921538759,1.4922565104551517,-6.489019972711148,0,-6.754727245269374,rare_mutant_rejected
5,1.5707963267948966,0.0,1.2566370614359172,1.8849555921538759,1.5707963267948966,-6.5852339936465265,0,-6.868033988749896,rare_mutant_rejected
5,1.5707963267948966,0.0,1.2566370614359172,1.9634954084936207,0.0,-8.691903292968851,0,-9.209227729006823,rare_mutant_rejected
5,1.5707963267948966,0.0,1.2566370614359172,1.9634954084936207,0.07853981633974483,-8.593401703751859,0,-9.083406002982013,rare_mutant_rejected
5,1.5707963267948966,0.0,1.2566370614359172,1.9634954084936207,0.15707963267948966,-8.475463772907037,0,-8.936087689658335,rare_mutant_rejected
5,1.5707963267948966,0.0,1.2566370614359172,1.9634954084936207,0.23561944901923448,-8.340673894991019,0,-8.770900254831265,rare_mutant_rejected
5,1.5707963267948966,0.0,1.2566370614359172,1.9634954084936207,0.3141592653589793,-8.192058539095527,0,-8.591911161371915,rare_mutant_rejected
5,1.5707963267948966,0.0,1.2566370614359172,1.9634954084936207,0.39269908169872414,-8.033040288678233,0,-8.403527714791993,rare_mutant_rejected
5,1.5707963267948966,0.0,1.2566370614359172,1.9634954084936207,0.47123889803846897,-7.867377015352618,0,-8.210388540755117,rare_mutant_rejected
5,1.5707963267948966,0.0,1.2566370614359172,1.9634954084936207,0.5497787143782138,-7.69908533215066,0,-8.017249366718238,rare_mutant_rejected
5,1.5707963267948966,0.0,1.2566370614359172,1.9634954084936207,0.6283185307179586,-7.532348527895601,0,-7.828865920138317,rare_mutant_rejected
5,1.5707963267948966,0.0,1.2566370614359172,1.9634954084936207,0.7068583470577035,-7.371410425622474,0,-7.649876826678965,rare_mutant_rejected
5,1.5707963267948966,0.0,1.2566370614359172,1.9634954084936207,0.7853981633974483,-7.220457927980131,0,-7.484689391851899,rare_mutant_rejected
5,1.5707963267948966,0.0,1.2566370614359172,1.9634954084936207,0.8639379797371931,-7.083496284392442,0,-7.337371078528219,rare_mutant_rejected
5,1.5707963267948966,0.0,1.2566370614359172,1.9634954084936207,0.9424777960769379,-6.964222203257028,0,-7.211549352503407,rare_mutant_rejected
5,1.5707963267948966,0.0,1.2566370614359172,1.9634954084936207,1.0210176124166828,-6.865900708916745,0,-7.110322362250565,rare_mutant_rejected
5,1.5707963267948966,0.0,1.2566370614359172,1.9634954084936207,1.0995574287564276,-6.791252001255282,0,-7.036182652222838,rare_mutant_rejected
5,1.5707963267948966,0.0,1.2566370614359172,1.9634954084936207,1.1780972450961724,-6.742354446404618,0,-6.990955788136696,rare_mutant_rejected
5,1.5707963267948966,0.0,1.2566370614359172,1.9634954084936207,1.2566370614359172,-6.720569189484788,0,-6.975755405485295,rare_mutant_rejected
5,1.5707963267948966,0.0,1.2566370614359172,1.9634954084936207,1.335176877775662,-6.726490767916147,0,-6.990955788136694,rare_mutant_rejected
5,1.5707963267948966,0.0,1.2566370614359172,1.9634954084936207,1.413716694115407,-6.759926602985182,0,-7.036182652222838,rare_mutant_rejected
5,1.5707963267948966,0.0,1.2566370614359172,1.9634954084936207,1.4922565104551517,-6.819906488958844,0,-7.110322362250565,rare_mutant_rejected
5,1.5707963267948966,0.0,1.2566370614359172,1.9634954084936207,1.5707963267948966,-6.904721344106057,0,-7.211549352503407,rare_mutant_rejected
5,1.5707963267948966,0.0,1.2566370614359172,2.0420352248333655,0.0,-8.79167477073338,0,-9.310986549607293,rare_mutant_rejected
5,1.5707963267948966,0.0,1.2566370614359172,2.0420352248333655,0.07853981633974483,-8.704696454500464,0,-9.199698660458424,rare_mutant_rejected
5,1.5707963267948966,0.0,1.2566370614359172,2.0420352248333655,0.15707963267948966,-8.600539578150048,0,-9.06939728373489,rare_mutant_rejected
5,1.5707963267948966,0.0,1.2566370614359172,2.0420352248333655,0.23561944901923448,-8.481518760594275,0,-8.923290871777102,rare_mutant_rejected
5,1.5707963267948966,0.0,1.2566370614359172,2.0420352248333655,0.3141592653589793,-8.350335985360548,0,-8.76497704934684,rare_mutant_rejected
5,1.5707963267948966,0.0,1.2566370614359172,2.0420352248333655,0.39269908169872414,-8.21003640727061,0,-8.59835402816579,rare_mutant_rejected
5,1.5707963267948966,0.0,1.2566370614359172,2.0420352248333655,0.47123889803846897,-8.063951665321351,0,-8.427524620005535,rare_mutant_rejected
5,1.5707963267948966,0.0,1.2566370614359172,2.0420352248333655,0.5497787143782138,-7.91563026722655,0,-8.25669521184528,rare_mutant_rejected
5,1.5707963267948966,0.0,1.2566370614359172,2.0420352248333655,0.6283185307179586,-7.768755461817704,0,-8.09007219066423,rare_mutant_rejected
5,1.5707963267948966,0.0,1.2566370614359172,2.0420352248333655,0.7068583470577035,-7.627052000676222,0,-7.931758368233968,rare_mutant_rejected
5,1.5707963267948966,0.0,1.2566370614359172,2.0420352248333655,0.7853981633974483,-7.494184225055911,0,-7.78565195627618,rare_mutant_rejected
5,1.5707963267948966,0.0,1.2566370614359172,2.0420352248333655,0.8639379797371931,-7.373648898963923,0,-7.655350579552646,rare_mutant_rejected
5,1.5707963267948966,0.0,1.2566370614359172,2.0420352248333655,0.9424777960769379,-7.268667039815031,0,-7.544062690403776,rare_mutant_rejected
5,1.5707963267948966,0.0,1.2566370614359172,2.0420352248333655,1.0210176124166828,-7.182079576338795,0,-7.454528566003746,rare_mutant_rejected
5,1.5707963267948966,0.0,1.2566370614359172,2.0420352248333655,1.0995574287564276,-7.1162519096749515,0,-7.388952833642004,rare_mutant_rejected
5,1.5707963267948966,0.0,1.2566370614359172,2.0420352248333655,1.1780972450961724,-7.0729923172657685,0,-7.348950185482681,rare_mutant_rejected
5,1.5707963267948966,0.0,1.2566370614359172,2.0420352248333655,1.2566370614359172,-7.053488606929461,0,-7.335505619484628,rare_mutant_rejected
5,1.5707963267948966,0.0,1.2566370614359172,2.0420352248333655,1.335176877775662,-7.058266528226015,0,-7.348950185482681,rare_mutant_rejected
5,1.5707963267948966,0.0,1.2566370614359172,2.0420352248333655,1.413716694115407,-7.087172247727797,0,-7.388952833642004,rare_mutant_rejected
5,1.5707963267948966,0.0,1.2566370614359172,2.0420352248333655,1.4922565104551517,-7.139379795433633,0,-7.454528566003744,rare_mutant_rejected
5,1.5707963267948966,0.0,1.2566370614359172,2.0420352248333655,1.5707963267948966,-7.213422915183245,0,-7.544062690403776,rare_mutant_rejected
5,1.5707963267948966,0.0,1.2566370614359172,2.1205750411731104,0.0,-8.887625722796166,0,-9.408751051083847,rare_mutant_rejected
5,1.5707963267948966,0.0,1.2566370614359172,2.1205750411731104,0.07853981633974483,-8.811682639066252,0,-9.31142650494872,rare_mutant_rejected
5,1.5707963267948966,0.0,1.2566370614359172,2.1205750411731104,0.15707963267948966,-8.720727066674588,0,-9.197474102334303,rare_mutant_rejected
5,1.5707963267948966,0.0,1.2566370614359172,2.1205750411731104,0.23561944901923448,-8.616807367923261,0,-9.069699729579309,rare_mutant_rejected
5,1.5707963267948966,0.0,1.2566370614359172,2.1205750411731104,0.3141592653589793,-8.502307572020579,0,-8.931249615799796,rare_mutant_rejected
5,1.5707963267948966,0.0,1.2566370614359172,2.1205750411731104,0.39269908169872414,-8.379905752542914,0,-8.785532862286601,rare_mutant_rejected
5,1.5707963267948966,0.0,1.2566370614359172,2.1205750411731104,0.47123889803846897,-8.25252203933898,0,-8.636137499117394,rare_mutant_rejected
5,1.5707963267948966,0.0,1.2566370614359172,2.1205750411731104,0.5497787143782138,-8.123256152399154,0,-8.486742135948191,rare_mutant_rejected
5,1.5707963267948966,0.0,1.2566370614359172,2.1205750411731104,0.6283185307179586,-7.995315016996388,0,-8.341025382434992,rare_mutant_rejected
5,1.5707963267948966,0.0,1.2566370614359172,2.1205750411731104,0.7068583470577035,-7.871931785065979,0,-8.202575268655481,rare_mutant_rejected
5,1.5707963267948966,0.0,1.2566370614359172,2.1205750411731104,0.7853981633974483,-7.75627838115615,0,-8.074800895900486,rare_mutant_rejected
5,1.5707963267948966,0.0,1.2566370614359172,2.1205750411731104,0.8639379797371931,-7.6513744362251135,0,-7.960848493286072,rare_mutant_rejected
5,1.5707963267948966,0.0,1.2566370614359172,2.1205750411731104,0.9424777960769379,-7.559996090290233,0,-7.863523947150942,rare_mutant_rejected
5,1.5707963267948966,0.0,1.2566370614359172,2.1205750411731104,1.0210176124166828,-7.484588562497721,0,-7.785223710822597,rare_mutant_rejected
5,1.5707963267948966,0.0,1.2566370614359172,2.1205750411731104,1.0995574287564276,-7.427186546195745,0,-7.7278757959830235,rare_mutant_rejected
5,1.5707963267948966,0.0,1.2566370614359172,2.1205750411731104,1.1780972450961724,-7.389346351057859,0,-7.692892298622392,rare_mutant_rejected
5,1.5707963267948966,0.0,1.2566370614359172,2.1205750411731104,1.2566370614359172,-7.372093276280085,0,-7.681134628549294,rare_mutant_rejected
5,1.5707963267948966,0.0,1.2566370614359172,2.1205750411731104,1.335176877775662,-7.3758869810776,0,-7.692892298622394,rare_mutant_rejected
5,1.5707963267948966,0.0,1.2566370614359172,2.1205750411731104,1.413716694115407,-7.400606673386877,0,-7.7278757959830235,rare_mutant_rejected
5,1.5707963267948966,0.0,1.2566370614359172,2.1205750411731104,1.4922565104551517,-7.445556841745207,0,-7.785223710822597,rare_mutant_rejected
5,1.5707963267948966,0.0,1.2566370614359172,2.1205750411731104,1.5707963267948966,-7.50949310220495,0,-7.863523947150942,rare_mutant_rejected
5,1.5707963267948966,0.0,1.2566370614359172,2.199114857512855,0.0,-8.979152231722281,0,-9.50191848277489,rare_mutant_rejected
5,1.5707963267948966,0.0,1.2566370614359172,2.199114857512855,0.07853981633974483,-8.913692906063282,0,-9.417900697138338,rare_mutant_rejected
5,1.5707963267948966,0.0,1.2566370614359172,2.199114857512855,0.15707963267948966,-8.835282484781152,0,-9.319528509280044,rare_mutant_rejected
5,1.5707963267948966,0.0,1.2566370614359172,2.199114857512855,0.23561944901923448,-8.74570914449063,0,-9.209224168943653,rare_mutant_rejected
5,1.5707963267948966,0.0,1.2566370614359172,2.199114857512855,0.3141592653589793,-8.647048263044892,0,-9.089703735067364,rare_mutant_rejected
5,1.5707963267948966,0.0,1.2566370614359172,2.199114857512855,0.39269908169872414,-8.54162404257871,0,-8.963910197398791,rare_mutant_rejected
5,1.5707963267948966,0.0,1.2566370614359172,2.199114857512855,0.47123889803846897,-8.431962653539916,0,-8.83494101032015,rare_mutant_rejected
5,1.5707963267948966,0.0,1.2566370614359172,2.199114857512855,0.5497787143782138,-8.320737020831558,0,-8.705971823241509,rare_mutant_rejected
5,1.5707963267948966,0.0,1.2566370614359172,2.199114857512855,0.6283185307179586,-8.210703892028205,0,-8.580178285572934,rare_mutant_rejected
5,1.5707963267948966,0.0,1.2566370614359172,2.199114857512855,0.7068583470577035,-8.104634408791963,0,-8.460657851696647,rare_mutant_rejected
5,1.5707963267948966,0.0,1.2566370614359172,2.199114857512855,0.7853981633974483,-8.005239995875609,0,-8.350353511360256,rare_mutant_rejected
5,1.5707963267948966,0.0,1.2566370614359172,2.199114857512855,0.8639379797371931,-7.9150959306458315,0,-8.251981323501962,rare_mutant_rejected
5,1.5707963267948966,0.0,1.2566370614359172,2.199114857512855,0.9424777960769379,-7.836565401936678,0,-8.167963537865408,rare_mutant_rejected
5,1.5707963267948966,0.0,1.2566370614359172,2.199114857512855,1.0210176124166828,-7.771727157364238,0,-8.100368951172014,rare_mutant_rejected
5,1.5707963267948966,0.0,1.2566370614359172,2.199114857512855,1.0995574287564276,-7.722309931410385,0,-8.050861966479737,rare_mutant_rejected
5,1.5707963267948966,0.0,1.2566370614359172,2.199114857512855,1.1780972450961724,-7.689636717787391,0,-8.020661610055967,rare_mutant_rejected
5,1.5707963267948966,0.0,1.2566370614359172,2.199114857512855,1.2566370614359172,-7.67458159463218,0,-8.010511514905096,rare_mutant_rejected
5,1.5707963267948966,0.0,1.2566370614359172,2.199114857512855,1.335176877775662,-7.677541248033543,0,-8.020661610055967,rare_mutant_rejected
5,1.5707963267948966,0.0,1.2566370614359172,2.199114857512855,1.413716694115407,-7.698422607655228,0,-8.050861966479737,rare_mutant_rejected
5,1.5707963267948966,0.0,1.2566370614359172,2.199114857512855,1.4922565104551517,-7.736647164870361,0,-8.100368951172012,rare_mutant_rejected
5,1.5707963267948966,0.0,1.2566370614359172,2.199114857512855,1.5707963267948966,-7.791171657791076,0,-8.167963537865408,rare_mutant_rejected
5,1.5707963267948966,0.0,1.2566370614359172,2.2776546738526,0.0,-9.065676626553682,0,-9.589914436482733,rare_mutant_rejected
5,1.5707963267948966,0.0,1.2566370614359172,2.2776546738526,0.07853981633974483,-9.01008993618043,0,-9.51846478822617,rare_mutant_rejected
5,1.5707963267948966,0.0,1.2566370614359172,2.2776546738526,0.15707963267948966,-8.943496578533068,0,-9.434807998566082,rare_mutant_rejected
5,1.5707963267948966,0.0,1.2566370614359172,2.2776546738526,0.23561944901923448,-8.867433206432368,0,-9.341003975304865,rare_mutant_rejected
5,1.5707963267948966,0.0,1.2566370614359172,2.2776546738526,0.3141592653589793,-8.783678627147246,0,-9.239362484812915,rare_mutant_rejected
5,1.5707963267948966,0.0,1.2566370614359172,2.2776546738526,0.39269908169872414,-8.694219203310755,0,-9.132386277914911,rare_mutant_rejected
5,1.5707963267948966,0.0,1.2566370614359172,2.2776546738526,0.47123889803846897,-8.601207426301809,0,-9.022709463858359,rare_mutant_rejected
5,1.5707963267948966,0.0,1.2566370614359172,2.2776546738526,0.5497787143782138,-8.506913938928223,0,-8.913032649801806,rare_mutant_rejected
5,1.5707963267948966,0.0,1.2566370614359172,2.2776546738526,0.6283185307179586,-8.413673675124912,0,-8.8060564429038,rare_mutant_rejected
5,1.5707963267948966,0.0,1.2566370614359172,2.2776546738526,0.7068583470577035,-8.323827213812155,0,-8.704414952411852,rare_mutant_rejected
5,1.5707963267948966,0.0,1.2566370614359172,2.2776546738526,0.7853981633974483,-8.239658875061899,0,-8.610610929150635,rare_mutant_rejected
5,1.5707963267948966,0.0,1.2566370614359172,2.2776546738526,0.8639379797371931,-8.163333478140466,0,-8.526954139490547,rare_mutant_rejected
5,1.5707963267948966,0.0,1.2566370614359172,2.2776546738526,0.9424777960769379,-8.096833991470497,0,-8.455504491233985,rare_mutant_rejected
5,1.5707963267948966,0.0,1.2566370614359172,2.2776546738526,1.0210176124166828,-8.041902496899118,0,-8.398021311848815,rare_mutant_rejected
5,1.5707963267948966,0.0,1.2566370614359172,2.2776546738526,1.0995574287564276,-7.999986936188229,0,-8.355920027987233,rare_mutant_rejected
5,1.5707963267948966,0.0,1.2566370614359172,2.2776546738526,1.1780972450961724,-7.972195989872574,0,-8.330237312984064,rare_mutant_rejected
5,1.5707963267948966,0.0,1.2566370614359172,2.2776546738526,1.2566370614359172,-7.959264155836792,0,-8.321605560518726,rare_mutant_rejected
5,1.5707963267948966,0.0,1.2566370614359172,2.2776546738526,1.335176877775662,-7.961528661168791,0,-8.330237312984064,rare_mutant_rejected
5,1.5707963267948966,0.0,1.2566370614359172,2.2776546738526,1.413716694115407,-7.97891928502632,0,-8.355920027987233,rare_mutant_rejected
5,1.5707963267948966,0.0,1.2566370614359172,2.2776546738526,1.4922565104551517,-8.010961533736427,0,-8.398021311848815,rare_mutant_rejected
5,1.5707963267948966,0.0,1.2566370614359172,2.2776546738526,1.5707963267948966,-8.056792941711016,0,-8.455504491233985,rare_mutant_rejected
5,1.5707963267948966,0.0,1.2566370614359172,2.356194490192345,0.0,-9.146651373792787,0,-9.67219638789114,rare_mutant_rejected
5,1.5707963267948966,0.0,1.2566370614359172,2.356194490192345,0.07853981633974483,-9.100270578081181,0,-9.61249876714971,rare_mutant_rejected
5,1.5707963267948966,0.0,1.2566370614359172,2.356194490192345,0.15707963267948966,-9.044699039795166,0,-9.542601833806653,rare_mutant_rejected
5,1.5707963267948966,0.0,1.2566370614359172,2.356194490192345,0.23561944901923448,-8.981233139615412,0,-9.4642266823355,rare_mutant_rejected
5,1.5707963267948966,0.0,1.2566370614359172,2.356194490192345,0.3141592653589793,-8.911369940323171,0,-9.379303169077687,rare_mutant_rejected
5,1.5707963267948966,0.0,1.2566370614359172,2.356194490192345,0.39269908169872414,-8.836776745899535,0,-9.289922392774601,rare_mutant_rejected
5,1.5707963267948966,0.0,1.2566370614359172,2.356194490192345,0.47123889803846897,-8.759255259915303,0,-9.198285204776614,rare_mutant_rejected
5,1.5707963267948966,0.0,1.2566370614359172,2.356194490192345,0.5497787143782138,-8.680700709252605,0,-9.106648016778626,rare_mutant_rejected
5,1.5707963267948966,0.0,1.2566370614359172,2.356194490192345,0.6283185307179586,-8.603056585512496,0,-9.017267240475539,rare_mutant_rejected
5,1.5707963267948966,0.0,1.2566370614359172,2.356194490192345,0.7068583470577035,-8.52826596413842,0,-8.932343727217726,rare_mutant_rejected
5,1.5707963267948966,0.0,1.2566370614359172,2.356194490192345,0.7853981633974483,-8.458220664031893,0,-8.853968575746574,rare_mutant_rejected
5,1.5707963267948966,0.0,1.2566370614359172,2.356194490192345,0.8639379797371931,-8.394709779471192,0,-8.784071642403518,rare_mutant_rejected
5,1.5707963267948966,0.0,1.2566370614359172,2.356194490192345,0.9424777960769379,-8.339369322969901,0,-8.724374021662086,rare_mutant_rejected
5,1.5707963267948966,0.0,1.2566370614359172,2.356194490192345,1.0210176124166828,-8.293634837118658,0,-8.67634566706998,rare_mutant_rejected
5,1.5707963267948966,0.0,1.2566370614359172,2.356194490192345,1.0995574287564276,-8.258698846404368,0,-8.64116919611422,rare_mutant_rejected
5,1.5707963267948966,0.0,1.2566370614359172,2.356194490192345,1.1780972450961724,-8.23547491605921,0,-8.619710770253757,rare_mutant_rejected
5,1.5707963267948966,0.0,1.2566370614359172,2.356194490192345,1.2566370614359172,-8.224569863940694,0,-8.61249876714971,rare_mutant_rejected
5,1.5707963267948966,0.0,1.2566370614359172,2.356194490192345,1.335176877775662,-8.226265343851619,0,-8.619710770253759,rare_mutant_rejected
5,1.5707963267948966,0.0,1.2566370614359172,2.356194490192345,1.413716694115407,-8.240509605300508,0,-8.64116919611422,rare_mutant_rejected
5,1.5707963267948966,0.0,1.2566370614359172,2.356194490192345,1.4922565104551517,-8.266919764558997,0,-8.676345667069977,rare_mutant_rejected
5,1.5707963267948966,0.0,1.2566370614359172,2.356194490192345,1.5707963267948966,-8.30479442963958,0,-8.724374021662086,rare_mutant_rejected
5,1.5707963267948966,0.0,1.2566370614359172,2.4347343065320897,0.0,-9.221562799869991,0,-9.748257041408154,rare_mutant_rejected
5,1.5707963267948966,0.0,1.2566370614359172,2.4347343065320897,0.07853981633974483,-9.183669784437335,0,-9.699422883159414,rare_mutant_rejected
5,1.5707963267948966,0.0,1.2566370614359172,2.4347343065320897,0.15707963267948966,-9.138262715676174,0,-9.642245430162406,rare_mutant_rejected
5,1.5707963267948966,0.0,1.2566370614359172,2.4347343065320897,0.23561944901923448,-9.086411500749316,0,-9.578132581071005,rare_mutant_rejected
5,1.5707963267948966,0.0,1.2566370614359172,2.4347343065320897,0.3141592653589793,-9.029348957615744,0,-9.508663007008185,rare_mutant_rejected
5,1.5707963267948966,0.0,1.2566370614359172,2.4347343065320897,0.39269908169872414,-8.968444755267004,0,-9.435547279443671,rare_mutant_rejected
5,1.5707963267948966,0.0,1.2566370614359172,2.4347343065320897,0.47123889803846897,-8.905175168977593,0,-9.360585750247292,rare_mutant_rejected
5,1.5707963267948966,0.0,1.2566370614359172,2.4347343065320897,0.5497787143782138,-8.841089051129124,0,-9.285624221050913,rare_mutant_rejected
5,1.5707963267948966,0.0,1.2566370614359172,2.4347343065320897,0.6283185307179586,-8.77777062126903,0,-9.2125084934864,rare_mutant_rejected
5,1.5707963267948966,0.0,1.2566370614359172,2.4347343065320897,0.7068583470577035,-8.7167998917452,0,-9.14303891942358,rare_mutant_rejected
5,1.5707963267948966,0.0,1.2566370614359172,2.4347343065320897,0.7853981633974483,-8.659711749586435,0,-9.078926070332178,rare_mutant_rejected
5,1.5707963267948966,0.0,1.2566370614359172,2.4347343065320897,0.8639379797371931,-8.607954891968511,0,-9.02174861733517,rare_mutant_rejected
5,1.5707963267948966,0.0,1.2566370614359172,2.4347343065320897,0.9424777960769379,-8.56285194280386,0,-8.972914459086432,rare_mutant_rejected
5,1.5707963267948966,0.0,1.2566370614359172,2.4347343065320897,1.0210176124166828,-8.52556214536144,0,-8.933626054633322,rare_mutant_rejected
5,1.5707963267948966,0.0,1.2566370614359172,2.4347343065320897,1.0995574287564276,-8.497048018317663,0,-8.90485081488422,rare_mutant_rejected
5,1.5707963267948966,0.0,1.2566370614359172,2.4347343065320897,1.1780972450961724,-8.478047274045178,0,-8.887297281741294,rare_mutant_rejected
5,1.5707963267948966,0.0,1.2566370614359172,2.4347343065320897,1.2566370614359172,-8.469051128865893,0,-8.881397681447355,rare_mutant_rejected
5,1.5707963267948966,0.0,1.2566370614359172,2.4347343065320897,1.335176877775662,-8.470289893139672,0,-8.887297281741294,rare_mutant_rejected
5,1.5707963267948966,0.0,1.2566370614359172,2.4347343065320897,1.413716694115407,-8.481726428787326,0,-8.90485081488422,rare_mutant_rejected
5,1.5707963267948966,0.0,1.2566370614359172,2.4347343065320897,1.4922565104551517,-8.503057722953823,0,-8.933626054633322,rare_mutant_rejected
5,1.5707963267948966,0.0,1.2566370614359172,2.4347343065320897,1.5707963267948966,-8.53372447241932,0,-8.97291445908643,rare_mutant_rejected
5,1.5707963267948966,0.0,1.2566370614359172,2.5132741228718345,0.0,-9.289934613606905,0,-9.817627457812106,rare_mutant_rejected
5,1.5707963267948966,0.0,1.2566370614359172,2.5132741228718345,0.07853981633974483,-9.259764318479585,0,-9.778701220174886,rare_mutant_rejected
5,1.5707963267948966,0.0,1.2566370614359172,2.5132741228718345,0.15707963267948966,-9.223607553551568,0,-9.733124451726953,rare_mutant_rejected
5,1.5707963267948966,0.0,1.2566370614359172,2.5132741228718345,0.23561944901923448,-9.182324013284196,0,-9.682019403768116,rare_mutant_rejected
5,1.5707963267948966,0.0,1.2566370614359172,2.5132741228718345,0.3141592653589793,-9.136902333089308,0,-9.626644452187055,rare_mutant_rejected
5,1.5707963267948966,0.0,1.2566370614359172,2.5132741228718345,0.39269908169872414,-9.088438475122606,0,-9.568363112070621,rare_mutant_rejected
5,1.5707963267948966,0.0,1.2566370614359172,2.5132741228718345,0.47123889803846897,-9.03811094964179,0,-9.50861046343716,rare_mutant_rejected
5,1.5707963267948966,0.0,1.2566370614359172,2.5132741228718345,0.5497787143782138,-8.98715326423145,0,-9.448857814803699,rare_mutant_rejected
5,1.5707963267948966,0.0,1.2566370614359172,2.5132741228718345,0.6283185307179586,-8.936824132035877,0,-9.390576474687265,rare_mutant_rejected
5,1.5707963267948966,0.0,1.2566370614359172,2.5132741228718345,0.7068583470577035,-8.888376111084323,0,-9.335201523106203,rare_mutant_rejected
5,1.5707963267948966,0.0,1.2566370614359172,2.5132741228718345,0.7853981633974483,-8.84302347820508,0,-9.284096475147367,rare_mutant_rejected
5,1.5707963267948966,0.0,1.2566370614359172,2.5132741228718345,0.8639379797371931,-8.80191025059943,0,-9.238519706699433,rare_mutant_rejected
5,1.5707963267948966,0.0,1.2566370614359172,2.5132741228718345,0.9424777960769379,-8.766079344096623,0,-9.199593469062211,rare_mutant_rejected
5,1.5707963267948966,0.0,1.2566370614359172,2.5132741228718345,1.0210176124166828,-8.736443889390836,0,-9.168276255395108,rare_mutant_rejected
5,1.5707963267948966,0.0,1.2566370614359172,2.5132741228718345,1.0995574287564276,-8.713761708998474,0,-9.145339199434478,rare_mutant_rejected
5,1.5707963267948966,0.0,1.2566370614359172,2.5132741228718345,1.1780972450961724,-8.698613884875344,0,-9.1313470876218,rare_mutant_rejected
5,1.5707963267948966,0.0,1.2566370614359172,2.5132741228718345,1.2566370614359172,-8.69138822054663,0,-9.126644452187055,rare_mutant_rejected
5,1.5707963267948966,0.0,1.2566370614359172,2.5132741228718345,1.335176877775662,-8.692268227655363,0,-9.1313470876218,rare_mutant_rejected
5,1.5707963267948966,0.0,1.2566370614359172,2.5132741228718345,1.413716694115407,-8.701228054608386,0,-9.14533919943448,rare_mutant_rejected
5,1.5707963267948966,0.0,1.2566370614359172,2.5132741228718345,1.4922565104551517,-8.71803353745903,0,-9.168276255395108,rare_mutant_rejected
5,1.5707963267948966,0.0,1.2566370614359172,2.5132741228718345,1.5707963267948966,-8.742249305524942,0,-9.199593469062211,rare_mutant_rejected
5,1.5707963267948966,0.0,1.2566370614359172,2.5918139392115793,0.0,-9.351331198204743,0,-9.87987994541787,rare_mutant_rejected
5,1.5707963267948966,0.0,1.2566370614359172,2.5918139392115793,0.07853981633974483,-9.328076202730388,0,-9.849845000885704,rare_mutant_rejected
5,1.5707963267948966,0.0,1.2566370614359172,2.5918139392115793,0.15707963267948966,-9.3002042554428,0,-9.814678599112007,rare_mutant_rejected
5,1.5707963267948966,0.0,1.2566370614359172,2.5918139392115793,0.23561944901923448,-9.2683834348639,0,-9.775246653619039,rare_mutant_rejected
5,1.5707963267948966,0.0,1.2566370614359172,2.5918139392115793,0.3141592653589793,-9.23338066943816,0,-9.732520109771961,rare_mutant_rejected
5,1.5707963267948966,0.0,1.2566370614359172,2.5918139392115793,0.39269908169872414,-9.19604447778335,0,-9.687551036881558,rare_mutant_rejected
5,1.5707963267948966,0.0,1.2566370614359172,2.5918139392115793,0.47123889803846897,-9.157285387360478,0,-9.641446722766192,rare_mutant_rejected
5,1.5707963267948966,0.0,1.2566370614359172,2.5918139392115793,0.5497787143782138,-9.118054384490964,0,-9.595342408650824,rare_mutant_rejected
5,1.5707963267948966,0.0,1.2566370614359172,2.5918139392115793,0.6283185307179586,-9.079319839538481,0,-9.550373335760423,rare_mutant_rejected
5,1.5707963267948966,0.0,1.2566370614359172,2.5918139392115793,0.7068583470577035,-9.042043439886328,0,-9.507646791913345,rare_mutant_rejected
5,1.5707963267948966,0.0,1.2566370614359172,2.5918139392115793,0.7853981633974483,-9.007155742977877,0,-9.468214846420377,rare_mutant_rejected
5,1.5707963267948966,0.0,1.2566370614359172,2.5918139392115793,0.8639379797371931,-8.975532024787846,0,-9.433048444646678,rare_mutant_rejected
5,1.5707963267948966,0.0,1.2566370614359172,2.5918139392115793,0.9424777960769379,-8.947969138745007,0,-9.403013500114515,rare_mutant_rejected
5,1.5707963267948966,0.0,1.2566370614359172,2.5918139392115793,1.0210176124166828,-8.92516411058537,0,-9.378849572838533,rare_mutant_rejected
5,1.5707963267948966,0.0,1.2566370614359172,2.5918139392115793,1.0995574287564276,-8.907695171942887,0,-9.361151658903744,rare_mutant_rejected
5,1.5707963267948966,0.0,1.2566370614359172,2.5918139392115793,1.1780972450961724,-8.896005878062464,0,-9.350355539687234,rare_mutant_rejected
5,1.5707963267948966,0.0,1.2566370614359172,2.5918139392115793,1.2566370614359172,-8.890392863842859,0,-9.346727051474376,rare_mutant_rejected
5,1.5707963267948966,0.0,1.2566370614359172,2.5918139392115793,1.335176877775662,-8.89099767114903,0,-9.350355539687234,rare_mutant_rejected
5,1.5707963267948966,0.0,1.2566370614359172,2.5918139392115793,1.413716694115407,-8.897802935092919,0,-9.361151658903744,rare_mutant_rejected
5,1.5707963267948966,0.0,1.2566370614359172,2.5918139392115793,1.4922565104551517,-8.910633055878144,0,-9.378849572838533,rare_mutant_rejected
5,1.5707963267948966,0.0,1.2566370614359172,2.5918139392115793,1.5707963267948966,-8.929159315266578,0,-9.403013500114515,rare_mutant_rejected
5,1.5707963267948966,0.0,1.2566370614359172,2.670353755551324,0.0,-9.405360643708164,0,-9.934630696938296,rare_mutant_rejected
5,1.5707963267948966,0.0,1.2566370614359172,2.670353755551324,0.07853981633974483,-9.388175883176395,0,-9.912415600226078,rare_mutant_rejected
5,1.5707963267948966,0.0,1.2566370614359172,2.670353755551324,0.15707963267948966,-9.367577617334735,0,-9.886405063879431,rare_mutant_rejected
5,1.5707963267948966,0.0,1.2566370614359172,2.670353755551324,0.23561944901923448,-9.344063075164293,0,-9.857239553627231,rare_mutant_rejected
5,1.5707963267948966,0.0,1.2566370614359172,2.670353755551324,0.3141592653589793,-9.31820218099875,0,-9.825637221126662,rare_mutant_rejected
5,1.5707963267948966,0.0,1.2566370614359172,2.670353755551324,0.39269908169872414,-9.290624409711238,0,-9.79237622068602,rare_mutant_rejected
5,1.5707963267948966,0.0,1.2566370614359172,2.670353755551324,0.47123889803846897,-9.262004003628615,0,-9.758275548523084,rare_mutant_rejected
5,1.5707963267948966,0.0,1.2566370614359172,2.670353755551324,0.5497787143782138,-9.233043844703941,0,-9.724174876360149,rare_mutant_rejected
5,1.5707963267948966,0.0,1.2566370614359172,2.670353755551324,0.6283185307179586,-9.204458331983773,0,-9.690913875919506,rare_mutant_rejected
5,1.5707963267948966,0.0,1.2566370614359172,2.670353755551324,0.7068583470577035,-9.176955667046036,0,-9.659311543418937,rare_mutant_rejected
5,1.5707963267948966,0.0,1.2566370614359172,2.670353755551324,0.7853981633974483,-9.151219994847711,0,-9.630146033166737,rare_mutant_rejected
5,1.5707963267948966,0.0,1.2566370614359172,2.670353755551324,0.8639379797371931,-9.12789388025406,0,-9.60413549682009,rare_mutant_rejected
5,1.5707963267948966,0.0,1.2566370614359172,2.670353755551324,0.9424777960769379,-9.107561617709695,0,-9.581920400107874,rare_mutant_rejected
5,1.5707963267948966,0.0,1.2566370614359172,2.670353755551324,1.0210176124166828,-9.090733870069824,0,-9.564047752438823,rare_mutant_rejected
5,1.5707963267948966,0.0,1.2566370614359172,2.670353755551324,1.0995574287564276,-9.077834110617548,0,-9.550957637714463,rare_mutant_rejected
5,1.5707963267948966,0.0,1.2566370614359172,2.670353755551324,1.1780972450961724,-9.069187299154542,0,-9.54297237800291,rare_mutant_rejected
5,1.5707963267948966,0.0,1.2566370614359172,2.670353755551324,1.2566370614359172,-9.065011159641632,0,-9.54028859689982,rare_mutant_rejected
5,1.5707963267948966,0.0,1.2566370614359172,2.670353755551324,1.335176877775662,-9.065410345537181,0,-9.54297237800291,rare_mutant_rejected
5,1.5707963267948966,0.0,1.2566370614359172,2.670353755551324,1.413716694115407,-9.07037368344076,0,-9.550957637714461,rare_mutant_rejected
5,1.5707963267948966,0.0,1.2566370614359172,2.670353755551324,1.4922565104551517,-9.079774580693527,0,-9.564047752438821,rare_mutant_rejected
5,1.5707963267948966,0.0,1.2566370614359172,2.670353755551324,1.5707963267948966,-9.093374573734291,0,-9.581920400107874,rare_mutant_rejected
5,1.5707963267948966,0.0,1.2566370614359172,2.748893571891069,0.0,-9.451677492710491,0,-9.981542155783785,rare_mutant_rejected
5,1.5707963267948966,0.0,1.2566370614359172,2.748893571891069,0.07853981633974483,-9.439685084029026,0,-9.966027249644235,rare_mutant_rejected
5,1.5707963267948966,0.0,1.2566370614359172,2.748893571891069,0.15707963267948966,-9.425309531014154,0,-9.947861628522466,rare_mutant_rejected
5,1.5707963267948966,0.0,1.2566370614359172,2.748893571891069,0.23561944901923448,-9.408899945066814,0,-9.927492590298733,rare_mutant_rejected
5,1.5707963267948966,0.0,1.2566370614359172,2.748893571891069,0.3141592653589793,-9.390855956151817,0,-9.905421688295073,rare_mutant_rejected
5,1.5707963267948966,0.0,1.2566370614359172,2.748893571891069,0.39269908169872414,-9.37161830594954,0,-9.882192381367934,rare_mutant_rejected
5,1.5707963267948966,0.0,1.2566370614359172,2.748893571891069,0.47123889803846897,-9.351658344439299,0,-9.858376652147516,rare_mutant_rejected
5,1.5707963267948966,0.0,1.2566370614359172,2.748893571891069,0.5497787143782138,-9.331466654259678,0,-9.834560922927098,rare_mutant_rejected
5,1.5707963267948966,0.0,1.2566370614359172,2.748893571891069,0.6283185307179586,-9.311541060157577,0,-9.811331615999961,rare_mutant_rejected
5,1.5707963267948966,0.0,1.2566370614359172,2.748893571891069,0.7068583470577035,-9.292374309749047,0,-9.789260713996299,rare_mutant_rejected
5,1.5707963267948966,0.0,1.2566370614359172,2.748893571891069,0.7853981633974483,-9.27444173462483,0,-9.768891675772569,rare_mutant_rejected
5,1.5707963267948966,0.0,1.2566370614359172,2.748893571891069,0.8639379797371931,-9.258189215540703,0,-9.750726054650798,rare_mutant_rejected
5,1.5707963267948966,0.0,1.2566370614359172,2.748893571891069,0.9424777960769379,-9.244021780269316,0,-9.735211148511247,rare_mutant_rejected
5,1.5707963267948966,0.0,1.2566370614359172,2.748893571891069,1.0210176124166828,-9.23229315630622,0,-9.722728985834092,rare_mutant_rejected
5,1.5707963267948966,0.0,1.2566370614359172,2.748893571891069,1.0995574287564276,-9.223296582245355,0,-9.713586918890368,rare_mutant_rejected
5,1.5707963267948966,0.0,1.2566370614359172,2.748893571891069,1.1780972450961724,-9.217257151189127,0,-9.70801005570901,rare_mutant_rejected
5,1.5707963267948966,0.0,1.2566370614359172,2.748893571891069,1.2566370614359172,-9.214325917709743,0,-9.70613571717009,rare_mutant_rejected
5,1.5707963267948966,0.0,1.2566370614359172,2.748893571891069,1.335176877775662,-9.214575948056478,0,-9.70801005570901,rare_mutant_rejected
5,1.5707963267948966,0.0,1.2566370614359172,2.748893571891069,1.413716694115407,-9.218000433609802,0,-9.713586918890368,rare_mutant_rejected
5,1.5707963267948966,0.0,1.2566370614359172,2.748893571891069,1.4922565104551517,-9.2245129226655,0,-9.722728985834092,rare_mutant_rejected
5,1.5707963267948966,0.0,1.2566370614359172,2.748893571891069,1.5707963267948966,-9.233949658496611,0,-9.735211148511247,rare_mutant_rejected
5,1.5707963267948966,0.0,1.2566370614359172,2.827433388230814,0.0,-9.489985174259996,0,-10.020325097210922,rare_mutant_rejected
5,1.5707963267948966,0.0,1.2566370614359172,2.827433388230814,0.07853981633974483,-9.482279330397521,0,-10.010349415493833,rare_mutant_rejected
5,1.5707963267948966,0.0,1.2566370614359172,2.827433388230814,0.15707963267948966,-9.473041628194009,0,-9.998669392883704,rare_mutant_rejected
5,1.5707963267948966,0.0,1.2566370614359172,2.827433388230814,0.23561944901923448,-9.462497520284186,0,-9.985572630300968,rare_mutant_rejected
5,1.5707963267948966,0.0,1.2566370614359172,2.827433388230814,0.3141592653589793,-9.450904807184314,0,-9.971381613506075,rare_mutant_rejected
5,1.5707963267948966,0.0,1.2566370614359172,2.827433388230814,0.39269908169872414,-9.438547468528503,0,-9.956445772429799,rare_mutant_rejected
5,1.5707963267948966,0.0,1.2566370614359172,2.827433388230814,0.47123889803846897,-9.425728814717818,0,-9.941132877048652,rare_mutant_rejected
5,1.5707963267948966,0.0,1.2566370614359172,2.827433388230814,0.5497787143782138,-9.412764113469374,0,-9.925819981667507,rare_mutant_rejected
5,1.5707963267948966,0.0,1.2566370614359172,2.827433388230814,0.6283185307179586,-9.39997286345944,0,-9.91088414059123,rare_mutant_rejected
5,1.5707963267948966,0.0,1.2566370614359172,2.827433388230814,0.7068583470577035,-9.387670901651122,0,-9.896693123796338,rare_mutant_rejected
5,1.5707963267948966,0.0,1.2566370614359172,2.827433388230814,0.7853981633974483,-9.376162541074097,0,-9.883596361213602,rare_mutant_rejected
5,1.5707963267948966,0.0,1.2566370614359172,2.827433388230814,0.8639379797371931,-9.36573294093554,0,-9.871916338603473,rare_mutant_rejected
5,1.5707963267948966,0.0,1.2566370614359172,2.827433388230814,0.9424777960769379,-9.356640910284357,0,-9.861940656886384,rare_mutant_rejected
5,1.5707963267948966,0.0,1.2566370614359172,2.827433388230814,1.0210176124166828,-9.349112339539278,0,-9.853914950453602,rare_mutant_rejected
5,1.5707963267948966,0.0,1.2566370614359172,2.827433388230814,1.0995574287564276,-9.34333444081911,0,-9.848036838833293,rare_mutant_rejected
5,1.5707963267948966,0.0,1.2566370614359172,2.827433388230814,1.1780972450961724,-9.339450958297238,0,-9.844451060641884,rare_mutant_rejected
5,1.5707963267948966,0.0,1.2566370614359172,2.827433388230814,1.2566370614359172,-9.33755848420304,0,-9.84324590963896,rare_mutant_rejected
5,1.5707963267948966,0.0,1.2566370614359172,2.827433388230814,1.335176877775662,-9.337703985405064,0,-9.844451060641884,rare_mutant_rejected
5,1.5707963267948966,0.0,1.2566370614359172,2.827433388230814,1.413716694115407,-9.33988361083118,0,-9.848036838833293,rare_mutant_rejected
5,1.5707963267948966,0.0,1.2566370614359172,2.827433388230814,1.4922565104551517,-9.344042812644098,0,-9.853914950453602,rare_mutant_rejected
5,1.5707963267948966,0.0,1.2566370614359172,2.827433388230814,1.5707963267948966,-9.35007777559154,0,-9.861940656886384,rare_mutant_rejected
5,1.5707963267948966,0.0,1.2566370614359172,2.9059732045705586,0.0,-9.520038103474745,0,-10.050740411489162,rare_mutant_rejected
5,1.5707963267948966,0.0,1.2566370614359172,2.9059732045705586,0.07853981633974483,-9.515690118638785,0,-10.045108836883792,rare_mutant_rejected
5,1.5707963267948966,0.0,1.2566370614359172,2.9059732045705586,0.15707963267948966,-9.510477549034672,0,-10.038515110200564,rare_mutant_rejected
5,1.5707963267948966,0.0,1.2566370614359172,2.9059732045705586,0.23561944901923448,-9.504528104757105,0,-10.031121590873742,rare_mutant_rejected
5,1.5707963267948966,0.0,1.2566370614359172,2.9059732045705586,0.3141592653589793,-9.49798769762567,0,-10.023110331886839,rare_mutant_rejected
5,1.5707963267948966,0.0,1.2566370614359172,2.9059732045705586,0.39269908169872414,-9.491016905437618,0,-10.014678597023956,rare_mutant_rejected
5,1.5707963267948966,0.0,1.2566370614359172,2.9059732045705586,0.47123889803846897,-9.48378706391681,0,-10.006034003580737,rare_mutant_rejected
5,1.5707963267948966,0.0,1.2566370614359172,2.9059732045705586,0.5497787143782138,-9.476476078089032,0,-9.99738941013752,rare_mutant_rejected
5,1.5707963267948966,0.0,1.2566370614359172,2.9059732045705586,0.6283185307179586,-9.469264053251631,0,-9.988957675274637,rare_mutant_rejected
5,1.5707963267948966,0.0,1.2566370614359172,2.9059732045705586,0.7068583470577035,-9.462328851969925,0,-9.980946416287733,rare_mutant_rejected
5,1.5707963267948966,0.0,1.2566370614359172,2.9059732045705586,0.7853981633974483,-9.455841687291873,0,-9.973552896960912,rare_mutant_rejected
5,1.5707963267948966,0.0,1.2566370614359172,2.9059732045705586,0.8639379797371931,-9.449962863344,0,-9.966959170277685,rare_mutant_rejected
5,1.5707963267948966,0.0,1.2566370614359172,2.9059732045705586,0.9424777960769379,-9.444837772448656,0,-9.961327595672314,rare_mutant_rejected
5,1.5707963267948966,0.0,1.2566370614359172,2.9059732045705586,1.0210176124166828,-9.440593252776422,0,-9.95679684120171,rare_mutant_rejected
5,1.5707963267948966,0.0,1.2566370614359172,2.9059732045705586,1.0995574287564276,-9.437334402326718,0,-9.95347846907765,rare_mutant_rejected
5,1.5707963267948966,0.0,1.2566370614359172,2.9059732045705586,1.1780972450961724,-9.43514193385056,0,-9.951454188634877,rare_mutant_rejected
5,1.5707963267948966,0.0,1.2566370614359172,2.9059732045705586,1.2566370614359172,-9.434070141461042,0,-9.95077384437609,rare_mutant_rejected
5,1.5707963267948966,0.0,1.2566370614359172,2.9059732045705586,1.335176877775662,-9.434145533513858,0,-9.951454188634877,rare_mutant_rejected
5,1.5707963267948966,0.0,1.2566370614359172,2.9059732045705586,1.413716694115407,-9.435366168388308,0,-9.953478469077652,rare_mutant_rejected
5,1.5707963267948966,0.0,1.2566370614359172,2.9059732045705586,1.4922565104551517,-9.437701710652824,0,-9.95679684120171,rare_mutant_rejected
5,1.5707963267948966,0.0,1.2566370614359172,2.9059732045705586,1.5707963267948966,-9.441094205410842,0,-9.961327595672314,rare_mutant_rejected
5,1.5707963267948966,0.0,1.2566370614359172,2.9845130209103035,0.0,-9.541643427244441,0,-10.07260057809187,rare_mutant_rejected
5,1.5707963267948966,0.0,1.2566370614359172,2.9845130209103035,0.07853981633974483,-9.539706716828237,0,-10.070091210422564,rare_mutant_rejected
5,1.5707963267948966,0.0,1.2566370614359172,2.9845130209103035,0.15707963267948966,-9.537384819667002,0,-10.067153118375742,rare_mutant_rejected
5,1.5707963267948966,0.0,1.2566370614359172,2.9845130209103035,0.23561944901923448,-9.534734781368574,0,-10.063858647528564,rare_mutant_rejected
5,1.5707963267948966,0.0,1.2566370614359172,2.9845130209103035,0.3141592653589793,-9.531821738882257,0,-10.060288918687007,rare_mutant_rejected
5,1.5707963267948966,0.0,1.2566370614359172,2.9845130209103035,0.39269908169872414,-9.528717327944625,0,-10.056531830422404,rare_mutant_rejected
5,1.5707963267948966,0.0,1.2566370614359172,2.9845130209103035,0.47123889803846897,-9.525497928279227,0,-10.05267989471689,rare_mutant_rejected
5,1.5707963267948966,0.0,1.2566370614359172,2.9845130209103035,0.5497787143782138,-9.522242788867107,0,-10.048827959011376,rare_mutant_rejected
5,1.5707963267948966,0.0,1.2566370614359172,2.9845130209103035,0.6283185307179586,-9.51903207886254,0,-10.045070870746773,rare_mutant_rejected
5,1.5707963267948966,0.0,1.2566370614359172,2.9845130209103035,0.7068583470577035,-9.51594491192174,0,-10.041501141905218,rare_mutant_rejected
5,1.5707963267948966,0.0,1.2566370614359172,2.9845130209103035,0.7853981633974483,-9.513057392751412,0,-10.038206671058038,rare_mutant_rejected
5,1.5707963267948966,0.0,1.2566370614359172,2.9845130209103035,0.8639379797371931,-9.510440734506322,0,-10.035268579011216,rare_mutant_rejected
5,1.5707963267948966,0.0,1.2566370614359172,2.9845130209103035,0.9424777960769379,-9.508159494238178,0,-10.032759211341912,rare_mutant_rejected
5,1.5707963267948966,0.0,1.2566370614359172,2.9845130209103035,1.0210176124166828,-9.506269970926382,0,-10.030740357010256,rare_mutant_rejected
5,1.5707963267948966,0.0,1.2566370614359172,2.9845130209103035,1.0995574287564276,-9.504818806747021,0,-10.02926172691009,rare_mutant_rejected
5,1.5707963267948966,0.0,1.2566370614359172,2.9845130209103035,1.1780972450961724,-9.503841827242553,0,-10.02835972982177,rare_mutant_rejected
5,1.5707963267948966,0.0,1.2566370614359172,2.9845130209103035,1.2566370614359172,-9.503363150062887,0,-10.028056575907167,rare_mutant_rejected
5,1.5707963267948966,0.0,1.2566370614359172,2.9845130209103035,1.335176877775662,-9.503394585117018,0,-10.02835972982177,rare_mutant_rejected
5,1.5707963267948966,0.0,1.2566370614359172,2.9845130209103035,1.413716694115407,-9.503935341492822,0,-10.02926172691009,rare_mutant_rejected
5,1.5707963267948966,0.0,1.2566370614359172,2.9845130209103035,1.4922565104551517,-9.504972048585271,0,-10.030740357010256,rare_mutant_rejected
5,1.5707963267948966,0.0,1.2566370614359172,2.9845130209103035,1.5707963267948966,-9.506479090750613,0,-10.032759211341912,rare_mutant_rejected
5,1.5707963267948966,0.0,1.2566370614359172,3.0630528372500483,0.0,-9.554662399553894,0,-10.085770821822692,rare_mutant_rejected
5,1.5707963267948966,0.0,1.2566370614359172,3.0630528372500483,0.07853981633974483,-9.554177580685977,0,-10.085142511469801,rare_mutant_rejected
5,1.5707963267948966,0.0,1.2566370614359172,3.0630528372500483,0.15707963267948966,-9.55359632594229,0,-10.084406854565733,rare_mutant_rejected
5,1.5707963267948966,0.0,1.2566370614359172,3.0630528372500483,0.23561944901923448,-9.55293293976867,0,-10.083581965424976,rare_mutant_rejected
5,1.5707963267948966,0.0,1.2566370614359172,3.0630528372500483,0.3141592653589793,-9.552203749675758,0,-10.08268815555582,rare_mutant_rejected
5,1.5707963267948966,0.0,1.2566370614359172,3.0630528372500483,0.39269908169872414,-9.551426704911993,0,-10.081747433523631,rare_mutant_rejected
5,1.5707963267948966,0.0,1.2566370614359172,3.0630528372500483,0.47123889803846897,-9.550620935064446,0,-10.08078296302692,rare_mutant_rejected
5,1.5707963267948966,0.0,1.2566370614359172,3.0630528372500483,0.5497787143782138,-9.549806279400235,0,-10.079818492530208,rare_mutant_rejected
5,1.5707963267948966,0.0,1.2566370614359172,3.0630528372500483,0.6283185307179586,-9.549002798501014,0,-10.078877770498021,rare_mutant_rejected
5,1.5707963267948966,0.0,1.2566370614359172,3.0630528372500483,0.7068583470577035,-9.54823028020164,0,-10.077983960628865,rare_mutant_rejected
5,1.5707963267948966,0.0,1.2566370614359172,3.0630528372500483,0.7853981633974483,-9.547507752008544,0,-10.077159071488106,rare_mutant_rejected
5,1.5707963267948966,0.0,1.2566370614359172,3.0630528372500483,0.8639379797371931,-9.546853012036932,0,-10.07642341458404,rare_mutant_rejected
5,1.5707963267948966,0.0,1.2566370614359172,3.0630528372500483,0.9424777960769379,-9.546282190069734,0,-10.075795104231148,rare_mutant_rejected
5,1.5707963267948966,0.0,1.2566370614359172,3.0630528372500483,1.0210176124166828,-9.545809349614299,0,-10.075289611515563,rare_mutant_rejected
5,1.5707963267948966,0.0,1.2566370614359172,3.0630528372500483,1.0995574287564276,-9.54544614083134,0,-10.074919383345577,rare_mutant_rejected
5,1.5707963267948966,0.0,1.2566370614359172,3.0630528372500483,1.1780972450961724,-9.545201512958627,0,-10.07469353596745,rare_mutant_rejected
5,1.5707963267948966,0.0,1.2566370614359172,3.0630528372500483,1.2566370614359172,-9.54508149338007,0,-10.074617630493176,rare_mutant_rejected
5,1.5707963267948966,0.0,1.2566370614359172,3.0630528372500483,1.335176877775662,-9.545089038836185,0,-10.07469353596745,rare_mutant_rejected
5,1.5707963267948966,0.0,1.2566370614359172,3.0630528372500483,1.413716694115407,-9.545223962476378,0,-10.074919383345577,rare_mutant_rejected
5,1.5707963267948966,0.0,1.2566370614359172,3.0630528372500483,1.4922565104551517,-9.545482938563254,0,-10.075289611515563,rare_mutant_rejected
5,1.5707963267948966,0.0,1.2566370614359172,3.0630528372500483,1.5707963267948966,-9.545859584702999,0,-10.075795104231148,rare_mutant_rejected
5,1.5707963267948966,0.0,1.2566370614359172,3.141592653589793,0.0,-9.55901137336101,0,-10.090169943749476,rare_mutant_rejected
5,1.5707963267948966,0.0,1.2566370614359172,3.141592653589793,0.07853981633974483,-9.55901137336101,0,-10.090169943749476,rare_mutant_rejected
5,1.5707963267948966,0.0,1.2566370614359172,3.141592653589793,0.15707963267948966,-9.55901137336101,0,-10.090169943749476,rare_mutant_rejected
5,1.5707963267948966,0.0,1.2566370614359172,3.141592653589793,0.23561944901923448,-9.55901137336101,0,-10.090169943749476,rare_mutant_rejected
5,1.5707963267948966,0.0,1.2566370614359172,3.141592653589793,0.3141592653589793,-9.55901137336101,0,-10.090169943749476,rare_mutant_rejected
5,1.5707963267948966,0.0,1.2566370614359172,3.141592653589793,0.39269908169872414,-9.55901137336101,0,-10.090169943749476,rare_mutant_rejected
5,1.5707963267948966,0.0,1.2566370614359172,3.141592653589793,0.47123889803846897,-9.55901137336101,0,-10.090169943749476,rare_mutant_rejected
5,1.5707963267948966,0.0,1.2566370614359172,3.141592653589793,0.5497787143782138,-9.55901137336101,0,-10.090169943749476,rare_mutant_rejected
5,1.5707963267948966,0.0,1.2566370614359172,3.141592653589793,0.6283185307179586,-9.55901137336101,0,-10.090169943749476,rare_mutant_rejected
5,1.5707963267948966,0.0,1.2566370614359172,3.141592653589793,0.7068583470577035,-9.55901137336101,0,-10.090169943749476,rare_mutant_rejected
5,1.5707963267948966,0.0,1.2566370614359172,3.141592653589793,0.7853981633974483,-9.55901137336101,0,-10.090169943749476,rare_mutant_rejected
5,1.5707963267948966,0.0,1.2566370614359172,3.141592653589793,0.8639379797371931,-9.55901137336101,0,-10.090169943749476,rare_mutant_rejected
5,1.5707963267948966,0.0,1.2566370614359172,3.141592653589793,0.9424777960769379,-9.55901137336101,0,-10.090169943749476,rare_mutant_rejected
5,1.5707963267948966,0.0,1.2566370614359172,3.141592653589793,1.0210176124166828,-9.55901137336101,0,-10.090169943749476,rare_mutant_rejected
5,1.5707963267948966,0.0,1.2566370614359172,3.141592653589793,1.0995574287564276,-9.55901137336101,0,-10.090169943749476,rare_mutant_rejected
5,1.5707963267948966,0.0,1.2566370614359172,3.141592653589793,1.1780972450961724,-9.55901137336101,0,-10.090169943749476,rare_mutant_rejected
5,1.5707963267948966,0.0,1.2566370614359172,3.141592653589793,1.2566370614359172,-9.55901137336101,0,-10.090169943749476,rare_mutant_rejected
5,1.5707963267948966,0.0,1.2566370614359172,3.141592653589793,1.335176877775662,-9.55901137336101,0,-10.090169943749476,rare_mutant_rejected
5,1.5707963267948966,0.0,1.2566370614359172,3.141592653589793,1.413716694115407,-9.55901137336101,0,-10.090169943749476,rare_mutant_rejected
5,1.5707963267948966,0.0,1.2566370614359172,3.141592653589793,1.4922565104551517,-9.55901137336101,0,-10.090169943749476,rare_mutant_rejected
5,1.5707963267948966,0.0,1.2566370614359172,3.141592653589793,1.5707963267948966,-9.55901137336101,0,-10.090169943749476,rare_mutant_rejected
